outcome,benchmark_group,instance_name,seed,n_requests,remove_count,shots,method,fixed_vehicle_count,known_best_distance,final_distance,final_penalized_objective,reference_best_distance,final_gap_to_instance_best,gap_to_known_best,elapsed_sec,feasible,time_to_target_sec,iters_to_target
fixed_budget,pdp_100,lc101,1,53,2,16,ropke_distance_fixed_k,10,828.94,828.9368669428341,828.9368669428341,828.9368669428341,0.0,-3.7795946220431313e-06,1.6356456999999995,1,,
fixed_budget,pdp_100,lc101,1,53,2,16,qaoa,10,828.94,828.9368669428341,828.9368669428341,828.9368669428341,0.0,-3.7795946220431313e-06,1.8434687000000025,1,,
fixed_budget,pdp_100,lc101,1,53,2,16,efficient_su2,10,828.94,828.9368669428341,828.9368669428341,828.9368669428341,0.0,-3.7795946220431313e-06,1.6544606999999978,1,,
fixed_budget,pdp_100,lc101,1,53,2,16,hybrid_alns,10,828.94,828.9368669428341,828.9368669428341,828.9368669428341,0.0,-3.7795946220431313e-06,1.9646918999999983,1,,
time_to_target,pdp_100,lc101,1,,2,16,ropke_distance_fixed_k,,,,,,,,,,0.03708710000000082,0
time_to_target,pdp_100,lc101,1,,2,16,qaoa,,,,,,,,,,0.049878500000001935,0
time_to_target,pdp_100,lc101,1,,2,16,efficient_su2,,,,,,,,,,0.027099799999998453,0
time_to_target,pdp_100,lc101,1,,2,16,hybrid_alns,,,,,,,,,,0.0274245999999998,0
fixed_budget,pdp_100,lc102,1,53,2,16,ropke_distance_fixed_k,10,828.94,inf,5937514.007105411,inf,inf,inf,1.5882954999999974,0,,
fixed_budget,pdp_100,lc102,1,53,2,16,qaoa,10,828.94,inf,6239889.518777786,inf,inf,inf,1.6510640999999993,0,,
fixed_budget,pdp_100,lc102,1,53,2,16,efficient_su2,10,828.94,inf,6676637.109757008,inf,inf,inf,1.498139700000003,0,,
fixed_budget,pdp_100,lc102,1,53,2,16,hybrid_alns,10,828.94,inf,6077690.408470815,inf,inf,inf,1.6418059000000014,0,,
time_to_target,pdp_100,lc102,1,,2,16,ropke_distance_fixed_k,,,,,,,,,,0.03738899999999745,0
time_to_target,pdp_100,lc102,1,,2,16,qaoa,,,,,,,,,,0.03899430000000237,0
time_to_target,pdp_100,lc102,1,,2,16,efficient_su2,,,,,,,,,,0.03835740000000243,0
time_to_target,pdp_100,lc102,1,,2,16,hybrid_alns,,,,,,,,,,0.038379800000001296,0
fixed_budget,pdp_100,lc103,1,52,2,16,ropke_distance_fixed_k,9,1035.35,inf,4189014.37767134,inf,inf,inf,1.6867049999999963,0,,
fixed_budget,pdp_100,lc103,1,52,2,16,qaoa,9,1035.35,inf,4189014.37767134,inf,inf,inf,1.6798410999999973,0,,
fixed_budget,pdp_100,lc103,1,52,2,16,efficient_su2,9,1035.35,inf,4189014.37767134,inf,inf,inf,1.610521300000002,0,,
fixed_budget,pdp_100,lc103,1,52,2,16,hybrid_alns,9,1035.35,inf,4189013.920634365,inf,inf,inf,1.6612521999999998,0,,
time_to_target,pdp_100,lc103,1,,2,16,ropke_distance_fixed_k,,,,,,,,,,0.037440499999995325,0
time_to_target,pdp_100,lc103,1,,2,16,qaoa,,,,,,,,,,0.029397199999998236,0
time_to_target,pdp_100,lc103,1,,2,16,efficient_su2,,,,,,,,,,0.027741900000002317,0
time_to_target,pdp_100,lc103,1,,2,16,hybrid_alns,,,,,,,,,,0.03849599999999498,0
fixed_budget,pdp_100,lc104,1,53,2,16,ropke_distance_fixed_k,9,860.01,inf,1313573.8896566955,inf,inf,inf,1.8571555999999987,0,,
fixed_budget,pdp_100,lc104,1,53,2,16,qaoa,9,860.01,inf,1242511.2781311013,inf,inf,inf,1.7055466999999922,0,,
fixed_budget,pdp_100,lc104,1,53,2,16,efficient_su2,9,860.01,inf,775175.8906369966,inf,inf,inf,1.7522342000000037,0,,
fixed_budget,pdp_100,lc104,1,53,2,16,hybrid_alns,9,860.01,inf,963071.0745259717,inf,inf,inf,1.7958678999999904,0,,
time_to_target,pdp_100,lc104,1,,2,16,ropke_distance_fixed_k,,,,,,,,,,0.04000030000000265,0
time_to_target,pdp_100,lc104,1,,2,16,qaoa,,,,,,,,,,0.03028319999999951,0
time_to_target,pdp_100,lc104,1,,2,16,efficient_su2,,,,,,,,,,0.030043399999996723,0
time_to_target,pdp_100,lc104,1,,2,16,hybrid_alns,,,,,,,,,,0.030376300000000356,0
fixed_budget,pdp_100,lc105,1,53,2,16,ropke_distance_fixed_k,10,828.94,inf,14821160.912271824,inf,inf,inf,1.5871171000000004,0,,
fixed_budget,pdp_100,lc105,1,53,2,16,qaoa,10,828.94,inf,14821160.912271824,inf,inf,inf,1.4805020999999954,0,,
fixed_budget,pdp_100,lc105,1,53,2,16,efficient_su2,10,828.94,inf,14620294.655179687,inf,inf,inf,1.5241139000000032,0,,
fixed_budget,pdp_100,lc105,1,53,2,16,hybrid_alns,10,828.94,inf,14765503.240271699,inf,inf,inf,1.7296089999999964,0,,
time_to_target,pdp_100,lc105,1,,2,16,ropke_distance_fixed_k,,,,,,,,,,0.03644029999999532,0
time_to_target,pdp_100,lc105,1,,2,16,qaoa,,,,,,,,,,0.025695299999995314,0
time_to_target,pdp_100,lc105,1,,2,16,efficient_su2,,,,,,,,,,0.03563429999999812,0
time_to_target,pdp_100,lc105,1,,2,16,hybrid_alns,,,,,,,,,,0.028053400000004558,0
fixed_budget,pdp_100,lc106,1,53,2,16,ropke_distance_fixed_k,10,828.94,inf,6111834.469730037,inf,inf,inf,1.5565253999999982,0,,
fixed_budget,pdp_100,lc106,1,53,2,16,qaoa,10,828.94,inf,6033881.672801232,inf,inf,inf,1.8084671999999955,0,,
fixed_budget,pdp_100,lc106,1,53,2,16,efficient_su2,10,828.94,inf,7383035.443013458,inf,inf,inf,1.7641228999999896,0,,
fixed_budget,pdp_100,lc106,1,53,2,16,hybrid_alns,10,828.94,inf,5560280.777702701,inf,inf,inf,2.051890500000013,0,,
time_to_target,pdp_100,lc106,1,,2,16,ropke_distance_fixed_k,,,,,,,,,,0.037136899999993034,0
time_to_target,pdp_100,lc106,1,,2,16,qaoa,,,,,,,,,,0.031459200000000465,0
time_to_target,pdp_100,lc106,1,,2,16,efficient_su2,,,,,,,,,,0.028754099999986238,0
time_to_target,pdp_100,lc106,1,,2,16,hybrid_alns,,,,,,,,,,0.03646350000001064,0
fixed_budget,pdp_100,lc107,1,53,2,16,ropke_distance_fixed_k,10,828.94,inf,9356484.747017048,inf,inf,inf,1.98864429999999,0,,
fixed_budget,pdp_100,lc107,1,53,2,16,qaoa,10,828.94,inf,9469180.509682354,inf,inf,inf,1.9750410999999986,0,,
fixed_budget,pdp_100,lc107,1,53,2,16,efficient_su2,10,828.94,inf,9692792.855907686,inf,inf,inf,2.071377499999997,0,,
fixed_budget,pdp_100,lc107,1,53,2,16,hybrid_alns,10,828.94,inf,9803046.241453739,inf,inf,inf,2.2832283999999987,0,,
time_to_target,pdp_100,lc107,1,,2,16,ropke_distance_fixed_k,,,,,,,,,,0.02717169999999669,0
time_to_target,pdp_100,lc107,1,,2,16,qaoa,,,,,,,,,,0.055727899999993724,0
time_to_target,pdp_100,lc107,1,,2,16,efficient_su2,,,,,,,,,,0.027891400000001454,0
time_to_target,pdp_100,lc107,1,,2,16,hybrid_alns,,,,,,,,,,0.04242379999999457,0
fixed_budget,pdp_100,lc108,1,53,2,16,ropke_distance_fixed_k,10,826.44,inf,7207461.991647024,inf,inf,inf,1.5243291999999968,0,,
fixed_budget,pdp_100,lc108,1,53,2,16,qaoa,10,826.44,inf,7241379.46757529,inf,inf,inf,2.1582970999999986,0,,
fixed_budget,pdp_100,lc108,1,53,2,16,efficient_su2,10,826.44,inf,5807044.917143483,inf,inf,inf,1.5123185999999862,0,,
fixed_budget,pdp_100,lc108,1,53,2,16,hybrid_alns,10,826.44,inf,7241379.46757529,inf,inf,inf,1.6724066000000164,0,,
time_to_target,pdp_100,lc108,1,,2,16,ropke_distance_fixed_k,,,,,,,,,,0.027037100000001146,0
time_to_target,pdp_100,lc108,1,,2,16,qaoa,,,,,,,,,,0.036645899999996345,0
time_to_target,pdp_100,lc108,1,,2,16,efficient_su2,,,,,,,,,,0.02689110000000028,0
time_to_target,pdp_100,lc108,1,,2,16,hybrid_alns,,,,,,,,,,0.05357430000000818,0
fixed_budget,pdp_100,lc109,1,53,2,16,ropke_distance_fixed_k,9,1000.6,inf,8051793.015408758,inf,inf,inf,1.665993300000025,0,,
fixed_budget,pdp_100,lc109,1,53,2,16,qaoa,9,1000.6,inf,8213773.376106074,inf,inf,inf,1.7786108999999897,0,,
fixed_budget,pdp_100,lc109,1,53,2,16,efficient_su2,9,1000.6,inf,8213773.376106074,inf,inf,inf,1.8539097000000027,0,,
fixed_budget,pdp_100,lc109,1,53,2,16,hybrid_alns,9,1000.6,inf,8228381.479505691,inf,inf,inf,1.8004885000000002,0,,
time_to_target,pdp_100,lc109,1,,2,16,ropke_distance_fixed_k,,,,,,,,,,0.040293600000012475,0
time_to_target,pdp_100,lc109,1,,2,16,qaoa,,,,,,,,,,0.03242019999999002,0
time_to_target,pdp_100,lc109,1,,2,16,efficient_su2,,,,,,,,,,0.029804699999999684,0
time_to_target,pdp_100,lc109,1,,2,16,hybrid_alns,,,,,,,,,,0.040392800000006446,0
fixed_budget,pdp_100,lc201,1,51,2,16,ropke_distance_fixed_k,3,591.56,591.5565566715015,591.5565566715015,591.5565566715015,0.0,-5.820759514514365e-06,9.169092400000011,1,,
fixed_budget,pdp_100,lc201,1,51,2,16,qaoa,3,591.56,591.5565566715015,591.5565566715015,591.5565566715015,0.0,-5.820759514514365e-06,7.588860000000011,1,,
fixed_budget,pdp_100,lc201,1,51,2,16,efficient_su2,3,591.56,591.5565566715015,591.5565566715015,591.5565566715015,0.0,-5.820759514514365e-06,7.754089499999992,1,,
fixed_budget,pdp_100,lc201,1,51,2,16,hybrid_alns,3,591.56,591.5565566715015,591.5565566715015,591.5565566715015,0.0,-5.820759514514365e-06,7.4921652000000165,1,,
time_to_target,pdp_100,lc201,1,,2,16,ropke_distance_fixed_k,,,,,,,,,,0.16671289999999317,0
time_to_target,pdp_100,lc201,1,,2,16,qaoa,,,,,,,,,,0.14665560000000255,0
time_to_target,pdp_100,lc201,1,,2,16,efficient_su2,,,,,,,,,,0.18456729999999766,0
time_to_target,pdp_100,lc201,1,,2,16,hybrid_alns,,,,,,,,,,0.15494350000000168,0
fixed_budget,pdp_100,lc202,1,51,2,16,ropke_distance_fixed_k,3,591.56,591.5565566715015,591.5565566715015,591.5565566715015,0.0,-5.820759514514365e-06,7.722982800000011,1,,
fixed_budget,pdp_100,lc202,1,51,2,16,qaoa,3,591.56,591.5565566715015,591.5565566715015,591.5565566715015,0.0,-5.820759514514365e-06,7.599812299999996,1,,
fixed_budget,pdp_100,lc202,1,51,2,16,efficient_su2,3,591.56,591.5565566715015,591.5565566715015,591.5565566715015,0.0,-5.820759514514365e-06,7.570231199999995,1,,
fixed_budget,pdp_100,lc202,1,51,2,16,hybrid_alns,3,591.56,591.5565566715015,591.5565566715015,591.5565566715015,0.0,-5.820759514514365e-06,7.7964192000000025,1,,
time_to_target,pdp_100,lc202,1,,2,16,ropke_distance_fixed_k,,,,,,,,,,0.1554964000000041,0
time_to_target,pdp_100,lc202,1,,2,16,qaoa,,,,,,,,,,0.16310300000000666,0
time_to_target,pdp_100,lc202,1,,2,16,efficient_su2,,,,,,,,,,0.14625850000001606,0
time_to_target,pdp_100,lc202,1,,2,16,hybrid_alns,,,,,,,,,,0.20663170000000264,0
fixed_budget,pdp_100,lc203,1,51,2,16,ropke_distance_fixed_k,3,591.17,inf,10330125.295664513,inf,inf,inf,7.755346900000006,0,,
fixed_budget,pdp_100,lc203,1,51,2,16,qaoa,3,591.17,inf,9447243.841231015,inf,inf,inf,7.965569799999969,0,,
fixed_budget,pdp_100,lc203,1,51,2,16,efficient_su2,3,591.17,inf,9447243.841231015,inf,inf,inf,7.909438899999998,0,,
fixed_budget,pdp_100,lc203,1,51,2,16,hybrid_alns,3,591.17,inf,11051048.810603557,inf,inf,inf,8.506325199999992,0,,
time_to_target,pdp_100,lc203,1,,2,16,ropke_distance_fixed_k,,,,,,,,,,0.17123079999998936,0
time_to_target,pdp_100,lc203,1,,2,16,qaoa,,,,,,,,,,0.15964109999998755,0
time_to_target,pdp_100,lc203,1,,2,16,efficient_su2,,,,,,,,,,0.15682160000000067,0
time_to_target,pdp_100,lc203,1,,2,16,hybrid_alns,,,,,,,,,,0.17441300000001547,0
fixed_budget,pdp_100,lc204,1,51,2,16,ropke_distance_fixed_k,3,590.6,inf,1621053.3051326072,inf,inf,inf,8.0777377,0,,
fixed_budget,pdp_100,lc204,1,51,2,16,qaoa,3,590.6,inf,1850694.465091761,inf,inf,inf,8.916554399999995,0,,
fixed_budget,pdp_100,lc204,1,51,2,16,efficient_su2,3,590.6,inf,1850704.106332381,inf,inf,inf,8.99195530000003,0,,
fixed_budget,pdp_100,lc204,1,51,2,16,hybrid_alns,3,590.6,inf,1850703.5596416048,inf,inf,inf,8.870498200000043,0,,
time_to_target,pdp_100,lc204,1,,2,16,ropke_distance_fixed_k,,,,,,,,,,0.15673129999998991,0
time_to_target,pdp_100,lc204,1,,2,16,qaoa,,,,,,,,,,0.15447699999998576,0
time_to_target,pdp_100,lc204,1,,2,16,efficient_su2,,,,,,,,,,0.1863476999999989,0
time_to_target,pdp_100,lc204,1,,2,16,hybrid_alns,,,,,,,,,,0.22500460000003386,0
fixed_budget,pdp_100,lc205,1,51,2,16,ropke_distance_fixed_k,3,588.88,inf,59835139.29134046,inf,inf,inf,9.137999900000011,0,,
fixed_budget,pdp_100,lc205,1,51,2,16,qaoa,3,588.88,inf,75292436.48212439,inf,inf,inf,8.856808999999998,0,,
fixed_budget,pdp_100,lc205,1,51,2,16,efficient_su2,3,588.88,inf,68293588.90806511,inf,inf,inf,9.409868800000027,0,,
fixed_budget,pdp_100,lc205,1,51,2,16,hybrid_alns,3,588.88,inf,68120167.39433305,inf,inf,inf,9.121290600000009,0,,
time_to_target,pdp_100,lc205,1,,2,16,ropke_distance_fixed_k,,,,,,,,,,0.19769320000000334,0
time_to_target,pdp_100,lc205,1,,2,16,qaoa,,,,,,,,,,0.16881439999997383,0
time_to_target,pdp_100,lc205,1,,2,16,efficient_su2,,,,,,,,,,0.16249440000001414,0
time_to_target,pdp_100,lc205,1,,2,16,hybrid_alns,,,,,,,,,,0.1818395000000237,0
fixed_budget,pdp_100,lc206,1,51,2,16,ropke_distance_fixed_k,3,588.49,inf,31205381.374354612,inf,inf,inf,8.816079699999989,0,,
fixed_budget,pdp_100,lc206,1,51,2,16,qaoa,3,588.49,inf,29800555.508037865,inf,inf,inf,8.702653400000031,0,,
fixed_budget,pdp_100,lc206,1,51,2,16,efficient_su2,3,588.49,inf,23991122.070328113,inf,inf,inf,8.747761200000014,0,,
fixed_budget,pdp_100,lc206,1,51,2,16,hybrid_alns,3,588.49,inf,31447935.9381626,inf,inf,inf,8.874044200000014,0,,
time_to_target,pdp_100,lc206,1,,2,16,ropke_distance_fixed_k,,,,,,,,,,0.21306839999999738,0
time_to_target,pdp_100,lc206,1,,2,16,qaoa,,,,,,,,,,0.17046510000000126,0
time_to_target,pdp_100,lc206,1,,2,16,efficient_su2,,,,,,,,,,0.14554270000002134,0
time_to_target,pdp_100,lc206,1,,2,16,hybrid_alns,,,,,,,,,,0.17203799999998637,0
fixed_budget,pdp_100,lc207,1,51,2,16,ropke_distance_fixed_k,3,588.29,inf,18960538.524816103,inf,inf,inf,8.934978000000001,0,,
fixed_budget,pdp_100,lc207,1,51,2,16,qaoa,3,588.29,inf,14870235.560509382,inf,inf,inf,8.446986400000014,0,,
fixed_budget,pdp_100,lc207,1,51,2,16,efficient_su2,3,588.29,inf,14743719.5079618,inf,inf,inf,8.6740006,0,,
fixed_budget,pdp_100,lc207,1,51,2,16,hybrid_alns,3,588.29,inf,18500121.431446638,inf,inf,inf,9.011790500000075,0,,
time_to_target,pdp_100,lc207,1,,2,16,ropke_distance_fixed_k,,,,,,,,,,0.17531179999997448,0
time_to_target,pdp_100,lc207,1,,2,16,qaoa,,,,,,,,,,0.166752200000019,0
time_to_target,pdp_100,lc207,1,,2,16,efficient_su2,,,,,,,,,,0.15695630000004712,0
time_to_target,pdp_100,lc207,1,,2,16,hybrid_alns,,,,,,,,,,0.2055907000000161,0
fixed_budget,pdp_100,lc208,1,51,2,16,ropke_distance_fixed_k,3,588.32,inf,24651775.98989821,inf,inf,inf,8.342570799999976,0,,
fixed_budget,pdp_100,lc208,1,51,2,16,qaoa,3,588.32,inf,36868239.27122961,inf,inf,inf,8.78373350000004,0,,
fixed_budget,pdp_100,lc208,1,51,2,16,efficient_su2,3,588.32,inf,27952251.21532946,inf,inf,inf,8.919273599999997,0,,
fixed_budget,pdp_100,lc208,1,51,2,16,hybrid_alns,3,588.32,inf,25586999.787252262,inf,inf,inf,8.71022019999998,0,,
time_to_target,pdp_100,lc208,1,,2,16,ropke_distance_fixed_k,,,,,,,,,,0.17384449999997287,0
time_to_target,pdp_100,lc208,1,,2,16,qaoa,,,,,,,,,,0.18918300000007093,0
time_to_target,pdp_100,lc208,1,,2,16,efficient_su2,,,,,,,,,,0.18908859999999095,0
time_to_target,pdp_100,lc208,1,,2,16,hybrid_alns,,,,,,,,,,0.18515560000003006,0
fixed_budget,pdp_100,lr101,1,53,2,16,ropke_distance_fixed_k,19,1650.8,inf,542801.3359623472,inf,inf,inf,1.0690233999999919,0,,
fixed_budget,pdp_100,lr101,1,53,2,16,qaoa,19,1650.8,inf,452500.5215254732,inf,inf,inf,1.14033720000009,0,,
fixed_budget,pdp_100,lr101,1,53,2,16,efficient_su2,19,1650.8,inf,542801.3359623472,inf,inf,inf,1.1947152999999844,0,,
fixed_budget,pdp_100,lr101,1,53,2,16,hybrid_alns,19,1650.8,inf,568226.6635259885,inf,inf,inf,0.9910155999999688,0,,
time_to_target,pdp_100,lr101,1,,2,16,ropke_distance_fixed_k,,,,,,,,,,0.022803999999950975,0
time_to_target,pdp_100,lr101,1,,2,16,qaoa,,,,,,,,,,0.025648700000033386,0
time_to_target,pdp_100,lr101,1,,2,16,efficient_su2,,,,,,,,,,0.014669099999991886,0
time_to_target,pdp_100,lr101,1,,2,16,hybrid_alns,,,,,,,,,,0.014285900000004403,0
fixed_budget,pdp_100,lr102,1,55,2,16,ropke_distance_fixed_k,17,1487.57,inf,51098.801177267276,inf,inf,inf,1.2131137999999737,0,,
fixed_budget,pdp_100,lr102,1,55,2,16,qaoa,17,1487.57,inf,51098.801177267276,inf,inf,inf,1.2597039999999424,0,,
fixed_budget,pdp_100,lr102,1,55,2,16,efficient_su2,17,1487.57,inf,51098.801177267276,inf,inf,inf,1.2833800999999312,0,,
fixed_budget,pdp_100,lr102,1,55,2,16,hybrid_alns,17,1487.57,inf,51098.801177267276,inf,inf,inf,1.0831442000001061,0,,
time_to_target,pdp_100,lr102,1,,2,16,ropke_distance_fixed_k,,,,,,,,,,0.05615860000000339,0
time_to_target,pdp_100,lr102,1,,2,16,qaoa,,,,,,,,,,0.019950300000004972,0
time_to_target,pdp_100,lr102,1,,2,16,efficient_su2,,,,,,,,,,0.0390297000000146,0
time_to_target,pdp_100,lr102,1,,2,16,hybrid_alns,,,,,,,,,,0.017505700000015167,0
fixed_budget,pdp_100,lr103,1,52,2,16,ropke_distance_fixed_k,13,1292.68,inf,1186225.6299522049,inf,inf,inf,1.2538737999999512,0,,
fixed_budget,pdp_100,lr103,1,52,2,16,qaoa,13,1292.68,inf,1044958.147076516,inf,inf,inf,1.1898726999999099,0,,
fixed_budget,pdp_100,lr103,1,52,2,16,efficient_su2,13,1292.68,inf,1044958.147076516,inf,inf,inf,1.2957076000000143,0,,
fixed_budget,pdp_100,lr103,1,52,2,16,hybrid_alns,13,1292.68,inf,1186225.6299522049,inf,inf,inf,1.2773631000000023,0,,
time_to_target,pdp_100,lr103,1,,2,16,ropke_distance_fixed_k,,,,,,,,,,0.01922659999991083,0
time_to_target,pdp_100,lr103,1,,2,16,qaoa,,,,,,,,,,0.028695399999946858,0
time_to_target,pdp_100,lr103,1,,2,16,efficient_su2,,,,,,,,,,0.028890199999977995,0
time_to_target,pdp_100,lr103,1,,2,16,hybrid_alns,,,,,,,,,,0.0380317000000332,0
fixed_budget,pdp_100,lr104,1,52,2,16,ropke_distance_fixed_k,9,1013.39,inf,3401335.971596352,inf,inf,inf,1.9100932000000057,0,,
fixed_budget,pdp_100,lr104,1,52,2,16,qaoa,9,1013.39,inf,3805397.3065616004,inf,inf,inf,2.026332199999956,0,,
fixed_budget,pdp_100,lr104,1,52,2,16,efficient_su2,9,1013.39,inf,3805397.3065616004,inf,inf,inf,1.9914724999999862,0,,
fixed_budget,pdp_100,lr104,1,52,2,16,hybrid_alns,9,1013.39,inf,3672609.258273185,inf,inf,inf,2.0425025999999207,0,,
time_to_target,pdp_100,lr104,1,,2,16,ropke_distance_fixed_k,,,,,,,,,,0.04336640000008174,0
time_to_target,pdp_100,lr104,1,,2,16,qaoa,,,,,,,,,,0.05067420000000311,0
time_to_target,pdp_100,lr104,1,,2,16,efficient_su2,,,,,,,,,,0.03984769999999571,0
time_to_target,pdp_100,lr104,1,,2,16,hybrid_alns,,,,,,,,,,0.03073339999991731,0
fixed_budget,pdp_100,lr105,1,53,2,16,ropke_distance_fixed_k,14,1377.11,inf,1120596.103472608,inf,inf,inf,1.3573076000000128,0,,
fixed_budget,pdp_100,lr105,1,53,2,16,qaoa,14,1377.11,inf,1232221.1856514919,inf,inf,inf,1.3980181999999104,0,,
fixed_budget,pdp_100,lr105,1,53,2,16,efficient_su2,14,1377.11,inf,1059257.0538344348,inf,inf,inf,1.4871493000000555,0,,
fixed_budget,pdp_100,lr105,1,53,2,16,hybrid_alns,14,1377.11,inf,910887.0484998367,inf,inf,inf,1.2804128999999875,0,,
time_to_target,pdp_100,lr105,1,,2,16,ropke_distance_fixed_k,,,,,,,,,,0.027757199999996374,0
time_to_target,pdp_100,lr105,1,,2,16,qaoa,,,,,,,,,,0.03739949999999226,0
time_to_target,pdp_100,lr105,1,,2,16,efficient_su2,,,,,,,,,,0.019012100000054488,0
time_to_target,pdp_100,lr105,1,,2,16,hybrid_alns,,,,,,,,,,0.03021719999992456,0
fixed_budget,pdp_100,lr106,1,52,2,16,ropke_distance_fixed_k,12,1252.62,inf,1821191.1135082054,inf,inf,inf,1.2338786999999911,0,,
fixed_budget,pdp_100,lr106,1,52,2,16,qaoa,12,1252.62,inf,1753118.1211404558,inf,inf,inf,1.5163111999999046,0,,
fixed_budget,pdp_100,lr106,1,52,2,16,efficient_su2,12,1252.62,inf,1840716.895199531,inf,inf,inf,1.4302672999999686,0,,
fixed_budget,pdp_100,lr106,1,52,2,16,hybrid_alns,12,1252.62,inf,1430316.5050667746,inf,inf,inf,1.5671482999999853,0,,
time_to_target,pdp_100,lr106,1,,2,16,ropke_distance_fixed_k,,,,,,,,,,0.021362500000009277,0
time_to_target,pdp_100,lr106,1,,2,16,qaoa,,,,,,,,,,0.04789180000000215,0
time_to_target,pdp_100,lr106,1,,2,16,efficient_su2,,,,,,,,,,0.07324849999997696,0
time_to_target,pdp_100,lr106,1,,2,16,hybrid_alns,,,,,,,,,,0.020663900000045032,0
fixed_budget,pdp_100,lr107,1,52,2,16,ropke_distance_fixed_k,10,1111.31,inf,2922812.7410410736,inf,inf,inf,1.9107913999999937,0,,
fixed_budget,pdp_100,lr107,1,52,2,16,qaoa,10,1111.31,inf,2585741.935437696,inf,inf,inf,1.8825462999999445,0,,
fixed_budget,pdp_100,lr107,1,52,2,16,efficient_su2,10,1111.31,inf,2687580.675972377,inf,inf,inf,1.8576583000000255,0,,
fixed_budget,pdp_100,lr107,1,52,2,16,hybrid_alns,10,1111.31,inf,2644890.962910562,inf,inf,inf,1.920930500000054,0,,
time_to_target,pdp_100,lr107,1,,2,16,ropke_distance_fixed_k,,,,,,,,,,0.0383527999999842,0
time_to_target,pdp_100,lr107,1,,2,16,qaoa,,,,,,,,,,0.029864599999996244,0
time_to_target,pdp_100,lr107,1,,2,16,efficient_su2,,,,,,,,,,0.028812700000003133,0
time_to_target,pdp_100,lr107,1,,2,16,hybrid_alns,,,,,,,,,,0.04621380000003228,0
fixed_budget,pdp_100,lr108,1,50,2,16,ropke_distance_fixed_k,9,968.97,inf,5346327.071830343,inf,inf,inf,1.7205620999999383,0,,
fixed_budget,pdp_100,lr108,1,50,2,16,qaoa,9,968.97,inf,4131400.569087575,inf,inf,inf,1.6393278000000464,0,,
fixed_budget,pdp_100,lr108,1,50,2,16,efficient_su2,9,968.97,inf,5440953.461760121,inf,inf,inf,1.9776200000000017,0,,
fixed_budget,pdp_100,lr108,1,50,2,16,hybrid_alns,9,968.97,inf,5479645.883810852,inf,inf,inf,1.756290500000091,0,,
time_to_target,pdp_100,lr108,1,,2,16,ropke_distance_fixed_k,,,,,,,,,,0.027611799999931463,0
time_to_target,pdp_100,lr108,1,,2,16,qaoa,,,,,,,,,,0.028086199999961536,0
time_to_target,pdp_100,lr108,1,,2,16,efficient_su2,,,,,,,,,,0.03566919999991569,0
time_to_target,pdp_100,lr108,1,,2,16,hybrid_alns,,,,,,,,,,0.026588600000081897,0
fixed_budget,pdp_100,lr109,1,53,2,16,ropke_distance_fixed_k,11,1208.96,inf,2720686.2558292793,inf,inf,inf,1.5252572000000555,0,,
fixed_budget,pdp_100,lr109,1,53,2,16,qaoa,11,1208.96,inf,2720686.2558292793,inf,inf,inf,1.6360285000000658,0,,
fixed_budget,pdp_100,lr109,1,53,2,16,efficient_su2,11,1208.96,inf,2683571.715418916,inf,inf,inf,1.5156332000000248,0,,
fixed_budget,pdp_100,lr109,1,53,2,16,hybrid_alns,11,1208.96,inf,2720686.2558292793,inf,inf,inf,1.523236499999939,0,,
time_to_target,pdp_100,lr109,1,,2,16,ropke_distance_fixed_k,,,,,,,,,,0.02436950000003435,0
time_to_target,pdp_100,lr109,1,,2,16,qaoa,,,,,,,,,,0.03912600000001021,0
time_to_target,pdp_100,lr109,1,,2,16,efficient_su2,,,,,,,,,,0.030546100000037768,0
time_to_target,pdp_100,lr109,1,,2,16,hybrid_alns,,,,,,,,,,0.030858599999987746,0
fixed_budget,pdp_100,lr110,1,52,2,16,ropke_distance_fixed_k,10,1159.35,inf,5918497.797432264,inf,inf,inf,1.6444503000000168,0,,
fixed_budget,pdp_100,lr110,1,52,2,16,qaoa,10,1159.35,inf,5918497.797432264,inf,inf,inf,1.6959507000000258,0,,
fixed_budget,pdp_100,lr110,1,52,2,16,efficient_su2,10,1159.35,inf,5869201.519082828,inf,inf,inf,2.0281779999999117,0,,
fixed_budget,pdp_100,lr110,1,52,2,16,hybrid_alns,10,1159.35,inf,5371165.364088762,inf,inf,inf,1.6556689000000233,0,,
time_to_target,pdp_100,lr110,1,,2,16,ropke_distance_fixed_k,,,,,,,,,,0.034821899999997186,0
time_to_target,pdp_100,lr110,1,,2,16,qaoa,,,,,,,,,,0.035711200000037024,0
time_to_target,pdp_100,lr110,1,,2,16,efficient_su2,,,,,,,,,,0.05593579999992926,0
time_to_target,pdp_100,lr110,1,,2,16,hybrid_alns,,,,,,,,,,0.046621899999991,0
fixed_budget,pdp_100,lr111,1,54,2,16,ropke_distance_fixed_k,10,1108.9,inf,4517007.62039867,inf,inf,inf,1.7551077000000532,0,,
fixed_budget,pdp_100,lr111,1,54,2,16,qaoa,10,1108.9,inf,5047232.733506481,inf,inf,inf,1.7989711999999827,0,,
fixed_budget,pdp_100,lr111,1,54,2,16,efficient_su2,10,1108.9,inf,4272881.631409767,inf,inf,inf,1.7229169999999385,0,,
fixed_budget,pdp_100,lr111,1,54,2,16,hybrid_alns,10,1108.9,inf,4869907.585054276,inf,inf,inf,1.8652873999999429,0,,
time_to_target,pdp_100,lr111,1,,2,16,ropke_distance_fixed_k,,,,,,,,,,0.02965500000004795,0
time_to_target,pdp_100,lr111,1,,2,16,qaoa,,,,,,,,,,0.029931699999906414,0
time_to_target,pdp_100,lr111,1,,2,16,efficient_su2,,,,,,,,,,0.029829800000015894,0
time_to_target,pdp_100,lr111,1,,2,16,hybrid_alns,,,,,,,,,,0.034556800000018484,0
fixed_budget,pdp_100,lr112,1,53,2,16,ropke_distance_fixed_k,9,1003.77,inf,6770924.510368193,inf,inf,inf,1.8448086000000785,0,,
fixed_budget,pdp_100,lr112,1,53,2,16,qaoa,9,1003.77,inf,6577306.8601008905,inf,inf,inf,2.02745230000005,0,,
fixed_budget,pdp_100,lr112,1,53,2,16,efficient_su2,9,1003.77,inf,6798507.407513534,inf,inf,inf,1.9829619000000775,0,,
fixed_budget,pdp_100,lr112,1,53,2,16,hybrid_alns,9,1003.77,inf,7018840.338126926,inf,inf,inf,2.141946800000028,0,,
time_to_target,pdp_100,lr112,1,,2,16,ropke_distance_fixed_k,,,,,,,,,,0.032351100000028055,0
time_to_target,pdp_100,lr112,1,,2,16,qaoa,,,,,,,,,,0.04090599999994993,0
time_to_target,pdp_100,lr112,1,,2,16,efficient_su2,,,,,,,,,,0.032482800000025236,0
time_to_target,pdp_100,lr112,1,,2,16,hybrid_alns,,,,,,,,,,0.04050160000008418,0
fixed_budget,pdp_100,lr201,1,51,2,16,ropke_distance_fixed_k,4,1253.23,inf,1103391.079263415,inf,inf,inf,5.1284745000000385,0,,
fixed_budget,pdp_100,lr201,1,51,2,16,qaoa,4,1253.23,inf,1132432.1183307138,inf,inf,inf,5.463606099999993,0,,
fixed_budget,pdp_100,lr201,1,51,2,16,efficient_su2,4,1253.23,inf,1145469.1223547522,inf,inf,inf,5.289595599999984,0,,
fixed_budget,pdp_100,lr201,1,51,2,16,hybrid_alns,4,1253.23,inf,1145469.1223547522,inf,inf,inf,5.498912100000098,0,,
time_to_target,pdp_100,lr201,1,,2,16,ropke_distance_fixed_k,,,,,,,,,,0.10258020000003398,0
time_to_target,pdp_100,lr201,1,,2,16,qaoa,,,,,,,,,,0.09993099999996957,0
time_to_target,pdp_100,lr201,1,,2,16,efficient_su2,,,,,,,,,,0.13245200000005752,0
time_to_target,pdp_100,lr201,1,,2,16,hybrid_alns,,,,,,,,,,0.092926200000079,0
fixed_budget,pdp_100,lr202,1,50,2,16,ropke_distance_fixed_k,3,1197.67,inf,3385936.484896943,inf,inf,inf,9.601042099999972,0,,
fixed_budget,pdp_100,lr202,1,50,2,16,qaoa,3,1197.67,inf,3557989.8032983914,inf,inf,inf,8.662454699999898,0,,
fixed_budget,pdp_100,lr202,1,50,2,16,efficient_su2,3,1197.67,inf,3397653.7527269893,inf,inf,inf,8.831471800000031,0,,
fixed_budget,pdp_100,lr202,1,50,2,16,hybrid_alns,3,1197.67,inf,3264287.6330214436,inf,inf,inf,8.530009300000074,0,,
time_to_target,pdp_100,lr202,1,,2,16,ropke_distance_fixed_k,,,,,,,,,,0.2012401999999156,0
time_to_target,pdp_100,lr202,1,,2,16,qaoa,,,,,,,,,,0.17130950000000666,0
time_to_target,pdp_100,lr202,1,,2,16,efficient_su2,,,,,,,,,,0.19145709999997962,0
time_to_target,pdp_100,lr202,1,,2,16,hybrid_alns,,,,,,,,,,0.16258330000005117,0
fixed_budget,pdp_100,lr203,1,51,2,16,ropke_distance_fixed_k,3,949.4,inf,462111.580330669,inf,inf,inf,8.75269789999993,0,,
fixed_budget,pdp_100,lr203,1,51,2,16,qaoa,3,949.4,inf,262041.3940009947,inf,inf,inf,8.293802000000028,0,,
fixed_budget,pdp_100,lr203,1,51,2,16,efficient_su2,3,949.4,inf,625551.0926502435,inf,inf,inf,8.531622299999981,0,,
fixed_budget,pdp_100,lr203,1,51,2,16,hybrid_alns,3,949.4,inf,544810.8214269769,inf,inf,inf,9.182307499999979,0,,
time_to_target,pdp_100,lr203,1,,2,16,ropke_distance_fixed_k,,,,,,,,,,0.14638409999997748,0
time_to_target,pdp_100,lr203,1,,2,16,qaoa,,,,,,,,,,0.183434899999952,0
time_to_target,pdp_100,lr203,1,,2,16,efficient_su2,,,,,,,,,,0.18093290000001616,0
time_to_target,pdp_100,lr203,1,,2,16,hybrid_alns,,,,,,,,,,0.1657545000000482,0
fixed_budget,pdp_100,lr204,1,50,2,16,ropke_distance_fixed_k,2,849.05,inf,10084217.13409743,inf,inf,inf,18.335662100000036,0,,
fixed_budget,pdp_100,lr204,1,50,2,16,qaoa,2,849.05,inf,9417354.529612297,inf,inf,inf,16.568289400000026,0,,
fixed_budget,pdp_100,lr204,1,50,2,16,efficient_su2,2,849.05,inf,10022220.828945491,inf,inf,inf,16.23814219999997,0,,
fixed_budget,pdp_100,lr204,1,50,2,16,hybrid_alns,2,849.05,inf,10084217.13409743,inf,inf,inf,16.702614400000016,0,,
time_to_target,pdp_100,lr204,1,,2,16,ropke_distance_fixed_k,,,,,,,,,,0.4141852000000199,0
time_to_target,pdp_100,lr204,1,,2,16,qaoa,,,,,,,,,,0.4069229000000405,0
time_to_target,pdp_100,lr204,1,,2,16,efficient_su2,,,,,,,,,,0.36766419999992195,0
time_to_target,pdp_100,lr204,1,,2,16,hybrid_alns,,,,,,,,,,0.32802970000000187,0
fixed_budget,pdp_100,lr205,1,51,2,16,ropke_distance_fixed_k,3,1054.02,inf,7348844.076061466,inf,inf,inf,8.574886900000024,0,,
fixed_budget,pdp_100,lr205,1,51,2,16,qaoa,3,1054.02,inf,5449882.682808952,inf,inf,inf,8.41909350000003,0,,
fixed_budget,pdp_100,lr205,1,51,2,16,efficient_su2,3,1054.02,inf,2358443.5003872355,inf,inf,inf,8.175563000000011,0,,
fixed_budget,pdp_100,lr205,1,51,2,16,hybrid_alns,3,1054.02,inf,6839734.958518839,inf,inf,inf,7.8950680000000375,0,,
time_to_target,pdp_100,lr205,1,,2,16,ropke_distance_fixed_k,,,,,,,,,,0.17444580000005772,0
time_to_target,pdp_100,lr205,1,,2,16,qaoa,,,,,,,,,,0.20898720000002413,0
time_to_target,pdp_100,lr205,1,,2,16,efficient_su2,,,,,,,,,,0.18788069999982326,0
time_to_target,pdp_100,lr205,1,,2,16,hybrid_alns,,,,,,,,,,0.16471129999990808,0
fixed_budget,pdp_100,lr206,1,50,2,16,ropke_distance_fixed_k,3,931.63,inf,994438.9910646942,inf,inf,inf,8.054632200000015,0,,
fixed_budget,pdp_100,lr206,1,50,2,16,qaoa,3,931.63,inf,468144.36916593736,inf,inf,inf,8.635889800000086,0,,
fixed_budget,pdp_100,lr206,1,50,2,16,efficient_su2,3,931.63,inf,643116.152423539,inf,inf,inf,8.164023399999905,0,,
fixed_budget,pdp_100,lr206,1,50,2,16,hybrid_alns,3,931.63,inf,1323688.6546633902,inf,inf,inf,8.571916200000032,0,,
time_to_target,pdp_100,lr206,1,,2,16,ropke_distance_fixed_k,,,,,,,,,,0.16861919999996644,0
time_to_target,pdp_100,lr206,1,,2,16,qaoa,,,,,,,,,,0.16085110000017266,0
time_to_target,pdp_100,lr206,1,,2,16,efficient_su2,,,,,,,,,,0.14536819999989348,0
time_to_target,pdp_100,lr206,1,,2,16,hybrid_alns,,,,,,,,,,0.19074810000006437,0
fixed_budget,pdp_100,lr207,1,51,2,16,ropke_distance_fixed_k,2,903.06,inf,13175640.46569599,inf,inf,inf,20.48896990000003,0,,
fixed_budget,pdp_100,lr207,1,51,2,16,qaoa,2,903.06,inf,13753930.136828724,inf,inf,inf,26.256392000000005,0,,
fixed_budget,pdp_100,lr207,1,51,2,16,efficient_su2,2,903.06,inf,15869711.385718057,inf,inf,inf,26.435731700000133,0,,
fixed_budget,pdp_100,lr207,1,51,2,16,hybrid_alns,2,903.06,inf,13240326.50123385,inf,inf,inf,25.522152600000027,0,,
time_to_target,pdp_100,lr207,1,,2,16,ropke_distance_fixed_k,,,,,,,,,,0.3834472999999434,0
time_to_target,pdp_100,lr207,1,,2,16,qaoa,,,,,,,,,,0.5239037999999709,0
time_to_target,pdp_100,lr207,1,,2,16,efficient_su2,,,,,,,,,,0.5873697000001812,0
time_to_target,pdp_100,lr207,1,,2,16,hybrid_alns,,,,,,,,,,0.531564200000048,0
fixed_budget,pdp_100,lr208,1,50,2,16,ropke_distance_fixed_k,2,734.85,inf,2696017.8114301055,inf,inf,inf,24.538683600000013,0,,
fixed_budget,pdp_100,lr208,1,50,2,16,qaoa,2,734.85,inf,3158080.3329929463,inf,inf,inf,24.45245,0,,
fixed_budget,pdp_100,lr208,1,50,2,16,efficient_su2,2,734.85,inf,3377359.966944374,inf,inf,inf,23.72073350000005,0,,
fixed_budget,pdp_100,lr208,1,50,2,16,hybrid_alns,2,734.85,inf,3536800.946191743,inf,inf,inf,23.905270799999926,0,,
time_to_target,pdp_100,lr208,1,,2,16,ropke_distance_fixed_k,,,,,,,,,,0.4545189999998911,0
time_to_target,pdp_100,lr208,1,,2,16,qaoa,,,,,,,,,,0.49902720000000045,0
time_to_target,pdp_100,lr208,1,,2,16,efficient_su2,,,,,,,,,,0.486338700000033,0
time_to_target,pdp_100,lr208,1,,2,16,hybrid_alns,,,,,,,,,,0.4753576000000521,0
fixed_budget,pdp_100,lr209,1,51,2,16,ropke_distance_fixed_k,3,930.59,inf,3959317.5536353746,inf,inf,inf,12.321370900000147,0,,
fixed_budget,pdp_100,lr209,1,51,2,16,qaoa,3,930.59,inf,4211347.738319745,inf,inf,inf,12.358676999999943,0,,
fixed_budget,pdp_100,lr209,1,51,2,16,efficient_su2,3,930.59,inf,3042395.6466589635,inf,inf,inf,12.36094120000007,0,,
fixed_budget,pdp_100,lr209,1,51,2,16,hybrid_alns,3,930.59,inf,4290921.89936379,inf,inf,inf,12.299054599999863,0,,
time_to_target,pdp_100,lr209,1,,2,16,ropke_distance_fixed_k,,,,,,,,,,0.2768826000001354,0
time_to_target,pdp_100,lr209,1,,2,16,qaoa,,,,,,,,,,0.22714040000005298,0
time_to_target,pdp_100,lr209,1,,2,16,efficient_su2,,,,,,,,,,0.25615940000011506,0
time_to_target,pdp_100,lr209,1,,2,16,hybrid_alns,,,,,,,,,,0.23139789999981986,0
fixed_budget,pdp_100,lr210,1,51,2,16,ropke_distance_fixed_k,3,964.22,inf,260410.8122736809,inf,inf,inf,12.180443100000048,0,,
fixed_budget,pdp_100,lr210,1,51,2,16,qaoa,3,964.22,inf,95770.98959655952,inf,inf,inf,10.196613800000023,0,,
fixed_budget,pdp_100,lr210,1,51,2,16,efficient_su2,3,964.22,inf,260405.27524641607,inf,inf,inf,12.20173530000011,0,,
fixed_budget,pdp_100,lr210,1,51,2,16,hybrid_alns,3,964.22,inf,76997.5831675872,inf,inf,inf,12.127851299999975,0,,
time_to_target,pdp_100,lr210,1,,2,16,ropke_distance_fixed_k,,,,,,,,,,0.23224920000006932,0
time_to_target,pdp_100,lr210,1,,2,16,qaoa,,,,,,,,,,0.23010249999992993,0
time_to_target,pdp_100,lr210,1,,2,16,efficient_su2,,,,,,,,,,0.23198759999991125,0
time_to_target,pdp_100,lr210,1,,2,16,hybrid_alns,,,,,,,,,,0.2223673000000872,0
fixed_budget,pdp_100,lr211,1,50,2,16,ropke_distance_fixed_k,2,911.52,inf,12659108.717801064,inf,inf,inf,21.505038600000034,0,,
fixed_budget,pdp_100,lr211,1,50,2,16,qaoa,2,911.52,inf,14859116.11106895,inf,inf,inf,22.9304767000001,0,,
fixed_budget,pdp_100,lr211,1,50,2,16,efficient_su2,2,911.52,inf,14264601.738976799,inf,inf,inf,22.756525399999873,0,,
fixed_budget,pdp_100,lr211,1,50,2,16,hybrid_alns,2,911.52,inf,15369548.055821609,inf,inf,inf,22.951672300000155,0,,
time_to_target,pdp_100,lr211,1,,2,16,ropke_distance_fixed_k,,,,,,,,,,0.48742059999995035,0
time_to_target,pdp_100,lr211,1,,2,16,qaoa,,,,,,,,,,0.4392603000001145,0
time_to_target,pdp_100,lr211,1,,2,16,efficient_su2,,,,,,,,,,0.31930820000002313,0
time_to_target,pdp_100,lr211,1,,2,16,hybrid_alns,,,,,,,,,,0.447625300000027,0
fixed_budget,pdp_100,lrc101,1,53,2,16,ropke_distance_fixed_k,14,1708.8,inf,2682593.527675667,inf,inf,inf,1.3427822999999535,0,,
fixed_budget,pdp_100,lrc101,1,53,2,16,qaoa,14,1708.8,inf,2678483.5275871274,inf,inf,inf,1.2425705999999082,0,,
fixed_budget,pdp_100,lrc101,1,53,2,16,efficient_su2,14,1708.8,inf,2576210.8338145036,inf,inf,inf,1.2910878000000139,0,,
fixed_budget,pdp_100,lrc101,1,53,2,16,hybrid_alns,14,1708.8,inf,2562078.1136700385,inf,inf,inf,1.2076388999998926,0,,
time_to_target,pdp_100,lrc101,1,,2,16,ropke_distance_fixed_k,,,,,,,,,,0.01844200000005003,0
time_to_target,pdp_100,lrc101,1,,2,16,qaoa,,,,,,,,,,0.03453569999987849,0
time_to_target,pdp_100,lrc101,1,,2,16,efficient_su2,,,,,,,,,,0.02158559999998033,0
time_to_target,pdp_100,lrc101,1,,2,16,hybrid_alns,,,,,,,,,,0.019217900000057853,0
fixed_budget,pdp_100,lrc102,1,53,2,16,ropke_distance_fixed_k,12,1558.07,inf,2879184.9099457418,inf,inf,inf,1.2744756000001871,0,,
fixed_budget,pdp_100,lrc102,1,53,2,16,qaoa,12,1558.07,inf,2743560.4840961127,inf,inf,inf,1.3166022999998859,0,,
fixed_budget,pdp_100,lrc102,1,53,2,16,efficient_su2,12,1558.07,inf,2879184.9099457418,inf,inf,inf,1.4992853999999625,0,,
fixed_budget,pdp_100,lrc102,1,53,2,16,hybrid_alns,12,1558.07,inf,2879184.9099457418,inf,inf,inf,1.6652697999998054,0,,
time_to_target,pdp_100,lrc102,1,,2,16,ropke_distance_fixed_k,,,,,,,,,,0.031655800000180534,0
time_to_target,pdp_100,lrc102,1,,2,16,qaoa,,,,,,,,,,0.029610599999841725,0
time_to_target,pdp_100,lrc102,1,,2,16,efficient_su2,,,,,,,,,,0.026793300000008458,0
time_to_target,pdp_100,lrc102,1,,2,16,hybrid_alns,,,,,,,,,,0.02120469999999841,0
fixed_budget,pdp_100,lrc103,1,53,2,16,ropke_distance_fixed_k,11,1258.74,inf,1643796.3677759212,inf,inf,inf,2.0382462000000032,0,,
fixed_budget,pdp_100,lrc103,1,53,2,16,qaoa,11,1258.74,inf,1643796.3677759212,inf,inf,inf,2.2218654000000697,0,,
fixed_budget,pdp_100,lrc103,1,53,2,16,efficient_su2,11,1258.74,inf,1643796.3677759212,inf,inf,inf,2.1887056000000484,0,,
fixed_budget,pdp_100,lrc103,1,53,2,16,hybrid_alns,11,1258.74,inf,1643796.3677759212,inf,inf,inf,1.97358179999992,0,,
time_to_target,pdp_100,lrc103,1,,2,16,ropke_distance_fixed_k,,,,,,,,,,0.03702320000002146,0
time_to_target,pdp_100,lrc103,1,,2,16,qaoa,,,,,,,,,,0.02666100000010374,0
time_to_target,pdp_100,lrc103,1,,2,16,efficient_su2,,,,,,,,,,0.06914510000001428,0
time_to_target,pdp_100,lrc103,1,,2,16,hybrid_alns,,,,,,,,,,0.026257700000087425,0
fixed_budget,pdp_100,lrc104,1,54,2,16,ropke_distance_fixed_k,10,1128.4,inf,4282631.035685322,inf,inf,inf,1.8481415999999626,0,,
fixed_budget,pdp_100,lrc104,1,54,2,16,qaoa,10,1128.4,inf,4282631.035685322,inf,inf,inf,2.1888523000000077,0,,
fixed_budget,pdp_100,lrc104,1,54,2,16,efficient_su2,10,1128.4,inf,4282631.035685322,inf,inf,inf,2.3486457999999857,0,,
fixed_budget,pdp_100,lrc104,1,54,2,16,hybrid_alns,10,1128.4,inf,4282631.035685322,inf,inf,inf,2.283102999999983,0,,
time_to_target,pdp_100,lrc104,1,,2,16,ropke_distance_fixed_k,,,,,,,,,,0.03322440000010829,0
time_to_target,pdp_100,lrc104,1,,2,16,qaoa,,,,,,,,,,0.03806410000015603,0
time_to_target,pdp_100,lrc104,1,,2,16,efficient_su2,,,,,,,,,,0.09069250000015927,0
time_to_target,pdp_100,lrc104,1,,2,16,hybrid_alns,,,,,,,,,,0.03644979999990028,0
fixed_budget,pdp_100,lrc105,1,54,2,16,ropke_distance_fixed_k,13,1637.62,inf,2194512.4558681683,inf,inf,inf,1.5584348999998383,0,,
fixed_budget,pdp_100,lrc105,1,54,2,16,qaoa,13,1637.62,inf,2298820.6175589333,inf,inf,inf,1.7561272999998891,0,,
fixed_budget,pdp_100,lrc105,1,54,2,16,efficient_su2,13,1637.62,inf,2298820.6175589333,inf,inf,inf,1.5859891000000061,0,,
fixed_budget,pdp_100,lrc105,1,54,2,16,hybrid_alns,13,1637.62,inf,2298820.6175589333,inf,inf,inf,1.5745876999999382,0,,
time_to_target,pdp_100,lrc105,1,,2,16,ropke_distance_fixed_k,,,,,,,,,,0.022387799999933122,0
time_to_target,pdp_100,lrc105,1,,2,16,qaoa,,,,,,,,,,0.03209079999987807,0
time_to_target,pdp_100,lrc105,1,,2,16,efficient_su2,,,,,,,,,,0.030992200000127923,0
time_to_target,pdp_100,lrc105,1,,2,16,hybrid_alns,,,,,,,,,,0.022453399999903922,0
fixed_budget,pdp_100,lrc106,1,53,2,16,ropke_distance_fixed_k,11,1424.73,inf,5812969.118556934,inf,inf,inf,1.692671799999971,0,,
fixed_budget,pdp_100,lrc106,1,53,2,16,qaoa,11,1424.73,inf,6100567.422380855,inf,inf,inf,1.8351722000002155,0,,
fixed_budget,pdp_100,lrc106,1,53,2,16,efficient_su2,11,1424.73,inf,5894227.454557985,inf,inf,inf,1.8907940000001418,0,,
fixed_budget,pdp_100,lrc106,1,53,2,16,hybrid_alns,11,1424.73,inf,5907523.831635629,inf,inf,inf,1.4206328999998732,0,,
time_to_target,pdp_100,lrc106,1,,2,16,ropke_distance_fixed_k,,,,,,,,,,0.03213770000002114,0
time_to_target,pdp_100,lrc106,1,,2,16,qaoa,,,,,,,,,,0.08195070000010674,0
time_to_target,pdp_100,lrc106,1,,2,16,efficient_su2,,,,,,,,,,0.03522490000000289,0
time_to_target,pdp_100,lrc106,1,,2,16,hybrid_alns,,,,,,,,,,0.033217500000091604,0
fixed_budget,pdp_100,lrc107,1,53,2,16,ropke_distance_fixed_k,11,1230.14,inf,3866006.7055101767,inf,inf,inf,1.4791267000000516,0,,
fixed_budget,pdp_100,lrc107,1,53,2,16,qaoa,11,1230.14,inf,3598241.3539690566,inf,inf,inf,1.5944034999999985,0,,
fixed_budget,pdp_100,lrc107,1,53,2,16,efficient_su2,11,1230.14,inf,3612435.0188259,inf,inf,inf,1.3630020999999033,0,,
fixed_budget,pdp_100,lrc107,1,53,2,16,hybrid_alns,11,1230.14,inf,3863331.156767805,inf,inf,inf,1.403082300000051,0,,
time_to_target,pdp_100,lrc107,1,,2,16,ropke_distance_fixed_k,,,,,,,,,,0.03333829999996851,0
time_to_target,pdp_100,lrc107,1,,2,16,qaoa,,,,,,,,,,0.023771399999986897,0
time_to_target,pdp_100,lrc107,1,,2,16,efficient_su2,,,,,,,,,,0.03348789999995461,0
time_to_target,pdp_100,lrc107,1,,2,16,hybrid_alns,,,,,,,,,,0.03302740000003723,0
fixed_budget,pdp_100,lrc108,1,52,2,16,ropke_distance_fixed_k,10,1147.43,inf,5061510.670559917,inf,inf,inf,1.500930699999799,0,,
fixed_budget,pdp_100,lrc108,1,52,2,16,qaoa,10,1147.43,inf,5730140.363481504,inf,inf,inf,1.900471300000163,0,,
fixed_budget,pdp_100,lrc108,1,52,2,16,efficient_su2,10,1147.43,inf,6010661.222487591,inf,inf,inf,2.006784899999957,0,,
fixed_budget,pdp_100,lrc108,1,52,2,16,hybrid_alns,10,1147.43,inf,4519574.127529136,inf,inf,inf,1.8782704000000194,0,,
time_to_target,pdp_100,lrc108,1,,2,16,ropke_distance_fixed_k,,,,,,,,,,0.025771999999960826,0
time_to_target,pdp_100,lrc108,1,,2,16,qaoa,,,,,,,,,,0.03535050000004958,0
time_to_target,pdp_100,lrc108,1,,2,16,efficient_su2,,,,,,,,,,0.025990200000023833,0
time_to_target,pdp_100,lrc108,1,,2,16,hybrid_alns,,,,,,,,,,0.025204300000041258,0
fixed_budget,pdp_100,lrc201,1,51,2,16,ropke_distance_fixed_k,4,1406.94,inf,2812172.541678523,inf,inf,inf,6.447347300000047,0,,
fixed_budget,pdp_100,lrc201,1,51,2,16,qaoa,4,1406.94,inf,3329446.0167290894,inf,inf,inf,5.681606000000102,0,,
fixed_budget,pdp_100,lrc201,1,51,2,16,efficient_su2,4,1406.94,inf,4262134.816821822,inf,inf,inf,6.4951432000000295,0,,
fixed_budget,pdp_100,lrc201,1,51,2,16,hybrid_alns,4,1406.94,inf,6679929.996603023,inf,inf,inf,6.707280900000114,0,,
time_to_target,pdp_100,lrc201,1,,2,16,ropke_distance_fixed_k,,,,,,,,,,0.1626570000000811,0
time_to_target,pdp_100,lrc201,1,,2,16,qaoa,,,,,,,,,,0.16915100000005623,0
time_to_target,pdp_100,lrc201,1,,2,16,efficient_su2,,,,,,,,,,0.0916752999999062,0
time_to_target,pdp_100,lrc201,1,,2,16,hybrid_alns,,,,,,,,,,0.14287480000007236,0
fixed_budget,pdp_100,lrc202,1,51,2,16,ropke_distance_fixed_k,3,1374.27,inf,6949674.190598392,inf,inf,inf,9.047171799999887,0,,
fixed_budget,pdp_100,lrc202,1,51,2,16,qaoa,3,1374.27,inf,7476952.372056007,inf,inf,inf,8.267511299999796,0,,
fixed_budget,pdp_100,lrc202,1,51,2,16,efficient_su2,3,1374.27,inf,10412961.590305774,inf,inf,inf,7.800468599999931,0,,
fixed_budget,pdp_100,lrc202,1,51,2,16,hybrid_alns,3,1374.27,inf,4226635.2278204765,inf,inf,inf,10.387881099999959,0,,
time_to_target,pdp_100,lrc202,1,,2,16,ropke_distance_fixed_k,,,,,,,,,,0.17934679999984837,0
time_to_target,pdp_100,lrc202,1,,2,16,qaoa,,,,,,,,,,0.15832589999990887,0
time_to_target,pdp_100,lrc202,1,,2,16,efficient_su2,,,,,,,,,,0.15496200000006866,0
time_to_target,pdp_100,lrc202,1,,2,16,hybrid_alns,,,,,,,,,,0.17711949999988974,0
fixed_budget,pdp_100,lrc203,1,51,2,16,ropke_distance_fixed_k,3,1089.07,inf,2063600.271195984,inf,inf,inf,10.272603200000049,0,,
fixed_budget,pdp_100,lrc203,1,51,2,16,qaoa,3,1089.07,inf,2279836.21804821,inf,inf,inf,10.74498769999991,0,,
fixed_budget,pdp_100,lrc203,1,51,2,16,efficient_su2,3,1089.07,inf,2184595.9466152173,inf,inf,inf,10.058079599999928,0,,
fixed_budget,pdp_100,lrc203,1,51,2,16,hybrid_alns,3,1089.07,inf,2063600.271195984,inf,inf,inf,9.910816300000079,0,,
time_to_target,pdp_100,lrc203,1,,2,16,ropke_distance_fixed_k,,,,,,,,,,0.16809549999993578,0
time_to_target,pdp_100,lrc203,1,,2,16,qaoa,,,,,,,,,,0.22159080000005815,0
time_to_target,pdp_100,lrc203,1,,2,16,efficient_su2,,,,,,,,,,0.25329579999993257,0
time_to_target,pdp_100,lrc203,1,,2,16,hybrid_alns,,,,,,,,,,0.22836080000001857,0
fixed_budget,pdp_100,lrc204,1,51,2,16,ropke_distance_fixed_k,3,818.66,inf,4123.056934675598,1715.2461778084012,inf,inf,8.370676600000024,0,,
fixed_budget,pdp_100,lrc204,1,51,2,16,qaoa,3,818.66,inf,44337.54727726492,1715.2461778084012,inf,inf,10.136774699999933,0,,
fixed_budget,pdp_100,lrc204,1,51,2,16,efficient_su2,3,818.66,inf,68298.57158242837,1715.2461778084012,inf,inf,10.699728099999902,0,,
fixed_budget,pdp_100,lrc204,1,51,2,16,hybrid_alns,3,818.66,1715.2461778084012,1715.2461778084012,1715.2461778084012,0.0,1.095187474419663,10.325137699999914,1,,
time_to_target,pdp_100,lrc204,1,,2,16,ropke_distance_fixed_k,,,,,,,,,,inf,inf
time_to_target,pdp_100,lrc204,1,,2,16,qaoa,,,,,,,,,,inf,inf
time_to_target,pdp_100,lrc204,1,,2,16,efficient_su2,,,,,,,,,,inf,inf
time_to_target,pdp_100,lrc204,1,,2,16,hybrid_alns,,,,,,,,,,8.675787199999832,42
fixed_budget,pdp_100,lrc205,1,51,2,16,ropke_distance_fixed_k,4,1302.2,inf,3291090.0269918116,inf,inf,inf,6.594401000000062,0,,
fixed_budget,pdp_100,lrc205,1,51,2,16,qaoa,4,1302.2,inf,2670607.2370723775,inf,inf,inf,5.786646599999813,0,,
fixed_budget,pdp_100,lrc205,1,51,2,16,efficient_su2,4,1302.2,inf,3420327.129647418,inf,inf,inf,6.01895710000008,0,,
fixed_budget,pdp_100,lrc205,1,51,2,16,hybrid_alns,4,1302.2,inf,3101442.521395242,inf,inf,inf,4.913134200000059,0,,
time_to_target,pdp_100,lrc205,1,,2,16,ropke_distance_fixed_k,,,,,,,,,,0.16846289999989494,0
time_to_target,pdp_100,lrc205,1,,2,16,qaoa,,,,,,,,,,0.1426198999999997,0
time_to_target,pdp_100,lrc205,1,,2,16,efficient_su2,,,,,,,,,,0.09333839999999327,0
time_to_target,pdp_100,lrc205,1,,2,16,hybrid_alns,,,,,,,,,,0.10035100000004604,0
fixed_budget,pdp_100,lrc206,1,51,2,16,ropke_distance_fixed_k,3,1159.03,inf,14760841.486915484,inf,inf,inf,7.9349141999998665,0,,
fixed_budget,pdp_100,lrc206,1,51,2,16,qaoa,3,1159.03,inf,14316414.206429558,inf,inf,inf,9.868715300000076,0,,
fixed_budget,pdp_100,lrc206,1,51,2,16,efficient_su2,3,1159.03,inf,14458142.51554435,inf,inf,inf,10.385707100000218,0,,
fixed_budget,pdp_100,lrc206,1,51,2,16,hybrid_alns,3,1159.03,inf,13680894.074498037,inf,inf,inf,10.133281100000204,0,,
time_to_target,pdp_100,lrc206,1,,2,16,ropke_distance_fixed_k,,,,,,,,,,0.14685469999994893,0
time_to_target,pdp_100,lrc206,1,,2,16,qaoa,,,,,,,,,,0.1514142000000902,0
time_to_target,pdp_100,lrc206,1,,2,16,efficient_su2,,,,,,,,,,0.2176656000001458,0
time_to_target,pdp_100,lrc206,1,,2,16,hybrid_alns,,,,,,,,,,0.15482169999995676,0
fixed_budget,pdp_100,lrc207,1,51,2,16,ropke_distance_fixed_k,3,1062.05,inf,12298898.397956278,inf,inf,inf,10.459238800000094,0,,
fixed_budget,pdp_100,lrc207,1,51,2,16,qaoa,3,1062.05,inf,11335754.579656322,inf,inf,inf,9.343819600000188,0,,
fixed_budget,pdp_100,lrc207,1,51,2,16,efficient_su2,3,1062.05,inf,8792346.879409572,inf,inf,inf,11.379585199999838,0,,
fixed_budget,pdp_100,lrc207,1,51,2,16,hybrid_alns,3,1062.05,inf,9519438.817043105,inf,inf,inf,12.554810799999814,0,,
time_to_target,pdp_100,lrc207,1,,2,16,ropke_distance_fixed_k,,,,,,,,,,0.21914749999996275,0
time_to_target,pdp_100,lrc207,1,,2,16,qaoa,,,,,,,,,,0.15632929999992484,0
time_to_target,pdp_100,lrc207,1,,2,16,efficient_su2,,,,,,,,,,0.21996300000000701,0
time_to_target,pdp_100,lrc207,1,,2,16,hybrid_alns,,,,,,,,,,0.26359850000017104,0
fixed_budget,pdp_100,lrc208,1,51,2,16,ropke_distance_fixed_k,3,852.76,inf,5751173.30627785,inf,inf,inf,13.262025900000026,0,,
fixed_budget,pdp_100,lrc208,1,51,2,16,qaoa,3,852.76,inf,2627112.669010454,inf,inf,inf,12.956859200000054,0,,
fixed_budget,pdp_100,lrc208,1,51,2,16,efficient_su2,3,852.76,inf,3956193.3355629765,inf,inf,inf,12.663819700000204,0,,
fixed_budget,pdp_100,lrc208,1,51,2,16,hybrid_alns,3,852.76,inf,5626945.2619427815,inf,inf,inf,12.729756100000031,0,,
time_to_target,pdp_100,lrc208,1,,2,16,ropke_distance_fixed_k,,,,,,,,,,0.28050919999986945,0
time_to_target,pdp_100,lrc208,1,,2,16,qaoa,,,,,,,,,,0.33746700000028795,0
time_to_target,pdp_100,lrc208,1,,2,16,efficient_su2,,,,,,,,,,0.2413792000002104,0
time_to_target,pdp_100,lrc208,1,,2,16,hybrid_alns,,,,,,,,,,0.23002569999971456,0
fixed_budget,pdp_100,lc101,1,53,3,16,ropke_distance_fixed_k,10,828.94,828.9368669428341,828.9368669428341,828.9368669428341,0.0,-3.7795946220431313e-06,3.679903600000216,1,,
fixed_budget,pdp_100,lc101,1,53,3,16,qaoa,10,828.94,828.9368669428341,828.9368669428341,828.9368669428341,0.0,-3.7795946220431313e-06,3.669055500000013,1,,
fixed_budget,pdp_100,lc101,1,53,3,16,efficient_su2,10,828.94,828.9368669428341,828.9368669428341,828.9368669428341,0.0,-3.7795946220431313e-06,3.6239762000000155,1,,
fixed_budget,pdp_100,lc101,1,53,3,16,hybrid_alns,10,828.94,828.9368669428341,828.9368669428341,828.9368669428341,0.0,-3.7795946220431313e-06,3.825354800000241,1,,
time_to_target,pdp_100,lc101,1,,3,16,ropke_distance_fixed_k,,,,,,,,,,0.1135362999998506,0
time_to_target,pdp_100,lc101,1,,3,16,qaoa,,,,,,,,,,0.11762240000007296,0
time_to_target,pdp_100,lc101,1,,3,16,efficient_su2,,,,,,,,,,0.12401989999989382,0
time_to_target,pdp_100,lc101,1,,3,16,hybrid_alns,,,,,,,,,,0.06268460000001141,0
fixed_budget,pdp_100,lc102,1,53,3,16,ropke_distance_fixed_k,10,828.94,inf,6476589.53041797,inf,inf,inf,3.8151207999999315,0,,
fixed_budget,pdp_100,lc102,1,53,3,16,qaoa,10,828.94,inf,5810601.948898942,inf,inf,inf,3.6481275999999525,0,,
fixed_budget,pdp_100,lc102,1,53,3,16,efficient_su2,10,828.94,inf,6476589.53041797,inf,inf,inf,3.9095031000001654,0,,
fixed_budget,pdp_100,lc102,1,53,3,16,hybrid_alns,10,828.94,inf,6476589.53041797,inf,inf,inf,3.4623772999998437,0,,
time_to_target,pdp_100,lc102,1,,3,16,ropke_distance_fixed_k,,,,,,,,,,0.05383329999995112,0
time_to_target,pdp_100,lc102,1,,3,16,qaoa,,,,,,,,,,0.042684799999733514,0
time_to_target,pdp_100,lc102,1,,3,16,efficient_su2,,,,,,,,,,0.04316879999987577,0
time_to_target,pdp_100,lc102,1,,3,16,hybrid_alns,,,,,,,,,,0.04582769999979064,0
fixed_budget,pdp_100,lc103,1,52,3,16,ropke_distance_fixed_k,9,1035.35,inf,4189014.37767134,inf,inf,inf,3.7217325000001438,0,,
fixed_budget,pdp_100,lc103,1,52,3,16,qaoa,9,1035.35,inf,4189014.37767134,inf,inf,inf,3.8833881999998994,0,,
fixed_budget,pdp_100,lc103,1,52,3,16,efficient_su2,9,1035.35,inf,3560609.9636265063,inf,inf,inf,3.7188484000002973,0,,
fixed_budget,pdp_100,lc103,1,52,3,16,hybrid_alns,9,1035.35,inf,4189014.37767134,inf,inf,inf,3.730018899999777,0,,
time_to_target,pdp_100,lc103,1,,3,16,ropke_distance_fixed_k,,,,,,,,,,0.10326209999993807,0
time_to_target,pdp_100,lc103,1,,3,16,qaoa,,,,,,,,,,0.06148799999982657,0
time_to_target,pdp_100,lc103,1,,3,16,efficient_su2,,,,,,,,,,0.0660265999999865,0
time_to_target,pdp_100,lc103,1,,3,16,hybrid_alns,,,,,,,,,,0.04460449999987759,0
fixed_budget,pdp_100,lc104,1,53,3,16,ropke_distance_fixed_k,9,860.01,inf,1313573.8896566955,inf,inf,inf,3.893091700000241,0,,
fixed_budget,pdp_100,lc104,1,53,3,16,qaoa,9,860.01,inf,1313573.8896566955,inf,inf,inf,4.078596699999707,0,,
fixed_budget,pdp_100,lc104,1,53,3,16,efficient_su2,9,860.01,inf,1313573.8896566955,inf,inf,inf,4.03185110000004,0,,
fixed_budget,pdp_100,lc104,1,53,3,16,hybrid_alns,9,860.01,inf,1313573.8896566955,inf,inf,inf,3.8628945999998905,0,,
time_to_target,pdp_100,lc104,1,,3,16,ropke_distance_fixed_k,,,,,,,,,,0.04445930000019871,0
time_to_target,pdp_100,lc104,1,,3,16,qaoa,,,,,,,,,,0.10926269999981741,0
time_to_target,pdp_100,lc104,1,,3,16,efficient_su2,,,,,,,,,,0.08644559999993362,0
time_to_target,pdp_100,lc104,1,,3,16,hybrid_alns,,,,,,,,,,0.0462374999997337,0
fixed_budget,pdp_100,lc105,1,53,3,16,ropke_distance_fixed_k,10,828.94,inf,14821160.912271824,inf,inf,inf,3.4541463000000476,0,,
fixed_budget,pdp_100,lc105,1,53,3,16,qaoa,10,828.94,inf,14821160.912271824,inf,inf,inf,3.6296778999999333,0,,
fixed_budget,pdp_100,lc105,1,53,3,16,efficient_su2,10,828.94,inf,14821160.912271824,inf,inf,inf,3.5465368000000126,0,,
fixed_budget,pdp_100,lc105,1,53,3,16,hybrid_alns,10,828.94,inf,14821160.912271824,inf,inf,inf,3.4524992000001475,0,,
time_to_target,pdp_100,lc105,1,,3,16,ropke_distance_fixed_k,,,,,,,,,,0.08332160000009026,0
time_to_target,pdp_100,lc105,1,,3,16,qaoa,,,,,,,,,,0.05325519999996686,0
time_to_target,pdp_100,lc105,1,,3,16,efficient_su2,,,,,,,,,,0.10509769999998753,0
time_to_target,pdp_100,lc105,1,,3,16,hybrid_alns,,,,,,,,,,0.11390770000025441,0
fixed_budget,pdp_100,lc106,1,53,3,16,ropke_distance_fixed_k,10,828.94,inf,5813341.336697993,inf,inf,inf,3.447693999999956,0,,
fixed_budget,pdp_100,lc106,1,53,3,16,qaoa,10,828.94,inf,5902742.730206732,inf,inf,inf,3.4826390999996875,0,,
fixed_budget,pdp_100,lc106,1,53,3,16,efficient_su2,10,828.94,inf,5902742.730206732,inf,inf,inf,3.525463700000273,0,,
fixed_budget,pdp_100,lc106,1,53,3,16,hybrid_alns,10,828.94,inf,7215781.970441531,inf,inf,inf,3.5533754999996745,0,,
time_to_target,pdp_100,lc106,1,,3,16,ropke_distance_fixed_k,,,,,,,,,,0.050771700000041164,0
time_to_target,pdp_100,lc106,1,,3,16,qaoa,,,,,,,,,,0.0663299999996525,0
time_to_target,pdp_100,lc106,1,,3,16,efficient_su2,,,,,,,,,,0.04428219999999783,0
time_to_target,pdp_100,lc106,1,,3,16,hybrid_alns,,,,,,,,,,0.09217679999983375,0
fixed_budget,pdp_100,lc107,1,53,3,16,ropke_distance_fixed_k,10,828.94,inf,9874675.392604956,inf,inf,inf,4.070792900000015,0,,
fixed_budget,pdp_100,lc107,1,53,3,16,qaoa,10,828.94,inf,10042155.685847528,inf,inf,inf,3.9473323000001983,0,,
fixed_budget,pdp_100,lc107,1,53,3,16,efficient_su2,10,828.94,inf,10042155.685847528,inf,inf,inf,3.355170199999975,0,,
fixed_budget,pdp_100,lc107,1,53,3,16,hybrid_alns,10,828.94,inf,9805470.199656956,inf,inf,inf,3.455876200000148,0,,
time_to_target,pdp_100,lc107,1,,3,16,ropke_distance_fixed_k,,,,,,,,,,0.06369229999972958,0
time_to_target,pdp_100,lc107,1,,3,16,qaoa,,,,,,,,,,0.08039340000004813,0
time_to_target,pdp_100,lc107,1,,3,16,efficient_su2,,,,,,,,,,0.04586180000023887,0
time_to_target,pdp_100,lc107,1,,3,16,hybrid_alns,,,,,,,,,,0.1291894000000866,0
fixed_budget,pdp_100,lc108,1,53,3,16,ropke_distance_fixed_k,10,826.44,inf,6759343.873574937,inf,inf,inf,3.326708399999916,0,,
fixed_budget,pdp_100,lc108,1,53,3,16,qaoa,10,826.44,inf,6711870.051803716,inf,inf,inf,3.5522940000000744,0,,
fixed_budget,pdp_100,lc108,1,53,3,16,efficient_su2,10,826.44,inf,7241379.46757529,inf,inf,inf,3.415258399999857,0,,
fixed_budget,pdp_100,lc108,1,53,3,16,hybrid_alns,10,826.44,inf,7241379.46757529,inf,inf,inf,3.4405405000002247,0,,
time_to_target,pdp_100,lc108,1,,3,16,ropke_distance_fixed_k,,,,,,,,,,0.047496399999999994,0
time_to_target,pdp_100,lc108,1,,3,16,qaoa,,,,,,,,,,0.05249070000036227,0
time_to_target,pdp_100,lc108,1,,3,16,efficient_su2,,,,,,,,,,0.05398560000003272,0
time_to_target,pdp_100,lc108,1,,3,16,hybrid_alns,,,,,,,,,,0.09040890000005675,0
fixed_budget,pdp_100,lc109,1,53,3,16,ropke_distance_fixed_k,9,1000.6,inf,8213773.376106074,inf,inf,inf,3.926611299999877,0,,
fixed_budget,pdp_100,lc109,1,53,3,16,qaoa,9,1000.6,inf,8213773.376106074,inf,inf,inf,3.941392999999607,0,,
fixed_budget,pdp_100,lc109,1,53,3,16,efficient_su2,9,1000.6,inf,8228381.479505691,inf,inf,inf,3.7836826999996447,0,,
fixed_budget,pdp_100,lc109,1,53,3,16,hybrid_alns,9,1000.6,inf,7729384.841667719,inf,inf,inf,2.7695646999995915,0,,
time_to_target,pdp_100,lc109,1,,3,16,ropke_distance_fixed_k,,,,,,,,,,0.13710570000012012,0
time_to_target,pdp_100,lc109,1,,3,16,qaoa,,,,,,,,,,0.12187649999987116,0
time_to_target,pdp_100,lc109,1,,3,16,efficient_su2,,,,,,,,,,0.09989409999980126,0
time_to_target,pdp_100,lc109,1,,3,16,hybrid_alns,,,,,,,,,,0.04320159999997486,0
fixed_budget,pdp_100,lc201,1,51,3,16,ropke_distance_fixed_k,3,591.56,591.5565566715015,591.5565566715015,591.5565566715015,0.0,-5.820759514514365e-06,17.023521200000232,1,,
fixed_budget,pdp_100,lc201,1,51,3,16,qaoa,3,591.56,591.5565566715015,591.5565566715015,591.5565566715015,0.0,-5.820759514514365e-06,16.666371000000254,1,,
fixed_budget,pdp_100,lc201,1,51,3,16,efficient_su2,3,591.56,591.5565566715015,591.5565566715015,591.5565566715015,0.0,-5.820759514514365e-06,16.720995400000447,1,,
fixed_budget,pdp_100,lc201,1,51,3,16,hybrid_alns,3,591.56,591.5565566715015,591.5565566715015,591.5565566715015,0.0,-5.820759514514365e-06,17.166222099999686,1,,
time_to_target,pdp_100,lc201,1,,3,16,ropke_distance_fixed_k,,,,,,,,,,0.36478759999999966,0
time_to_target,pdp_100,lc201,1,,3,16,qaoa,,,,,,,,,,0.3654409000000669,0
time_to_target,pdp_100,lc201,1,,3,16,efficient_su2,,,,,,,,,,0.2838190000002214,0
time_to_target,pdp_100,lc201,1,,3,16,hybrid_alns,,,,,,,,,,0.3564506999996411,0
fixed_budget,pdp_100,lc202,1,51,3,16,ropke_distance_fixed_k,3,591.56,591.5565566715015,591.5565566715015,591.5565566715015,0.0,-5.820759514514365e-06,15.570090600000185,1,,
fixed_budget,pdp_100,lc202,1,51,3,16,qaoa,3,591.56,591.5565566715015,591.5565566715015,591.5565566715015,0.0,-5.820759514514365e-06,17.52803679999988,1,,
fixed_budget,pdp_100,lc202,1,51,3,16,efficient_su2,3,591.56,591.5565566715015,591.5565566715015,591.5565566715015,0.0,-5.820759514514365e-06,15.51910769999995,1,,
fixed_budget,pdp_100,lc202,1,51,3,16,hybrid_alns,3,591.56,591.5565566715015,591.5565566715015,591.5565566715015,0.0,-5.820759514514365e-06,11.096643200000017,1,,
time_to_target,pdp_100,lc202,1,,3,16,ropke_distance_fixed_k,,,,,,,,,,0.3779234000003271,0
time_to_target,pdp_100,lc202,1,,3,16,qaoa,,,,,,,,,,0.329228200000216,0
time_to_target,pdp_100,lc202,1,,3,16,efficient_su2,,,,,,,,,,0.37068700000008903,0
time_to_target,pdp_100,lc202,1,,3,16,hybrid_alns,,,,,,,,,,0.21712170000000697,0
fixed_budget,pdp_100,lc203,1,51,3,16,ropke_distance_fixed_k,3,591.17,inf,11051048.810603557,inf,inf,inf,15.44323069999973,0,,
fixed_budget,pdp_100,lc203,1,51,3,16,qaoa,3,591.17,inf,10420709.327318057,inf,inf,inf,14.511016700000255,0,,
fixed_budget,pdp_100,lc203,1,51,3,16,efficient_su2,3,591.17,inf,10847331.016747553,inf,inf,inf,14.996819400000277,0,,
fixed_budget,pdp_100,lc203,1,51,3,16,hybrid_alns,3,591.17,inf,11051048.810603557,inf,inf,inf,13.945453399999678,0,,
time_to_target,pdp_100,lc203,1,,3,16,ropke_distance_fixed_k,,,,,,,,,,0.2935979999997471,0
time_to_target,pdp_100,lc203,1,,3,16,qaoa,,,,,,,,,,0.2816962000001695,0
time_to_target,pdp_100,lc203,1,,3,16,efficient_su2,,,,,,,,,,0.2953658000001269,0
time_to_target,pdp_100,lc203,1,,3,16,hybrid_alns,,,,,,,,,,0.2871122999999898,0
fixed_budget,pdp_100,lc204,1,51,3,16,ropke_distance_fixed_k,3,590.6,inf,1850704.106332381,inf,inf,inf,11.089382200000273,0,,
fixed_budget,pdp_100,lc204,1,51,3,16,qaoa,3,590.6,inf,1850704.106332381,inf,inf,inf,13.422886500000004,0,,
fixed_budget,pdp_100,lc204,1,51,3,16,efficient_su2,3,590.6,inf,1748819.9254793786,inf,inf,inf,13.851419000000078,0,,
fixed_budget,pdp_100,lc204,1,51,3,16,hybrid_alns,3,590.6,inf,1850704.106332381,inf,inf,inf,14.452299099999891,0,,
time_to_target,pdp_100,lc204,1,,3,16,ropke_distance_fixed_k,,,,,,,,,,0.21938670000008642,0
time_to_target,pdp_100,lc204,1,,3,16,qaoa,,,,,,,,,,0.22500459999992017,0
time_to_target,pdp_100,lc204,1,,3,16,efficient_su2,,,,,,,,,,0.2772240000003876,0
time_to_target,pdp_100,lc204,1,,3,16,hybrid_alns,,,,,,,,,,0.29076420000001235,0
fixed_budget,pdp_100,lc205,1,51,3,16,ropke_distance_fixed_k,3,588.88,inf,85324043.52784435,inf,inf,inf,13.109752500000013,0,,
fixed_budget,pdp_100,lc205,1,51,3,16,qaoa,3,588.88,inf,74435333.46441749,inf,inf,inf,11.477705499999956,0,,
fixed_budget,pdp_100,lc205,1,51,3,16,efficient_su2,3,588.88,inf,86816409.3277726,inf,inf,inf,12.116846700000224,0,,
fixed_budget,pdp_100,lc205,1,51,3,16,hybrid_alns,3,588.88,inf,61648954.04897746,inf,inf,inf,14.951509200000146,0,,
time_to_target,pdp_100,lc205,1,,3,16,ropke_distance_fixed_k,,,,,,,,,,0.28775390000009793,0
time_to_target,pdp_100,lc205,1,,3,16,qaoa,,,,,,,,,,0.27211010000019087,0
time_to_target,pdp_100,lc205,1,,3,16,efficient_su2,,,,,,,,,,0.21642599999995582,0
time_to_target,pdp_100,lc205,1,,3,16,hybrid_alns,,,,,,,,,,0.28361750000021857,0
fixed_budget,pdp_100,lc206,1,51,3,16,ropke_distance_fixed_k,3,588.49,inf,34461927.28284843,inf,inf,inf,14.702547299999878,0,,
fixed_budget,pdp_100,lc206,1,51,3,16,qaoa,3,588.49,inf,31690346.433637753,inf,inf,inf,13.913699200000337,0,,
fixed_budget,pdp_100,lc206,1,51,3,16,efficient_su2,3,588.49,inf,30073103.00013115,inf,inf,inf,13.219415600000048,0,,
fixed_budget,pdp_100,lc206,1,51,3,16,hybrid_alns,3,588.49,inf,28106141.632932335,inf,inf,inf,11.04618100000016,0,,
time_to_target,pdp_100,lc206,1,,3,16,ropke_distance_fixed_k,,,,,,,,,,0.21577010000009977,0
time_to_target,pdp_100,lc206,1,,3,16,qaoa,,,,,,,,,,0.28590440000016315,0
time_to_target,pdp_100,lc206,1,,3,16,efficient_su2,,,,,,,,,,0.29634930000020177,0
time_to_target,pdp_100,lc206,1,,3,16,hybrid_alns,,,,,,,,,,0.20751990000007936,0
fixed_budget,pdp_100,lc207,1,51,3,16,ropke_distance_fixed_k,3,588.29,inf,19224457.408220775,inf,inf,inf,14.611706600000161,0,,
fixed_budget,pdp_100,lc207,1,51,3,16,qaoa,3,588.29,inf,19224457.408220775,inf,inf,inf,13.940327300000263,0,,
fixed_budget,pdp_100,lc207,1,51,3,16,efficient_su2,3,588.29,inf,19020906.480572943,inf,inf,inf,15.016134700000293,0,,
fixed_budget,pdp_100,lc207,1,51,3,16,hybrid_alns,3,588.29,inf,19224457.408220775,inf,inf,inf,13.377635000000282,0,,
time_to_target,pdp_100,lc207,1,,3,16,ropke_distance_fixed_k,,,,,,,,,,0.3025658999999905,0
time_to_target,pdp_100,lc207,1,,3,16,qaoa,,,,,,,,,,0.3829040000000532,0
time_to_target,pdp_100,lc207,1,,3,16,efficient_su2,,,,,,,,,,0.2869801000001644,0
time_to_target,pdp_100,lc207,1,,3,16,hybrid_alns,,,,,,,,,,0.21592129999999088,0
fixed_budget,pdp_100,lc208,1,51,3,16,ropke_distance_fixed_k,3,588.32,inf,29606212.095136825,inf,inf,inf,11.050059300000157,0,,
fixed_budget,pdp_100,lc208,1,51,3,16,qaoa,3,588.32,inf,36726191.29674321,inf,inf,inf,12.801272800000334,0,,
fixed_budget,pdp_100,lc208,1,51,3,16,efficient_su2,3,588.32,inf,38334016.38352895,inf,inf,inf,14.489999999999782,0,,
fixed_budget,pdp_100,lc208,1,51,3,16,hybrid_alns,3,588.32,inf,36680111.18036662,inf,inf,inf,14.699074599999676,0,,
time_to_target,pdp_100,lc208,1,,3,16,ropke_distance_fixed_k,,,,,,,,,,0.20782370000006267,0
time_to_target,pdp_100,lc208,1,,3,16,qaoa,,,,,,,,,,0.2148152000004302,0
time_to_target,pdp_100,lc208,1,,3,16,efficient_su2,,,,,,,,,,0.30862329999990834,0
time_to_target,pdp_100,lc208,1,,3,16,hybrid_alns,,,,,,,,,,0.2970097999996142,0
fixed_budget,pdp_100,lr101,1,53,3,16,ropke_distance_fixed_k,19,1650.8,inf,452512.05262399244,inf,inf,inf,1.8509856999999101,0,,
fixed_budget,pdp_100,lr101,1,53,3,16,qaoa,19,1650.8,inf,452500.5215254732,inf,inf,inf,1.882187199999862,0,,
fixed_budget,pdp_100,lr101,1,53,3,16,efficient_su2,19,1650.8,inf,452512.05262399244,inf,inf,inf,1.325030599999991,0,,
fixed_budget,pdp_100,lr101,1,53,3,16,hybrid_alns,19,1650.8,inf,452500.5215254732,inf,inf,inf,1.6523462000000109,0,,
time_to_target,pdp_100,lr101,1,,3,16,ropke_distance_fixed_k,,,,,,,,,,0.03325200000017503,0
time_to_target,pdp_100,lr101,1,,3,16,qaoa,,,,,,,,,,0.03865330000007816,0
time_to_target,pdp_100,lr101,1,,3,16,efficient_su2,,,,,,,,,,0.03402670000014041,0
time_to_target,pdp_100,lr101,1,,3,16,hybrid_alns,,,,,,,,,,0.020552500000121654,0
fixed_budget,pdp_100,lr102,1,55,3,16,ropke_distance_fixed_k,17,1487.57,inf,51098.801177267276,inf,inf,inf,1.9737575999997716,0,,
fixed_budget,pdp_100,lr102,1,55,3,16,qaoa,17,1487.57,inf,51098.801177267276,inf,inf,inf,1.946187700000337,0,,
fixed_budget,pdp_100,lr102,1,55,3,16,efficient_su2,17,1487.57,inf,51098.801177267276,inf,inf,inf,2.124033199999758,0,,
fixed_budget,pdp_100,lr102,1,55,3,16,hybrid_alns,17,1487.57,inf,51098.801177267276,inf,inf,inf,1.8327672000000348,0,,
time_to_target,pdp_100,lr102,1,,3,16,ropke_distance_fixed_k,,,,,,,,,,0.02536729999974341,0
time_to_target,pdp_100,lr102,1,,3,16,qaoa,,,,,,,,,,0.03940690000035829,0
time_to_target,pdp_100,lr102,1,,3,16,efficient_su2,,,,,,,,,,0.05067619999999806,0
time_to_target,pdp_100,lr102,1,,3,16,hybrid_alns,,,,,,,,,,0.024480600000060804,0
fixed_budget,pdp_100,lr103,1,52,3,16,ropke_distance_fixed_k,13,1292.68,inf,992902.0072787914,inf,inf,inf,1.791944500000227,0,,
fixed_budget,pdp_100,lr103,1,52,3,16,qaoa,13,1292.68,inf,992902.0072787914,inf,inf,inf,1.9882182999999714,0,,
fixed_budget,pdp_100,lr103,1,52,3,16,efficient_su2,13,1292.68,inf,881532.3204233404,inf,inf,inf,1.9187889999998333,0,,
fixed_budget,pdp_100,lr103,1,52,3,16,hybrid_alns,13,1292.68,inf,992902.0072787914,inf,inf,inf,1.7840381999999408,0,,
time_to_target,pdp_100,lr103,1,,3,16,ropke_distance_fixed_k,,,,,,,,,,0.03184469999996509,0
time_to_target,pdp_100,lr103,1,,3,16,qaoa,,,,,,,,,,0.06234469999981229,0
time_to_target,pdp_100,lr103,1,,3,16,efficient_su2,,,,,,,,,,0.03181289999974979,0
time_to_target,pdp_100,lr103,1,,3,16,hybrid_alns,,,,,,,,,,0.04393639999989318,0
fixed_budget,pdp_100,lr104,1,52,3,16,ropke_distance_fixed_k,9,1013.39,inf,3659359.706813737,inf,inf,inf,2.5769168000001628,0,,
fixed_budget,pdp_100,lr104,1,52,3,16,qaoa,9,1013.39,inf,3609560.97717636,inf,inf,inf,3.0487748000000465,0,,
fixed_budget,pdp_100,lr104,1,52,3,16,efficient_su2,9,1013.39,inf,3626519.6390293874,inf,inf,inf,2.9649703999998565,0,,
fixed_budget,pdp_100,lr104,1,52,3,16,hybrid_alns,9,1013.39,inf,3393766.7550979974,inf,inf,inf,2.8838095999999496,0,,
time_to_target,pdp_100,lr104,1,,3,16,ropke_distance_fixed_k,,,,,,,,,,0.05727280000019164,0
time_to_target,pdp_100,lr104,1,,3,16,qaoa,,,,,,,,,,0.04086189999998169,0
time_to_target,pdp_100,lr104,1,,3,16,efficient_su2,,,,,,,,,,0.0704080000000431,0
time_to_target,pdp_100,lr104,1,,3,16,hybrid_alns,,,,,,,,,,0.060944800000015675,0
fixed_budget,pdp_100,lr105,1,53,3,16,ropke_distance_fixed_k,14,1377.11,inf,1090486.9690156975,inf,inf,inf,1.7291072000002714,0,,
fixed_budget,pdp_100,lr105,1,53,3,16,qaoa,14,1377.11,inf,1232221.1856514919,inf,inf,inf,2.0041049000001294,0,,
fixed_budget,pdp_100,lr105,1,53,3,16,efficient_su2,14,1377.11,inf,1114845.5818684283,inf,inf,inf,1.918014100000164,0,,
fixed_budget,pdp_100,lr105,1,53,3,16,hybrid_alns,14,1377.11,inf,1035090.2471986351,inf,inf,inf,1.9984604999999647,0,,
time_to_target,pdp_100,lr105,1,,3,16,ropke_distance_fixed_k,,,,,,,,,,0.03164490000017395,0
time_to_target,pdp_100,lr105,1,,3,16,qaoa,,,,,,,,,,0.02879720000009911,0
time_to_target,pdp_100,lr105,1,,3,16,efficient_su2,,,,,,,,,,0.060091100000136066,0
time_to_target,pdp_100,lr105,1,,3,16,hybrid_alns,,,,,,,,,,0.029921100000137812,0
fixed_budget,pdp_100,lr106,1,52,3,16,ropke_distance_fixed_k,12,1252.62,inf,1922321.8999752903,inf,inf,inf,2.0085276999998314,0,,
fixed_budget,pdp_100,lr106,1,52,3,16,qaoa,12,1252.62,inf,1820483.6354877837,inf,inf,inf,1.9581591999999546,0,,
fixed_budget,pdp_100,lr106,1,52,3,16,efficient_su2,12,1252.62,inf,1926959.9843473407,inf,inf,inf,1.9885871000001316,0,,
fixed_budget,pdp_100,lr106,1,52,3,16,hybrid_alns,12,1252.62,inf,1821191.1135082054,inf,inf,inf,1.967410899999777,0,,
time_to_target,pdp_100,lr106,1,,3,16,ropke_distance_fixed_k,,,,,,,,,,0.04295009999987087,0
time_to_target,pdp_100,lr106,1,,3,16,qaoa,,,,,,,,,,0.04707170000028782,0
time_to_target,pdp_100,lr106,1,,3,16,efficient_su2,,,,,,,,,,0.030214599999908387,0
time_to_target,pdp_100,lr106,1,,3,16,hybrid_alns,,,,,,,,,,0.043169899999611516,0
fixed_budget,pdp_100,lr107,1,52,3,16,ropke_distance_fixed_k,10,1111.31,inf,2356073.4338613,inf,inf,inf,2.4285555000001295,0,,
fixed_budget,pdp_100,lr107,1,52,3,16,qaoa,10,1111.31,inf,2602943.6741607403,inf,inf,inf,2.504870199999914,0,,
fixed_budget,pdp_100,lr107,1,52,3,16,efficient_su2,10,1111.31,inf,2377973.813094791,inf,inf,inf,2.3447857000001022,0,,
fixed_budget,pdp_100,lr107,1,52,3,16,hybrid_alns,10,1111.31,inf,2667134.0525366534,inf,inf,inf,2.5832354999997733,0,,
time_to_target,pdp_100,lr107,1,,3,16,ropke_distance_fixed_k,,,,,,,,,,0.04502520000005461,0
time_to_target,pdp_100,lr107,1,,3,16,qaoa,,,,,,,,,,0.045391099999960716,0
time_to_target,pdp_100,lr107,1,,3,16,efficient_su2,,,,,,,,,,0.05059660000006261,0
time_to_target,pdp_100,lr107,1,,3,16,hybrid_alns,,,,,,,,,,0.03954799999974057,0
fixed_budget,pdp_100,lr108,1,50,3,16,ropke_distance_fixed_k,9,968.97,inf,6294979.638397027,inf,inf,inf,2.419872299999952,0,,
fixed_budget,pdp_100,lr108,1,50,3,16,qaoa,9,968.97,inf,5701854.2411264945,inf,inf,inf,2.4345898999999918,0,,
fixed_budget,pdp_100,lr108,1,50,3,16,efficient_su2,9,968.97,inf,5376824.242299456,inf,inf,inf,2.313271800000166,0,,
fixed_budget,pdp_100,lr108,1,50,3,16,hybrid_alns,9,968.97,inf,5333321.581118069,inf,inf,inf,2.352365699999609,0,,
time_to_target,pdp_100,lr108,1,,3,16,ropke_distance_fixed_k,,,,,,,,,,0.06138909999981479,0
time_to_target,pdp_100,lr108,1,,3,16,qaoa,,,,,,,,,,0.04906540000001769,0
time_to_target,pdp_100,lr108,1,,3,16,efficient_su2,,,,,,,,,,0.03966930000024149,0
time_to_target,pdp_100,lr108,1,,3,16,hybrid_alns,,,,,,,,,,0.05153810000001613,0
fixed_budget,pdp_100,lr109,1,53,3,16,ropke_distance_fixed_k,11,1208.96,inf,2720686.2558292793,inf,inf,inf,2.0259836000000178,0,,
fixed_budget,pdp_100,lr109,1,53,3,16,qaoa,11,1208.96,inf,2720686.2558292793,inf,inf,inf,2.2574392999999873,0,,
fixed_budget,pdp_100,lr109,1,53,3,16,efficient_su2,11,1208.96,inf,2720686.2558292793,inf,inf,inf,2.1137825000000703,0,,
fixed_budget,pdp_100,lr109,1,53,3,16,hybrid_alns,11,1208.96,inf,2720686.2558292793,inf,inf,inf,2.2344852999999603,0,,
time_to_target,pdp_100,lr109,1,,3,16,ropke_distance_fixed_k,,,,,,,,,,0.034991900000022724,0
time_to_target,pdp_100,lr109,1,,3,16,qaoa,,,,,,,,,,0.06056529999978011,0
time_to_target,pdp_100,lr109,1,,3,16,efficient_su2,,,,,,,,,,0.051966100000299775,0
time_to_target,pdp_100,lr109,1,,3,16,hybrid_alns,,,,,,,,,,0.05070449999993798,0
fixed_budget,pdp_100,lr110,1,52,3,16,ropke_distance_fixed_k,10,1159.35,inf,5804990.179570987,inf,inf,inf,2.275388799999746,0,,
fixed_budget,pdp_100,lr110,1,52,3,16,qaoa,10,1159.35,inf,6261637.554660496,inf,inf,inf,2.5444729999999254,0,,
fixed_budget,pdp_100,lr110,1,52,3,16,efficient_su2,10,1159.35,inf,6261637.554660496,inf,inf,inf,2.4070394999998825,0,,
fixed_budget,pdp_100,lr110,1,52,3,16,hybrid_alns,10,1159.35,inf,6261637.554660496,inf,inf,inf,2.5266217000003053,0,,
time_to_target,pdp_100,lr110,1,,3,16,ropke_distance_fixed_k,,,,,,,,,,0.03654039999992165,0
time_to_target,pdp_100,lr110,1,,3,16,qaoa,,,,,,,,,,0.04571650000025329,0
time_to_target,pdp_100,lr110,1,,3,16,efficient_su2,,,,,,,,,,0.06214799999997922,0
time_to_target,pdp_100,lr110,1,,3,16,hybrid_alns,,,,,,,,,,0.05862810000007812,0
fixed_budget,pdp_100,lr111,1,54,3,16,ropke_distance_fixed_k,10,1108.9,inf,5116029.994503563,inf,inf,inf,2.8407099000000926,0,,
fixed_budget,pdp_100,lr111,1,54,3,16,qaoa,10,1108.9,inf,5116029.994503563,inf,inf,inf,2.8177966999996897,0,,
fixed_budget,pdp_100,lr111,1,54,3,16,efficient_su2,10,1108.9,inf,4702317.363593373,inf,inf,inf,2.8090172000001985,0,,
fixed_budget,pdp_100,lr111,1,54,3,16,hybrid_alns,10,1108.9,inf,4946736.584025473,inf,inf,inf,2.663219200000185,0,,
time_to_target,pdp_100,lr111,1,,3,16,ropke_distance_fixed_k,,,,,,,,,,0.05438120000007984,0
time_to_target,pdp_100,lr111,1,,3,16,qaoa,,,,,,,,,,0.09265899999991234,0
time_to_target,pdp_100,lr111,1,,3,16,efficient_su2,,,,,,,,,,0.04341229999999996,0
time_to_target,pdp_100,lr111,1,,3,16,hybrid_alns,,,,,,,,,,0.05540320000000065,0
fixed_budget,pdp_100,lr112,1,53,3,16,ropke_distance_fixed_k,9,1003.77,inf,8750317.832524102,inf,inf,inf,2.935565900000256,0,,
fixed_budget,pdp_100,lr112,1,53,3,16,qaoa,9,1003.77,inf,7726381.837597636,inf,inf,inf,2.9152906999997867,0,,
fixed_budget,pdp_100,lr112,1,53,3,16,efficient_su2,9,1003.77,inf,8750317.832524102,inf,inf,inf,3.026614900000368,0,,
fixed_budget,pdp_100,lr112,1,53,3,16,hybrid_alns,9,1003.77,inf,7983992.274956927,inf,inf,inf,2.7483499999998457,0,,
time_to_target,pdp_100,lr112,1,,3,16,ropke_distance_fixed_k,,,,,,,,,,0.10563490000004094,0
time_to_target,pdp_100,lr112,1,,3,16,qaoa,,,,,,,,,,0.04616839999971489,0
time_to_target,pdp_100,lr112,1,,3,16,efficient_su2,,,,,,,,,,0.08076530000016646,0
time_to_target,pdp_100,lr112,1,,3,16,hybrid_alns,,,,,,,,,,0.054911599999741156,0
fixed_budget,pdp_100,lr201,1,51,3,16,ropke_distance_fixed_k,4,1253.23,inf,939858.9243770428,inf,inf,inf,7.863710499999797,0,,
fixed_budget,pdp_100,lr201,1,51,3,16,qaoa,4,1253.23,inf,834026.0110092314,inf,inf,inf,7.989639599999919,0,,
fixed_budget,pdp_100,lr201,1,51,3,16,efficient_su2,4,1253.23,inf,1128672.50739174,inf,inf,inf,7.583358500000031,0,,
fixed_budget,pdp_100,lr201,1,51,3,16,hybrid_alns,4,1253.23,inf,1145469.1223547522,inf,inf,inf,7.636036599999898,0,,
time_to_target,pdp_100,lr201,1,,3,16,ropke_distance_fixed_k,,,,,,,,,,0.14644349999980477,0
time_to_target,pdp_100,lr201,1,,3,16,qaoa,,,,,,,,,,0.1798675000000003,0
time_to_target,pdp_100,lr201,1,,3,16,efficient_su2,,,,,,,,,,0.15827570000010383,0
time_to_target,pdp_100,lr201,1,,3,16,hybrid_alns,,,,,,,,,,0.15514660000008007,0
fixed_budget,pdp_100,lr202,1,50,3,16,ropke_distance_fixed_k,3,1197.67,inf,3419988.0089343004,inf,inf,inf,11.803840499999751,0,,
fixed_budget,pdp_100,lr202,1,50,3,16,qaoa,3,1197.67,inf,3572028.996853761,inf,inf,inf,11.98487249999971,0,,
fixed_budget,pdp_100,lr202,1,50,3,16,efficient_su2,3,1197.67,inf,3518876.8643928184,inf,inf,inf,11.661963300000025,0,,
fixed_budget,pdp_100,lr202,1,50,3,16,hybrid_alns,3,1197.67,inf,3377874.2509306106,inf,inf,inf,11.795147199999974,0,,
time_to_target,pdp_100,lr202,1,,3,16,ropke_distance_fixed_k,,,,,,,,,,0.19809089999989737,0
time_to_target,pdp_100,lr202,1,,3,16,qaoa,,,,,,,,,,0.2757085999996889,0
time_to_target,pdp_100,lr202,1,,3,16,efficient_su2,,,,,,,,,,0.2295483999996577,0
time_to_target,pdp_100,lr202,1,,3,16,hybrid_alns,,,,,,,,,,0.2172258000000511,0
fixed_budget,pdp_100,lr203,1,51,3,16,ropke_distance_fixed_k,3,949.4,inf,374736.7989569742,inf,inf,inf,12.649171800000204,0,,
fixed_budget,pdp_100,lr203,1,51,3,16,qaoa,3,949.4,inf,407281.0368566061,inf,inf,inf,12.481680099999721,0,,
fixed_budget,pdp_100,lr203,1,51,3,16,efficient_su2,3,949.4,inf,325168.415406688,inf,inf,inf,11.90555459999996,0,,
fixed_budget,pdp_100,lr203,1,51,3,16,hybrid_alns,3,949.4,inf,395953.3796195603,inf,inf,inf,12.189814999999726,0,,
time_to_target,pdp_100,lr203,1,,3,16,ropke_distance_fixed_k,,,,,,,,,,0.2393301000001884,0
time_to_target,pdp_100,lr203,1,,3,16,qaoa,,,,,,,,,,0.2578547999996772,0
time_to_target,pdp_100,lr203,1,,3,16,efficient_su2,,,,,,,,,,0.21544330000006084,0
time_to_target,pdp_100,lr203,1,,3,16,hybrid_alns,,,,,,,,,,0.22880929999973887,0
fixed_budget,pdp_100,lr204,1,50,3,16,ropke_distance_fixed_k,2,849.05,inf,8880878.55646497,inf,inf,inf,23.500212400000237,0,,
fixed_budget,pdp_100,lr204,1,50,3,16,qaoa,2,849.05,inf,10949325.861785494,inf,inf,inf,23.205876699999862,0,,
fixed_budget,pdp_100,lr204,1,50,3,16,efficient_su2,2,849.05,inf,11569566.09295642,inf,inf,inf,22.75364499999978,0,,
fixed_budget,pdp_100,lr204,1,50,3,16,hybrid_alns,2,849.05,inf,10285889.081025451,inf,inf,inf,22.12092389999998,0,,
time_to_target,pdp_100,lr204,1,,3,16,ropke_distance_fixed_k,,,,,,,,,,0.4409106000002794,0
time_to_target,pdp_100,lr204,1,,3,16,qaoa,,,,,,,,,,0.535353099999611,0
time_to_target,pdp_100,lr204,1,,3,16,efficient_su2,,,,,,,,,,0.46330419999958394,0
time_to_target,pdp_100,lr204,1,,3,16,hybrid_alns,,,,,,,,,,0.4318039999998291,0
fixed_budget,pdp_100,lr205,1,51,3,16,ropke_distance_fixed_k,3,1054.02,inf,6337954.907169338,inf,inf,inf,10.780494699999963,0,,
fixed_budget,pdp_100,lr205,1,51,3,16,qaoa,3,1054.02,inf,7669168.990518073,inf,inf,inf,11.308738400000038,0,,
fixed_budget,pdp_100,lr205,1,51,3,16,efficient_su2,3,1054.02,inf,7357915.272611864,inf,inf,inf,11.969896799999788,0,,
fixed_budget,pdp_100,lr205,1,51,3,16,hybrid_alns,3,1054.02,inf,7669168.990518073,inf,inf,inf,11.884653199999775,0,,
time_to_target,pdp_100,lr205,1,,3,16,ropke_distance_fixed_k,,,,,,,,,,0.20684059999985038,0
time_to_target,pdp_100,lr205,1,,3,16,qaoa,,,,,,,,,,0.21464970000033645,0
time_to_target,pdp_100,lr205,1,,3,16,efficient_su2,,,,,,,,,,0.27654660000007425,0
time_to_target,pdp_100,lr205,1,,3,16,hybrid_alns,,,,,,,,,,0.22980809999990015,0
fixed_budget,pdp_100,lr206,1,50,3,16,ropke_distance_fixed_k,3,931.63,inf,1544412.359586408,inf,inf,inf,11.446890100000019,0,,
fixed_budget,pdp_100,lr206,1,50,3,16,qaoa,3,931.63,inf,1382511.986395352,inf,inf,inf,11.16903400000001,0,,
fixed_budget,pdp_100,lr206,1,50,3,16,efficient_su2,3,931.63,inf,1328641.3962190512,inf,inf,inf,10.689538000000084,0,,
fixed_budget,pdp_100,lr206,1,50,3,16,hybrid_alns,3,931.63,inf,1500963.881364234,inf,inf,inf,10.788964100000157,0,,
time_to_target,pdp_100,lr206,1,,3,16,ropke_distance_fixed_k,,,,,,,,,,0.20892049999974915,0
time_to_target,pdp_100,lr206,1,,3,16,qaoa,,,,,,,,,,0.21030079999991358,0
time_to_target,pdp_100,lr206,1,,3,16,efficient_su2,,,,,,,,,,0.20520899999974063,0
time_to_target,pdp_100,lr206,1,,3,16,hybrid_alns,,,,,,,,,,0.2271335000000363,0
fixed_budget,pdp_100,lr207,1,51,3,16,ropke_distance_fixed_k,2,903.06,inf,16604089.228462562,inf,inf,inf,23.950277699999788,0,,
fixed_budget,pdp_100,lr207,1,51,3,16,qaoa,2,903.06,inf,11862562.081063133,inf,inf,inf,24.72387439999966,0,,
fixed_budget,pdp_100,lr207,1,51,3,16,efficient_su2,2,903.06,inf,13757440.741591806,inf,inf,inf,23.785298799999964,0,,
fixed_budget,pdp_100,lr207,1,51,3,16,hybrid_alns,2,903.06,inf,12071543.881231613,inf,inf,inf,24.930764599999748,0,,
time_to_target,pdp_100,lr207,1,,3,16,ropke_distance_fixed_k,,,,,,,,,,0.5847249999997075,0
time_to_target,pdp_100,lr207,1,,3,16,qaoa,,,,,,,,,,0.5028895999998895,0
time_to_target,pdp_100,lr207,1,,3,16,efficient_su2,,,,,,,,,,0.4760160000000724,0
time_to_target,pdp_100,lr207,1,,3,16,hybrid_alns,,,,,,,,,,0.5902777999999671,0
fixed_budget,pdp_100,lr208,1,50,3,16,ropke_distance_fixed_k,2,734.85,inf,3561056.2446777457,inf,inf,inf,22.763727000000017,0,,
fixed_budget,pdp_100,lr208,1,50,3,16,qaoa,2,734.85,inf,3829446.983451985,inf,inf,inf,22.62528469999961,0,,
fixed_budget,pdp_100,lr208,1,50,3,16,efficient_su2,2,734.85,inf,3879735.533991918,inf,inf,inf,21.88245700000016,0,,
fixed_budget,pdp_100,lr208,1,50,3,16,hybrid_alns,2,734.85,inf,3576174.3869178174,inf,inf,inf,22.24335579999979,0,,
time_to_target,pdp_100,lr208,1,,3,16,ropke_distance_fixed_k,,,,,,,,,,0.4516054000000622,0
time_to_target,pdp_100,lr208,1,,3,16,qaoa,,,,,,,,,,0.40087369999992006,0
time_to_target,pdp_100,lr208,1,,3,16,efficient_su2,,,,,,,,,,0.442891900000177,0
time_to_target,pdp_100,lr208,1,,3,16,hybrid_alns,,,,,,,,,,0.424669300000005,0
fixed_budget,pdp_100,lr209,1,51,3,16,ropke_distance_fixed_k,3,930.59,inf,4629078.1290539075,inf,inf,inf,11.710118599999987,0,,
fixed_budget,pdp_100,lr209,1,51,3,16,qaoa,3,930.59,inf,1369873.8361247992,inf,inf,inf,11.706132700000126,0,,
fixed_budget,pdp_100,lr209,1,51,3,16,efficient_su2,3,930.59,inf,3713268.439396402,inf,inf,inf,17.765755200000058,0,,
fixed_budget,pdp_100,lr209,1,51,3,16,hybrid_alns,3,930.59,inf,2524135.8323162673,inf,inf,inf,18.122968800000308,0,,
time_to_target,pdp_100,lr209,1,,3,16,ropke_distance_fixed_k,,,,,,,,,,0.25077969999983907,0
time_to_target,pdp_100,lr209,1,,3,16,qaoa,,,,,,,,,,0.2206489000000147,0
time_to_target,pdp_100,lr209,1,,3,16,efficient_su2,,,,,,,,,,0.292642700000215,0
time_to_target,pdp_100,lr209,1,,3,16,hybrid_alns,,,,,,,,,,0.3724747000001116,0
fixed_budget,pdp_100,lr210,1,51,3,16,ropke_distance_fixed_k,3,964.22,inf,260410.8122736809,inf,inf,inf,17.241650099999788,0,,
fixed_budget,pdp_100,lr210,1,51,3,16,qaoa,3,964.22,inf,95735.02454858732,inf,inf,inf,17.19482270000026,0,,
fixed_budget,pdp_100,lr210,1,51,3,16,efficient_su2,3,964.22,inf,146699.5170070903,inf,inf,inf,17.652238399999987,0,,
fixed_budget,pdp_100,lr210,1,51,3,16,hybrid_alns,3,964.22,inf,260410.8122736809,inf,inf,inf,17.5269330000001,0,,
time_to_target,pdp_100,lr210,1,,3,16,ropke_distance_fixed_k,,,,,,,,,,0.3269315999996252,0
time_to_target,pdp_100,lr210,1,,3,16,qaoa,,,,,,,,,,0.3694130000003497,0
time_to_target,pdp_100,lr210,1,,3,16,efficient_su2,,,,,,,,,,0.2926852999999028,0
time_to_target,pdp_100,lr210,1,,3,16,hybrid_alns,,,,,,,,,,0.3042705999996542,0
fixed_budget,pdp_100,lr211,1,50,3,16,ropke_distance_fixed_k,2,911.52,inf,17861032.38902778,inf,inf,inf,34.01563729999998,0,,
fixed_budget,pdp_100,lr211,1,50,3,16,qaoa,2,911.52,inf,17236143.185159992,inf,inf,inf,33.30689070000062,0,,
fixed_budget,pdp_100,lr211,1,50,3,16,efficient_su2,2,911.52,inf,17463335.97554928,inf,inf,inf,32.66203770000084,0,,
fixed_budget,pdp_100,lr211,1,50,3,16,hybrid_alns,2,911.52,inf,17181496.720409896,inf,inf,inf,31.159061199999996,0,,
time_to_target,pdp_100,lr211,1,,3,16,ropke_distance_fixed_k,,,,,,,,,,0.6857622999996238,0
time_to_target,pdp_100,lr211,1,,3,16,qaoa,,,,,,,,,,0.701133700000355,0
time_to_target,pdp_100,lr211,1,,3,16,efficient_su2,,,,,,,,,,0.6894856000008076,0
time_to_target,pdp_100,lr211,1,,3,16,hybrid_alns,,,,,,,,,,0.7308067000003575,0
fixed_budget,pdp_100,lrc101,1,53,3,16,ropke_distance_fixed_k,14,1708.8,inf,2637082.627965426,inf,inf,inf,2.601166899999953,0,,
fixed_budget,pdp_100,lrc101,1,53,3,16,qaoa,14,1708.8,inf,2673719.001108359,inf,inf,inf,2.535859600000549,0,,
fixed_budget,pdp_100,lrc101,1,53,3,16,efficient_su2,14,1708.8,inf,2345564.3628173945,inf,inf,inf,2.539408500000718,0,,
fixed_budget,pdp_100,lrc101,1,53,3,16,hybrid_alns,14,1708.8,inf,2618833.555690561,inf,inf,inf,2.5977809000005436,0,,
time_to_target,pdp_100,lrc101,1,,3,16,ropke_distance_fixed_k,,,,,,,,,,0.02946299999985058,0
time_to_target,pdp_100,lrc101,1,,3,16,qaoa,,,,,,,,,,0.03150610000011511,0
time_to_target,pdp_100,lrc101,1,,3,16,efficient_su2,,,,,,,,,,0.05456010000034439,0
time_to_target,pdp_100,lrc101,1,,3,16,hybrid_alns,,,,,,,,,,0.03775370000039402,0
fixed_budget,pdp_100,lrc102,1,53,3,16,ropke_distance_fixed_k,12,1558.07,inf,2879184.9099457418,inf,inf,inf,2.8569829999996728,0,,
fixed_budget,pdp_100,lrc102,1,53,3,16,qaoa,12,1558.07,inf,2874360.1469937065,inf,inf,inf,2.859324000000015,0,,
fixed_budget,pdp_100,lrc102,1,53,3,16,efficient_su2,12,1558.07,inf,2879184.9099457418,inf,inf,inf,2.8724535999999716,0,,
fixed_budget,pdp_100,lrc102,1,53,3,16,hybrid_alns,12,1558.07,inf,2879184.9099457418,inf,inf,inf,2.6869985000003,0,,
time_to_target,pdp_100,lrc102,1,,3,16,ropke_distance_fixed_k,,,,,,,,,,0.0451018000003387,0
time_to_target,pdp_100,lrc102,1,,3,16,qaoa,,,,,,,,,,0.08912620000046445,0
time_to_target,pdp_100,lrc102,1,,3,16,efficient_su2,,,,,,,,,,0.07579949999944802,0
time_to_target,pdp_100,lrc102,1,,3,16,hybrid_alns,,,,,,,,,,0.05116989999987709,0
fixed_budget,pdp_100,lrc103,1,53,3,16,ropke_distance_fixed_k,11,1258.74,inf,1609751.6580343107,inf,inf,inf,2.156423200000063,0,,
fixed_budget,pdp_100,lrc103,1,53,3,16,qaoa,11,1258.74,inf,1609751.6580343107,inf,inf,inf,3.1940339000002496,0,,
fixed_budget,pdp_100,lrc103,1,53,3,16,efficient_su2,11,1258.74,inf,1643796.3677759212,inf,inf,inf,3.1630592999999863,0,,
fixed_budget,pdp_100,lrc103,1,53,3,16,hybrid_alns,11,1258.74,inf,1635902.1036912953,inf,inf,inf,3.2123609999998735,0,,
time_to_target,pdp_100,lrc103,1,,3,16,ropke_distance_fixed_k,,,,,,,,,,0.04879479999999603,0
time_to_target,pdp_100,lrc103,1,,3,16,qaoa,,,,,,,,,,0.03648380000049656,0
time_to_target,pdp_100,lrc103,1,,3,16,efficient_su2,,,,,,,,,,0.10408319999987725,0
time_to_target,pdp_100,lrc103,1,,3,16,hybrid_alns,,,,,,,,,,0.04898799999955372,0
fixed_budget,pdp_100,lrc104,1,54,3,16,ropke_distance_fixed_k,10,1128.4,inf,3537482.394011305,inf,inf,inf,3.7216060000000653,0,,
fixed_budget,pdp_100,lrc104,1,54,3,16,qaoa,10,1128.4,inf,4472638.746032601,inf,inf,inf,3.8395191999998133,0,,
fixed_budget,pdp_100,lrc104,1,54,3,16,efficient_su2,10,1128.4,inf,4363290.1456114985,inf,inf,inf,3.645862400000624,0,,
fixed_budget,pdp_100,lrc104,1,54,3,16,hybrid_alns,10,1128.4,inf,4472638.746032601,inf,inf,inf,3.3153348999994705,0,,
time_to_target,pdp_100,lrc104,1,,3,16,ropke_distance_fixed_k,,,,,,,,,,0.049247099999774946,0
time_to_target,pdp_100,lrc104,1,,3,16,qaoa,,,,,,,,,,0.04090790000009292,0
time_to_target,pdp_100,lrc104,1,,3,16,efficient_su2,,,,,,,,,,0.13338740000017424,0
time_to_target,pdp_100,lrc104,1,,3,16,hybrid_alns,,,,,,,,,,0.044392799999513954,0
fixed_budget,pdp_100,lrc105,1,54,3,16,ropke_distance_fixed_k,13,1637.62,inf,2328738.7654913003,inf,inf,inf,1.7854542000004585,0,,
fixed_budget,pdp_100,lrc105,1,54,3,16,qaoa,13,1637.62,inf,2273447.6140267504,inf,inf,inf,2.7398756000002322,0,,
fixed_budget,pdp_100,lrc105,1,54,3,16,efficient_su2,13,1637.62,inf,2415696.313654856,inf,inf,inf,2.685975299999882,0,,
fixed_budget,pdp_100,lrc105,1,54,3,16,hybrid_alns,13,1637.62,inf,1915421.4124068688,inf,inf,inf,2.742175800000041,0,,
time_to_target,pdp_100,lrc105,1,,3,16,ropke_distance_fixed_k,,,,,,,,,,0.03198740000061662,0
time_to_target,pdp_100,lrc105,1,,3,16,qaoa,,,,,,,,,,0.06776420000005601,0
time_to_target,pdp_100,lrc105,1,,3,16,efficient_su2,,,,,,,,,,0.03324410000004718,0
time_to_target,pdp_100,lrc105,1,,3,16,hybrid_alns,,,,,,,,,,0.03856550000000425,0
fixed_budget,pdp_100,lrc106,1,53,3,16,ropke_distance_fixed_k,11,1424.73,inf,5352979.543189054,inf,inf,inf,3.1369208999994953,0,,
fixed_budget,pdp_100,lrc106,1,53,3,16,qaoa,11,1424.73,inf,6791634.164108028,inf,inf,inf,3.158732699999746,0,,
fixed_budget,pdp_100,lrc106,1,53,3,16,efficient_su2,11,1424.73,inf,4991581.275861641,inf,inf,inf,3.2225729000001593,0,,
fixed_budget,pdp_100,lrc106,1,53,3,16,hybrid_alns,11,1424.73,inf,6366556.661881827,inf,inf,inf,3.1236928999996962,0,,
time_to_target,pdp_100,lrc106,1,,3,16,ropke_distance_fixed_k,,,,,,,,,,0.09855900000002293,0
time_to_target,pdp_100,lrc106,1,,3,16,qaoa,,,,,,,,,,0.038427499999670545,0
time_to_target,pdp_100,lrc106,1,,3,16,efficient_su2,,,,,,,,,,0.04522180000003573,0
time_to_target,pdp_100,lrc106,1,,3,16,hybrid_alns,,,,,,,,,,0.06632360000003246,0
fixed_budget,pdp_100,lrc107,1,53,3,16,ropke_distance_fixed_k,11,1230.14,inf,4531312.467831882,inf,inf,inf,2.9596228000000337,0,,
fixed_budget,pdp_100,lrc107,1,53,3,16,qaoa,11,1230.14,inf,4618011.649053087,inf,inf,inf,2.938059500000236,0,,
fixed_budget,pdp_100,lrc107,1,53,3,16,efficient_su2,11,1230.14,inf,3918637.2021634,inf,inf,inf,1.9789609999997992,0,,
fixed_budget,pdp_100,lrc107,1,53,3,16,hybrid_alns,11,1230.14,inf,4404252.056931805,inf,inf,inf,3.0294313000003967,0,,
time_to_target,pdp_100,lrc107,1,,3,16,ropke_distance_fixed_k,,,,,,,,,,0.03531399999974383,0
time_to_target,pdp_100,lrc107,1,,3,16,qaoa,,,,,,,,,,0.03762020000067423,0
time_to_target,pdp_100,lrc107,1,,3,16,efficient_su2,,,,,,,,,,0.03614139999990584,0
time_to_target,pdp_100,lrc107,1,,3,16,hybrid_alns,,,,,,,,,,0.052542600000379025,0
fixed_budget,pdp_100,lrc108,1,52,3,16,ropke_distance_fixed_k,10,1147.43,inf,5717717.63978696,inf,inf,inf,3.181835299999875,0,,
fixed_budget,pdp_100,lrc108,1,52,3,16,qaoa,10,1147.43,inf,6226978.3870900115,inf,inf,inf,3.449373899999955,0,,
fixed_budget,pdp_100,lrc108,1,52,3,16,efficient_su2,10,1147.43,inf,5229160.00446803,inf,inf,inf,3.4205948999997418,0,,
fixed_budget,pdp_100,lrc108,1,52,3,16,hybrid_alns,10,1147.43,inf,4988391.078849444,inf,inf,inf,3.1973249000002397,0,,
time_to_target,pdp_100,lrc108,1,,3,16,ropke_distance_fixed_k,,,,,,,,,,0.07576009999957023,0
time_to_target,pdp_100,lrc108,1,,3,16,qaoa,,,,,,,,,,0.11275750000004336,0
time_to_target,pdp_100,lrc108,1,,3,16,efficient_su2,,,,,,,,,,0.07403269999940676,0
time_to_target,pdp_100,lrc108,1,,3,16,hybrid_alns,,,,,,,,,,0.04017629999998462,0
fixed_budget,pdp_100,lrc201,1,51,3,16,ropke_distance_fixed_k,4,1406.94,inf,4896514.484789393,inf,inf,inf,10.505879899999854,0,,
fixed_budget,pdp_100,lrc201,1,51,3,16,qaoa,4,1406.94,inf,5413435.384665904,inf,inf,inf,8.803207400000247,0,,
fixed_budget,pdp_100,lrc201,1,51,3,16,efficient_su2,4,1406.94,inf,5059748.410480901,inf,inf,inf,7.311113599999771,0,,
fixed_budget,pdp_100,lrc201,1,51,3,16,hybrid_alns,4,1406.94,inf,5095782.3438323205,inf,inf,inf,7.207772900000236,0,,
time_to_target,pdp_100,lrc201,1,,3,16,ropke_distance_fixed_k,,,,,,,,,,0.2184415000001536,0
time_to_target,pdp_100,lrc201,1,,3,16,qaoa,,,,,,,,,,0.2636438999998063,0
time_to_target,pdp_100,lrc201,1,,3,16,efficient_su2,,,,,,,,,,0.12812659999963216,0
time_to_target,pdp_100,lrc201,1,,3,16,hybrid_alns,,,,,,,,,,0.13486589999956777,0
fixed_budget,pdp_100,lrc202,1,51,3,16,ropke_distance_fixed_k,3,1374.27,inf,11863280.114215322,inf,inf,inf,14.863195500000074,0,,
fixed_budget,pdp_100,lrc202,1,51,3,16,qaoa,3,1374.27,inf,12446866.451051056,inf,inf,inf,13.629337200000009,0,,
fixed_budget,pdp_100,lrc202,1,51,3,16,efficient_su2,3,1374.27,inf,12474600.249944009,inf,inf,inf,14.654959399999825,0,,
fixed_budget,pdp_100,lrc202,1,51,3,16,hybrid_alns,3,1374.27,inf,12474600.249944009,inf,inf,inf,12.602640399999473,0,,
time_to_target,pdp_100,lrc202,1,,3,16,ropke_distance_fixed_k,,,,,,,,,,0.3060206999998627,0
time_to_target,pdp_100,lrc202,1,,3,16,qaoa,,,,,,,,,,0.29206059999978606,0
time_to_target,pdp_100,lrc202,1,,3,16,efficient_su2,,,,,,,,,,0.2946585999998206,0
time_to_target,pdp_100,lrc202,1,,3,16,hybrid_alns,,,,,,,,,,0.30598600000030274,0
fixed_budget,pdp_100,lrc203,1,51,3,16,ropke_distance_fixed_k,3,1089.07,inf,2467692.493003616,inf,inf,inf,11.697522100000242,0,,
fixed_budget,pdp_100,lrc203,1,51,3,16,qaoa,3,1089.07,inf,2467692.493003616,inf,inf,inf,11.097989699999744,0,,
fixed_budget,pdp_100,lrc203,1,51,3,16,efficient_su2,3,1089.07,inf,2467692.493003616,inf,inf,inf,13.977231900000334,0,,
fixed_budget,pdp_100,lrc203,1,51,3,16,hybrid_alns,3,1089.07,inf,2467692.493003616,inf,inf,inf,13.776319700000386,0,,
time_to_target,pdp_100,lrc203,1,,3,16,ropke_distance_fixed_k,,,,,,,,,,0.2137433999996574,0
time_to_target,pdp_100,lrc203,1,,3,16,qaoa,,,,,,,,,,0.2184010999999373,0
time_to_target,pdp_100,lrc203,1,,3,16,efficient_su2,,,,,,,,,,0.2146362000003137,0
time_to_target,pdp_100,lrc203,1,,3,16,hybrid_alns,,,,,,,,,,0.2763849000002665,0
fixed_budget,pdp_100,lrc204,1,51,3,16,ropke_distance_fixed_k,3,818.66,inf,73377.59550370394,inf,inf,inf,15.019187499999134,0,,
fixed_budget,pdp_100,lrc204,1,51,3,16,qaoa,3,818.66,inf,73377.59550370394,inf,inf,inf,14.056729199999609,0,,
fixed_budget,pdp_100,lrc204,1,51,3,16,efficient_su2,3,818.66,inf,73377.59550370394,inf,inf,inf,12.591198899999654,0,,
fixed_budget,pdp_100,lrc204,1,51,3,16,hybrid_alns,3,818.66,inf,73377.59550370394,inf,inf,inf,11.816421500000615,0,,
time_to_target,pdp_100,lrc204,1,,3,16,ropke_distance_fixed_k,,,,,,,,,,0.29878979999921285,0
time_to_target,pdp_100,lrc204,1,,3,16,qaoa,,,,,,,,,,0.2929532999996809,0
time_to_target,pdp_100,lrc204,1,,3,16,efficient_su2,,,,,,,,,,0.31330569999954605,0
time_to_target,pdp_100,lrc204,1,,3,16,hybrid_alns,,,,,,,,,,0.23321149999992485,0
fixed_budget,pdp_100,lrc205,1,51,3,16,ropke_distance_fixed_k,4,1302.2,inf,2679782.7041846495,inf,inf,inf,8.679311200000484,0,,
fixed_budget,pdp_100,lrc205,1,51,3,16,qaoa,4,1302.2,inf,3283056.7526963623,inf,inf,inf,9.018246999999974,0,,
fixed_budget,pdp_100,lrc205,1,51,3,16,efficient_su2,4,1302.2,inf,3420327.129647418,inf,inf,inf,8.429948500000137,0,,
fixed_budget,pdp_100,lrc205,1,51,3,16,hybrid_alns,4,1302.2,inf,3413278.491272671,inf,inf,inf,9.210646900000029,0,,
time_to_target,pdp_100,lrc205,1,,3,16,ropke_distance_fixed_k,,,,,,,,,,0.14947070000016538,0
time_to_target,pdp_100,lrc205,1,,3,16,qaoa,,,,,,,,,,0.22109670000008919,0
time_to_target,pdp_100,lrc205,1,,3,16,efficient_su2,,,,,,,,,,0.15489909999996598,0
time_to_target,pdp_100,lrc205,1,,3,16,hybrid_alns,,,,,,,,,,0.12633049999931245,0
fixed_budget,pdp_100,lrc206,1,51,3,16,ropke_distance_fixed_k,3,1159.03,inf,15098743.25689921,inf,inf,inf,13.806454399999893,0,,
fixed_budget,pdp_100,lrc206,1,51,3,16,qaoa,3,1159.03,inf,15495506.341832995,inf,inf,inf,13.340219299999262,0,,
fixed_budget,pdp_100,lrc206,1,51,3,16,efficient_su2,3,1159.03,inf,15004255.49260693,inf,inf,inf,10.97640279999996,0,,
fixed_budget,pdp_100,lrc206,1,51,3,16,hybrid_alns,3,1159.03,inf,14862854.636235107,inf,inf,inf,12.002384499999607,0,,
time_to_target,pdp_100,lrc206,1,,3,16,ropke_distance_fixed_k,,,,,,,,,,0.2894416999997702,0
time_to_target,pdp_100,lrc206,1,,3,16,qaoa,,,,,,,,,,0.2887180999996417,0
time_to_target,pdp_100,lrc206,1,,3,16,efficient_su2,,,,,,,,,,0.23153189999993629,0
time_to_target,pdp_100,lrc206,1,,3,16,hybrid_alns,,,,,,,,,,0.21008869999968738,0
fixed_budget,pdp_100,lrc207,1,51,3,16,ropke_distance_fixed_k,3,1062.05,inf,12462533.794173025,inf,inf,inf,14.493704600000456,0,,
fixed_budget,pdp_100,lrc207,1,51,3,16,qaoa,3,1062.05,inf,9834315.735789344,inf,inf,inf,13.648597399999744,0,,
fixed_budget,pdp_100,lrc207,1,51,3,16,efficient_su2,3,1062.05,inf,13957909.76082959,inf,inf,inf,14.335928700000295,0,,
fixed_budget,pdp_100,lrc207,1,51,3,16,hybrid_alns,3,1062.05,inf,12475255.014333157,inf,inf,inf,13.30699260000074,0,,
time_to_target,pdp_100,lrc207,1,,3,16,ropke_distance_fixed_k,,,,,,,,,,0.31449870000051305,0
time_to_target,pdp_100,lrc207,1,,3,16,qaoa,,,,,,,,,,0.29557539999950677,0
time_to_target,pdp_100,lrc207,1,,3,16,efficient_su2,,,,,,,,,,0.30078150000008463,0
time_to_target,pdp_100,lrc207,1,,3,16,hybrid_alns,,,,,,,,,,0.2917624000001524,0
fixed_budget,pdp_100,lrc208,1,51,3,16,ropke_distance_fixed_k,3,852.76,inf,5324109.5479305405,inf,inf,inf,11.130470699999933,0,,
fixed_budget,pdp_100,lrc208,1,51,3,16,qaoa,3,852.76,inf,6283591.334652552,inf,inf,inf,11.325395200000457,0,,
fixed_budget,pdp_100,lrc208,1,51,3,16,efficient_su2,3,852.76,inf,5428316.24905238,inf,inf,inf,14.484720800000105,0,,
fixed_budget,pdp_100,lrc208,1,51,3,16,hybrid_alns,3,852.76,inf,4324183.011852607,inf,inf,inf,13.659323699999732,0,,
time_to_target,pdp_100,lrc208,1,,3,16,ropke_distance_fixed_k,,,,,,,,,,0.27139380000062374,0
time_to_target,pdp_100,lrc208,1,,3,16,qaoa,,,,,,,,,,0.21581179999975575,0
time_to_target,pdp_100,lrc208,1,,3,16,efficient_su2,,,,,,,,,,0.2936952999998539,0
time_to_target,pdp_100,lrc208,1,,3,16,hybrid_alns,,,,,,,,,,0.285317899999427,0
fixed_budget,pdp_100,lc101,1,53,4,16,ropke_distance_fixed_k,10,828.94,828.9368669428341,828.9368669428341,828.9368669428341,0.0,-3.7795946220431313e-06,3.6276918000003207,1,,
fixed_budget,pdp_100,lc101,1,53,4,16,qaoa,10,828.94,828.9368669428341,828.9368669428341,828.9368669428341,0.0,-3.7795946220431313e-06,3.8419206999997186,1,,
fixed_budget,pdp_100,lc101,1,53,4,16,efficient_su2,10,828.94,828.9368669428341,828.9368669428341,828.9368669428341,0.0,-3.7795946220431313e-06,4.041082600000664,1,,
fixed_budget,pdp_100,lc101,1,53,4,16,hybrid_alns,10,828.94,828.9368669428341,828.9368669428341,828.9368669428341,0.0,-3.7795946220431313e-06,3.708271600000444,1,,
time_to_target,pdp_100,lc101,1,,4,16,ropke_distance_fixed_k,,,,,,,,,,0.05578280000008817,0
time_to_target,pdp_100,lc101,1,,4,16,qaoa,,,,,,,,,,0.09773330000007263,0
time_to_target,pdp_100,lc101,1,,4,16,efficient_su2,,,,,,,,,,0.0723864000001413,0
time_to_target,pdp_100,lc101,1,,4,16,hybrid_alns,,,,,,,,,,0.1160743000000366,0
fixed_budget,pdp_100,lc102,1,53,4,16,ropke_distance_fixed_k,10,828.94,inf,6835206.567871202,inf,inf,inf,3.4372505999999703,0,,
fixed_budget,pdp_100,lc102,1,53,4,16,qaoa,10,828.94,inf,6835206.567871202,inf,inf,inf,3.457823599999756,0,,
fixed_budget,pdp_100,lc102,1,53,4,16,efficient_su2,10,828.94,inf,5169296.212147489,inf,inf,inf,3.3963018000004013,0,,
fixed_budget,pdp_100,lc102,1,53,4,16,hybrid_alns,10,828.94,inf,6835206.567871202,inf,inf,inf,4.205832599999667,0,,
time_to_target,pdp_100,lc102,1,,4,16,ropke_distance_fixed_k,,,,,,,,,,0.0681006000004345,0
time_to_target,pdp_100,lc102,1,,4,16,qaoa,,,,,,,,,,0.07629530000031082,0
time_to_target,pdp_100,lc102,1,,4,16,efficient_su2,,,,,,,,,,0.11556319999999687,0
time_to_target,pdp_100,lc102,1,,4,16,hybrid_alns,,,,,,,,,,0.14233319999948435,0
fixed_budget,pdp_100,lc103,1,52,4,16,ropke_distance_fixed_k,9,1035.35,inf,4189014.37767134,inf,inf,inf,5.142416499999854,0,,
fixed_budget,pdp_100,lc103,1,52,4,16,qaoa,9,1035.35,inf,4189014.37767134,inf,inf,inf,5.027969000000667,0,,
fixed_budget,pdp_100,lc103,1,52,4,16,efficient_su2,9,1035.35,inf,4189014.37767134,inf,inf,inf,4.976451900000029,0,,
fixed_budget,pdp_100,lc103,1,52,4,16,hybrid_alns,9,1035.35,inf,4189014.37767134,inf,inf,inf,5.25359010000011,0,,
time_to_target,pdp_100,lc103,1,,4,16,ropke_distance_fixed_k,,,,,,,,,,0.10737169999993057,0
time_to_target,pdp_100,lc103,1,,4,16,qaoa,,,,,,,,,,0.13366540000060922,0
time_to_target,pdp_100,lc103,1,,4,16,efficient_su2,,,,,,,,,,0.10768430000007356,0
time_to_target,pdp_100,lc103,1,,4,16,hybrid_alns,,,,,,,,,,0.11000020000028599,0
fixed_budget,pdp_100,lc104,1,53,4,16,ropke_distance_fixed_k,9,860.01,inf,1313573.8896566955,inf,inf,inf,4.963684499999545,0,,
fixed_budget,pdp_100,lc104,1,53,4,16,qaoa,9,860.01,inf,1313573.8896566955,inf,inf,inf,5.547726900000271,0,,
fixed_budget,pdp_100,lc104,1,53,4,16,efficient_su2,9,860.01,inf,1313573.8896566955,inf,inf,inf,5.216749699999127,0,,
fixed_budget,pdp_100,lc104,1,53,4,16,hybrid_alns,9,860.01,inf,1313573.8896566955,inf,inf,inf,5.1134375000001455,0,,
time_to_target,pdp_100,lc104,1,,4,16,ropke_distance_fixed_k,,,,,,,,,,0.07527389999995648,0
time_to_target,pdp_100,lc104,1,,4,16,qaoa,,,,,,,,,,0.07620680000036373,0
time_to_target,pdp_100,lc104,1,,4,16,efficient_su2,,,,,,,,,,0.09588839999923948,0
time_to_target,pdp_100,lc104,1,,4,16,hybrid_alns,,,,,,,,,,0.06064100000003236,0
fixed_budget,pdp_100,lc105,1,53,4,16,ropke_distance_fixed_k,10,828.94,inf,14821160.912271824,inf,inf,inf,4.5224716000002445,0,,
fixed_budget,pdp_100,lc105,1,53,4,16,qaoa,10,828.94,inf,14821160.912271824,inf,inf,inf,4.829510700000355,0,,
fixed_budget,pdp_100,lc105,1,53,4,16,efficient_su2,10,828.94,inf,14821160.912271824,inf,inf,inf,4.1946656000000075,0,,
fixed_budget,pdp_100,lc105,1,53,4,16,hybrid_alns,10,828.94,inf,14821160.912271824,inf,inf,inf,4.6275148000004265,0,,
time_to_target,pdp_100,lc105,1,,4,16,ropke_distance_fixed_k,,,,,,,,,,0.055400100000042585,0
time_to_target,pdp_100,lc105,1,,4,16,qaoa,,,,,,,,,,0.12262800000007701,0
time_to_target,pdp_100,lc105,1,,4,16,efficient_su2,,,,,,,,,,0.054398199999923236,0
time_to_target,pdp_100,lc105,1,,4,16,hybrid_alns,,,,,,,,,,0.0877347000005102,0
fixed_budget,pdp_100,lc106,1,53,4,16,ropke_distance_fixed_k,10,828.94,inf,6369567.646025025,inf,inf,inf,4.8285149000003,0,,
fixed_budget,pdp_100,lc106,1,53,4,16,qaoa,10,828.94,inf,7399122.480212065,inf,inf,inf,4.630515000000742,0,,
fixed_budget,pdp_100,lc106,1,53,4,16,efficient_su2,10,828.94,inf,7399122.480212065,inf,inf,inf,4.88287180000043,0,,
fixed_budget,pdp_100,lc106,1,53,4,16,hybrid_alns,10,828.94,inf,7325273.742698534,inf,inf,inf,4.671692800000528,0,,
time_to_target,pdp_100,lc106,1,,4,16,ropke_distance_fixed_k,,,,,,,,,,0.08555260000048293,0
time_to_target,pdp_100,lc106,1,,4,16,qaoa,,,,,,,,,,0.06856970000080764,0
time_to_target,pdp_100,lc106,1,,4,16,efficient_su2,,,,,,,,,,0.09797260000050301,0
time_to_target,pdp_100,lc106,1,,4,16,hybrid_alns,,,,,,,,,,0.10813990000042395,0
fixed_budget,pdp_100,lc107,1,53,4,16,ropke_distance_fixed_k,10,828.94,inf,9931900.720405692,inf,inf,inf,4.229244600000129,0,,
fixed_budget,pdp_100,lc107,1,53,4,16,qaoa,10,828.94,inf,10042155.685847528,inf,inf,inf,5.006365799999912,0,,
fixed_budget,pdp_100,lc107,1,53,4,16,efficient_su2,10,828.94,inf,9931900.720405692,inf,inf,inf,5.054569400000219,0,,
fixed_budget,pdp_100,lc107,1,53,4,16,hybrid_alns,10,828.94,inf,9931900.720405692,inf,inf,inf,4.7677622999999585,0,,
time_to_target,pdp_100,lc107,1,,4,16,ropke_distance_fixed_k,,,,,,,,,,0.053471600000193575,0
time_to_target,pdp_100,lc107,1,,4,16,qaoa,,,,,,,,,,0.12571680000019114,0
time_to_target,pdp_100,lc107,1,,4,16,efficient_su2,,,,,,,,,,0.1261958000004597,0
time_to_target,pdp_100,lc107,1,,4,16,hybrid_alns,,,,,,,,,,0.056363199999395874,0
fixed_budget,pdp_100,lc108,1,53,4,16,ropke_distance_fixed_k,10,826.44,inf,7241379.46757529,inf,inf,inf,4.678638899999896,0,,
fixed_budget,pdp_100,lc108,1,53,4,16,qaoa,10,826.44,inf,7241379.46757529,inf,inf,inf,4.853769999999713,0,,
fixed_budget,pdp_100,lc108,1,53,4,16,efficient_su2,10,826.44,inf,7241379.46757529,inf,inf,inf,4.193941800000175,0,,
fixed_budget,pdp_100,lc108,1,53,4,16,hybrid_alns,10,826.44,inf,7241379.46757529,inf,inf,inf,4.692119700000148,0,,
time_to_target,pdp_100,lc108,1,,4,16,ropke_distance_fixed_k,,,,,,,,,,0.1126604999999472,0
time_to_target,pdp_100,lc108,1,,4,16,qaoa,,,,,,,,,,0.09990419999940059,0
time_to_target,pdp_100,lc108,1,,4,16,efficient_su2,,,,,,,,,,0.1203667999998288,0
time_to_target,pdp_100,lc108,1,,4,16,hybrid_alns,,,,,,,,,,0.12722219999977824,0
fixed_budget,pdp_100,lc109,1,53,4,16,ropke_distance_fixed_k,9,1000.6,inf,8228381.479505691,inf,inf,inf,5.268193399999291,0,,
fixed_budget,pdp_100,lc109,1,53,4,16,qaoa,9,1000.6,inf,8228381.479505691,inf,inf,inf,5.262803399999939,0,,
fixed_budget,pdp_100,lc109,1,53,4,16,efficient_su2,9,1000.6,inf,8228381.479505691,inf,inf,inf,5.362413700000616,0,,
fixed_budget,pdp_100,lc109,1,53,4,16,hybrid_alns,9,1000.6,inf,8228381.479505691,inf,inf,inf,5.181741399999737,0,,
time_to_target,pdp_100,lc109,1,,4,16,ropke_distance_fixed_k,,,,,,,,,,0.12078649999966729,0
time_to_target,pdp_100,lc109,1,,4,16,qaoa,,,,,,,,,,0.06245810000018537,0
time_to_target,pdp_100,lc109,1,,4,16,efficient_su2,,,,,,,,,,0.06282760000067356,0
time_to_target,pdp_100,lc109,1,,4,16,hybrid_alns,,,,,,,,,,0.12774220000028436,0
fixed_budget,pdp_100,lc201,1,51,4,16,ropke_distance_fixed_k,3,591.56,591.5565566715015,591.5565566715015,591.5565566715015,0.0,-5.820759514514365e-06,21.116835299999366,1,,
fixed_budget,pdp_100,lc201,1,51,4,16,qaoa,3,591.56,591.5565566715015,591.5565566715015,591.5565566715015,0.0,-5.820759514514365e-06,22.567642399999386,1,,
fixed_budget,pdp_100,lc201,1,51,4,16,efficient_su2,3,591.56,591.5565566715015,591.5565566715015,591.5565566715015,0.0,-5.820759514514365e-06,19.771359600000324,1,,
fixed_budget,pdp_100,lc201,1,51,4,16,hybrid_alns,3,591.56,591.5565566715015,591.5565566715015,591.5565566715015,0.0,-5.820759514514365e-06,21.441792800000258,1,,
time_to_target,pdp_100,lc201,1,,4,16,ropke_distance_fixed_k,,,,,,,,,,0.26584879999973055,0
time_to_target,pdp_100,lc201,1,,4,16,qaoa,,,,,,,,,,0.5071914000000106,0
time_to_target,pdp_100,lc201,1,,4,16,efficient_su2,,,,,,,,,,0.42730549999942014,0
time_to_target,pdp_100,lc201,1,,4,16,hybrid_alns,,,,,,,,,,0.4745916000001671,0
fixed_budget,pdp_100,lc202,1,51,4,16,ropke_distance_fixed_k,3,591.56,591.5565566715015,591.5565566715015,591.5565566715015,0.0,-5.820759514514365e-06,19.48009319999983,1,,
fixed_budget,pdp_100,lc202,1,51,4,16,qaoa,3,591.56,591.5565566715015,591.5565566715015,591.5565566715015,0.0,-5.820759514514365e-06,21.56041490000007,1,,
fixed_budget,pdp_100,lc202,1,51,4,16,efficient_su2,3,591.56,591.5565566715015,591.5565566715015,591.5565566715015,0.0,-5.820759514514365e-06,19.230101499999364,1,,
fixed_budget,pdp_100,lc202,1,51,4,16,hybrid_alns,3,591.56,591.5565566715015,591.5565566715015,591.5565566715015,0.0,-5.820759514514365e-06,21.24940229999993,1,,
time_to_target,pdp_100,lc202,1,,4,16,ropke_distance_fixed_k,,,,,,,,,,0.409978300000148,0
time_to_target,pdp_100,lc202,1,,4,16,qaoa,,,,,,,,,,0.4178799999999683,0
time_to_target,pdp_100,lc202,1,,4,16,efficient_su2,,,,,,,,,,0.3523734999998851,0
time_to_target,pdp_100,lc202,1,,4,16,hybrid_alns,,,,,,,,,,0.41158829999949376,0
fixed_budget,pdp_100,lc203,1,51,4,16,ropke_distance_fixed_k,3,591.17,inf,10471432.771259587,inf,inf,inf,19.812809500000185,0,,
fixed_budget,pdp_100,lc203,1,51,4,16,qaoa,3,591.17,inf,10542057.202443276,inf,inf,inf,21.992340099999637,0,,
fixed_budget,pdp_100,lc203,1,51,4,16,efficient_su2,3,591.17,inf,10542057.202443276,inf,inf,inf,16.871070099999997,0,,
fixed_budget,pdp_100,lc203,1,51,4,16,hybrid_alns,3,591.17,inf,11051048.810603557,inf,inf,inf,14.591693200000009,0,,
time_to_target,pdp_100,lc203,1,,4,16,ropke_distance_fixed_k,,,,,,,,,,0.3866244999999253,0
time_to_target,pdp_100,lc203,1,,4,16,qaoa,,,,,,,,,,0.40335770000001503,0
time_to_target,pdp_100,lc203,1,,4,16,efficient_su2,,,,,,,,,,0.3887440999997125,0
time_to_target,pdp_100,lc203,1,,4,16,hybrid_alns,,,,,,,,,,0.27686699999958364,0
fixed_budget,pdp_100,lc204,1,51,4,16,ropke_distance_fixed_k,3,590.6,inf,1850704.106332381,inf,inf,inf,18.085723499999403,0,,
fixed_budget,pdp_100,lc204,1,51,4,16,qaoa,3,590.6,inf,1850704.106332381,inf,inf,inf,17.154268799999954,0,,
fixed_budget,pdp_100,lc204,1,51,4,16,efficient_su2,3,590.6,inf,1850704.106332381,inf,inf,inf,17.222437700000228,0,,
fixed_budget,pdp_100,lc204,1,51,4,16,hybrid_alns,3,590.6,inf,1850704.106332381,inf,inf,inf,15.560664700000416,0,,
time_to_target,pdp_100,lc204,1,,4,16,ropke_distance_fixed_k,,,,,,,,,,0.3439619999999195,0
time_to_target,pdp_100,lc204,1,,4,16,qaoa,,,,,,,,,,0.3671402999998463,0
time_to_target,pdp_100,lc204,1,,4,16,efficient_su2,,,,,,,,,,0.4022635999999693,0
time_to_target,pdp_100,lc204,1,,4,16,hybrid_alns,,,,,,,,,,0.31454220000068744,0
fixed_budget,pdp_100,lc205,1,51,4,16,ropke_distance_fixed_k,3,588.88,inf,73062400.44518556,inf,inf,inf,13.627485500000148,0,,
fixed_budget,pdp_100,lc205,1,51,4,16,qaoa,3,588.88,inf,77039051.91773766,inf,inf,inf,17.6156504999999,0,,
fixed_budget,pdp_100,lc205,1,51,4,16,efficient_su2,3,588.88,inf,65027053.22929642,inf,inf,inf,18.033120600000075,0,,
fixed_budget,pdp_100,lc205,1,51,4,16,hybrid_alns,3,588.88,inf,75368833.11505392,inf,inf,inf,18.46424829999978,0,,
time_to_target,pdp_100,lc205,1,,4,16,ropke_distance_fixed_k,,,,,,,,,,0.26408119999996416,0
time_to_target,pdp_100,lc205,1,,4,16,qaoa,,,,,,,,,,0.2644171000001734,0
time_to_target,pdp_100,lc205,1,,4,16,efficient_su2,,,,,,,,,,0.3368791000002602,0
time_to_target,pdp_100,lc205,1,,4,16,hybrid_alns,,,,,,,,,,0.407893999999942,0
fixed_budget,pdp_100,lc206,1,51,4,16,ropke_distance_fixed_k,3,588.49,inf,39552202.03373626,inf,inf,inf,16.29102729999977,0,,
fixed_budget,pdp_100,lc206,1,51,4,16,qaoa,3,588.49,inf,38016971.702103525,inf,inf,inf,13.985180699999546,0,,
fixed_budget,pdp_100,lc206,1,51,4,16,efficient_su2,3,588.49,inf,39552202.03373626,inf,inf,inf,17.196608500000366,0,,
fixed_budget,pdp_100,lc206,1,51,4,16,hybrid_alns,3,588.49,inf,39552202.03373626,inf,inf,inf,17.571563999999853,0,,
time_to_target,pdp_100,lc206,1,,4,16,ropke_distance_fixed_k,,,,,,,,,,0.36330720000023575,0
time_to_target,pdp_100,lc206,1,,4,16,qaoa,,,,,,,,,,0.3543419999996331,0
time_to_target,pdp_100,lc206,1,,4,16,efficient_su2,,,,,,,,,,0.26700780000010127,0
time_to_target,pdp_100,lc206,1,,4,16,hybrid_alns,,,,,,,,,,0.3794914999998582,0
fixed_budget,pdp_100,lc207,1,51,4,16,ropke_distance_fixed_k,3,588.29,inf,19224457.408220775,inf,inf,inf,18.036734599999363,0,,
fixed_budget,pdp_100,lc207,1,51,4,16,qaoa,3,588.29,inf,18953428.600065883,inf,inf,inf,16.295239800000672,0,,
fixed_budget,pdp_100,lc207,1,51,4,16,efficient_su2,3,588.29,inf,18953428.600065883,inf,inf,inf,13.717909099999815,0,,
fixed_budget,pdp_100,lc207,1,51,4,16,hybrid_alns,3,588.29,inf,19165298.65419,inf,inf,inf,15.579726300000402,0,,
time_to_target,pdp_100,lc207,1,,4,16,ropke_distance_fixed_k,,,,,,,,,,0.4025813999996899,0
time_to_target,pdp_100,lc207,1,,4,16,qaoa,,,,,,,,,,0.2852120000006835,0
time_to_target,pdp_100,lc207,1,,4,16,efficient_su2,,,,,,,,,,0.2665156000002753,0
time_to_target,pdp_100,lc207,1,,4,16,hybrid_alns,,,,,,,,,,0.305300800000623,0
fixed_budget,pdp_100,lc208,1,51,4,16,ropke_distance_fixed_k,3,588.32,inf,34177371.13581891,inf,inf,inf,18.369817100000546,0,,
fixed_budget,pdp_100,lc208,1,51,4,16,qaoa,3,588.32,inf,29024965.790807106,inf,inf,inf,18.42421740000009,0,,
fixed_budget,pdp_100,lc208,1,51,4,16,efficient_su2,3,588.32,inf,36427308.77553017,inf,inf,inf,16.682856500000526,0,,
fixed_budget,pdp_100,lc208,1,51,4,16,hybrid_alns,3,588.32,inf,37863583.84250879,inf,inf,inf,14.304757300000347,0,,
time_to_target,pdp_100,lc208,1,,4,16,ropke_distance_fixed_k,,,,,,,,,,0.39946430000054534,0
time_to_target,pdp_100,lc208,1,,4,16,qaoa,,,,,,,,,,0.3979867000007289,0
time_to_target,pdp_100,lc208,1,,4,16,efficient_su2,,,,,,,,,,0.45004990000052203,0
time_to_target,pdp_100,lc208,1,,4,16,hybrid_alns,,,,,,,,,,0.34753490000002785,0
fixed_budget,pdp_100,lr101,1,53,4,16,ropke_distance_fixed_k,19,1650.8,inf,568226.6635259885,inf,inf,inf,1.8696994000001723,0,,
fixed_budget,pdp_100,lr101,1,53,4,16,qaoa,19,1650.8,inf,568226.6635259885,inf,inf,inf,1.7663651000002574,0,,
fixed_budget,pdp_100,lr101,1,53,4,16,efficient_su2,19,1650.8,inf,568226.6635259885,inf,inf,inf,1.7421995000004245,0,,
fixed_budget,pdp_100,lr101,1,53,4,16,hybrid_alns,19,1650.8,inf,568226.6635259885,inf,inf,inf,1.5845751999995628,0,,
time_to_target,pdp_100,lr101,1,,4,16,ropke_distance_fixed_k,,,,,,,,,,0.03142130000014731,0
time_to_target,pdp_100,lr101,1,,4,16,qaoa,,,,,,,,,,0.041163500000038766,0
time_to_target,pdp_100,lr101,1,,4,16,efficient_su2,,,,,,,,,,0.04118060000018886,0
time_to_target,pdp_100,lr101,1,,4,16,hybrid_alns,,,,,,,,,,0.029801200000292738,0
fixed_budget,pdp_100,lr102,1,55,4,16,ropke_distance_fixed_k,17,1487.57,inf,51098.801177267276,inf,inf,inf,2.537757999999485,0,,
fixed_budget,pdp_100,lr102,1,55,4,16,qaoa,17,1487.57,inf,51098.801177267276,inf,inf,inf,2.8502462000005835,0,,
fixed_budget,pdp_100,lr102,1,55,4,16,efficient_su2,17,1487.57,inf,51098.801177267276,inf,inf,inf,2.5594415999994453,0,,
fixed_budget,pdp_100,lr102,1,55,4,16,hybrid_alns,17,1487.57,inf,51098.801177267276,inf,inf,inf,2.5106261000000814,0,,
time_to_target,pdp_100,lr102,1,,4,16,ropke_distance_fixed_k,,,,,,,,,,0.04961860000003071,0
time_to_target,pdp_100,lr102,1,,4,16,qaoa,,,,,,,,,,0.05083860000013374,0
time_to_target,pdp_100,lr102,1,,4,16,efficient_su2,,,,,,,,,,0.037807199999406294,0
time_to_target,pdp_100,lr102,1,,4,16,hybrid_alns,,,,,,,,,,0.033230400000320515,0
fixed_budget,pdp_100,lr103,1,52,4,16,ropke_distance_fixed_k,13,1292.68,inf,1307935.3799382285,inf,inf,inf,2.552646199999799,0,,
fixed_budget,pdp_100,lr103,1,52,4,16,qaoa,13,1292.68,inf,1307935.3799382285,inf,inf,inf,2.939556100000118,0,,
fixed_budget,pdp_100,lr103,1,52,4,16,efficient_su2,13,1292.68,inf,1307935.3799382285,inf,inf,inf,2.2775996000000305,0,,
fixed_budget,pdp_100,lr103,1,52,4,16,hybrid_alns,13,1292.68,inf,1263299.0013288301,inf,inf,inf,2.772545999999238,0,,
time_to_target,pdp_100,lr103,1,,4,16,ropke_distance_fixed_k,,,,,,,,,,0.048360300000240386,0
time_to_target,pdp_100,lr103,1,,4,16,qaoa,,,,,,,,,,0.04877660000056494,0
time_to_target,pdp_100,lr103,1,,4,16,efficient_su2,,,,,,,,,,0.10425099999974918,0
time_to_target,pdp_100,lr103,1,,4,16,hybrid_alns,,,,,,,,,,0.038025899999411195,0
fixed_budget,pdp_100,lr104,1,52,4,16,ropke_distance_fixed_k,9,1013.39,inf,3672596.1194250267,inf,inf,inf,4.03534320000017,0,,
fixed_budget,pdp_100,lr104,1,52,4,16,qaoa,9,1013.39,inf,3805397.3065616004,inf,inf,inf,4.124643199999809,0,,
fixed_budget,pdp_100,lr104,1,52,4,16,efficient_su2,9,1013.39,inf,3779907.168978097,inf,inf,inf,4.194614400000319,0,,
fixed_budget,pdp_100,lr104,1,52,4,16,hybrid_alns,9,1013.39,inf,3611570.1782700513,inf,inf,inf,4.004128100000344,0,,
time_to_target,pdp_100,lr104,1,,4,16,ropke_distance_fixed_k,,,,,,,,,,0.1471761000002516,0
time_to_target,pdp_100,lr104,1,,4,16,qaoa,,,,,,,,,,0.05508000000008906,0
time_to_target,pdp_100,lr104,1,,4,16,efficient_su2,,,,,,,,,,0.05554579999989073,0
time_to_target,pdp_100,lr104,1,,4,16,hybrid_alns,,,,,,,,,,0.051881999999750406,0
fixed_budget,pdp_100,lr105,1,53,4,16,ropke_distance_fixed_k,14,1377.11,inf,1169902.6857047784,inf,inf,inf,2.2946420999996917,0,,
fixed_budget,pdp_100,lr105,1,53,4,16,qaoa,14,1377.11,inf,840515.9011469438,inf,inf,inf,2.5629898000006506,0,,
fixed_budget,pdp_100,lr105,1,53,4,16,efficient_su2,14,1377.11,inf,782703.5815357398,inf,inf,inf,2.324484300000222,0,,
fixed_budget,pdp_100,lr105,1,53,4,16,hybrid_alns,14,1377.11,inf,1089856.896589979,inf,inf,inf,2.463135599999987,0,,
time_to_target,pdp_100,lr105,1,,4,16,ropke_distance_fixed_k,,,,,,,,,,0.03309770000032586,0
time_to_target,pdp_100,lr105,1,,4,16,qaoa,,,,,,,,,,0.05889830000069196,0
time_to_target,pdp_100,lr105,1,,4,16,efficient_su2,,,,,,,,,,0.04318120000061754,0
time_to_target,pdp_100,lr105,1,,4,16,hybrid_alns,,,,,,,,,,0.03724340000007942,0
fixed_budget,pdp_100,lr106,1,52,4,16,ropke_distance_fixed_k,12,1252.62,inf,1712572.9507353313,inf,inf,inf,2.528658899999755,0,,
fixed_budget,pdp_100,lr106,1,52,4,16,qaoa,12,1252.62,inf,1908966.526467639,inf,inf,inf,2.696793699999944,0,,
fixed_budget,pdp_100,lr106,1,52,4,16,efficient_su2,12,1252.62,inf,1926959.9843473407,inf,inf,inf,2.861249300000054,0,,
fixed_budget,pdp_100,lr106,1,52,4,16,hybrid_alns,12,1252.62,inf,1882658.8732694818,inf,inf,inf,2.566243399999621,0,,
time_to_target,pdp_100,lr106,1,,4,16,ropke_distance_fixed_k,,,,,,,,,,0.03992829999970127,0
time_to_target,pdp_100,lr106,1,,4,16,qaoa,,,,,,,,,,0.05294930000036402,0
time_to_target,pdp_100,lr106,1,,4,16,efficient_su2,,,,,,,,,,0.055283000000599714,0
time_to_target,pdp_100,lr106,1,,4,16,hybrid_alns,,,,,,,,,,0.03924920000008569,0
fixed_budget,pdp_100,lr107,1,52,4,16,ropke_distance_fixed_k,10,1111.31,inf,2693283.9536368195,inf,inf,inf,3.1411788999994315,0,,
fixed_budget,pdp_100,lr107,1,52,4,16,qaoa,10,1111.31,inf,2723866.2540869764,inf,inf,inf,3.790390699999989,0,,
fixed_budget,pdp_100,lr107,1,52,4,16,efficient_su2,10,1111.31,inf,2705228.219055864,inf,inf,inf,3.2901109999993423,0,,
fixed_budget,pdp_100,lr107,1,52,4,16,hybrid_alns,10,1111.31,inf,2723866.2540869764,inf,inf,inf,3.2661383000004207,0,,
time_to_target,pdp_100,lr107,1,,4,16,ropke_distance_fixed_k,,,,,,,,,,0.05174119999992399,0
time_to_target,pdp_100,lr107,1,,4,16,qaoa,,,,,,,,,,0.05186409999987518,0
time_to_target,pdp_100,lr107,1,,4,16,efficient_su2,,,,,,,,,,0.07788170000003447,0
time_to_target,pdp_100,lr107,1,,4,16,hybrid_alns,,,,,,,,,,0.06570279999959894,0
fixed_budget,pdp_100,lr108,1,50,4,16,ropke_distance_fixed_k,9,968.97,inf,5866135.235150309,inf,inf,inf,3.2048838000000615,0,,
fixed_budget,pdp_100,lr108,1,50,4,16,qaoa,9,968.97,inf,5451304.941481445,inf,inf,inf,3.208278500000233,0,,
fixed_budget,pdp_100,lr108,1,50,4,16,efficient_su2,9,968.97,inf,6152896.761384831,inf,inf,inf,3.281040600000779,0,,
fixed_budget,pdp_100,lr108,1,50,4,16,hybrid_alns,9,968.97,inf,5897346.099231039,inf,inf,inf,3.202328299999863,0,,
time_to_target,pdp_100,lr108,1,,4,16,ropke_distance_fixed_k,,,,,,,,,,0.08824749999985215,0
time_to_target,pdp_100,lr108,1,,4,16,qaoa,,,,,,,,,,0.05078700000012759,0
time_to_target,pdp_100,lr108,1,,4,16,efficient_su2,,,,,,,,,,0.050376300000607444,0
time_to_target,pdp_100,lr108,1,,4,16,hybrid_alns,,,,,,,,,,0.09983749999992142,0
fixed_budget,pdp_100,lr109,1,53,4,16,ropke_distance_fixed_k,11,1208.96,inf,2720686.2558292793,inf,inf,inf,2.9684526999999434,0,,
fixed_budget,pdp_100,lr109,1,53,4,16,qaoa,11,1208.96,inf,2720686.2558292793,inf,inf,inf,3.0033269999994445,0,,
fixed_budget,pdp_100,lr109,1,53,4,16,efficient_su2,11,1208.96,inf,2720686.2558292793,inf,inf,inf,2.895099399999708,0,,
fixed_budget,pdp_100,lr109,1,53,4,16,hybrid_alns,11,1208.96,inf,2720686.2558292793,inf,inf,inf,2.773055000000568,0,,
time_to_target,pdp_100,lr109,1,,4,16,ropke_distance_fixed_k,,,,,,,,,,0.0707059999995181,0
time_to_target,pdp_100,lr109,1,,4,16,qaoa,,,,,,,,,,0.05310839999947348,0
time_to_target,pdp_100,lr109,1,,4,16,efficient_su2,,,,,,,,,,0.06469909999941592,0
time_to_target,pdp_100,lr109,1,,4,16,hybrid_alns,,,,,,,,,,0.0867060999999012,0
fixed_budget,pdp_100,lr110,1,52,4,16,ropke_distance_fixed_k,10,1159.35,inf,6195551.049155649,inf,inf,inf,3.1828224999999293,0,,
fixed_budget,pdp_100,lr110,1,52,4,16,qaoa,10,1159.35,inf,6261637.554660496,inf,inf,inf,3.2209467000002405,0,,
fixed_budget,pdp_100,lr110,1,52,4,16,efficient_su2,10,1159.35,inf,6261637.554660496,inf,inf,inf,2.968942999999854,0,,
fixed_budget,pdp_100,lr110,1,52,4,16,hybrid_alns,10,1159.35,inf,6030146.4408888845,inf,inf,inf,3.1381984999998167,0,,
time_to_target,pdp_100,lr110,1,,4,16,ropke_distance_fixed_k,,,,,,,,,,0.07569869999952061,0
time_to_target,pdp_100,lr110,1,,4,16,qaoa,,,,,,,,,,0.051078599999527796,0
time_to_target,pdp_100,lr110,1,,4,16,efficient_su2,,,,,,,,,,0.0607505999996647,0
time_to_target,pdp_100,lr110,1,,4,16,hybrid_alns,,,,,,,,,,0.06224709999969491,0
fixed_budget,pdp_100,lr111,1,54,4,16,ropke_distance_fixed_k,10,1108.9,inf,5155344.518481427,inf,inf,inf,3.4655517000001055,0,,
fixed_budget,pdp_100,lr111,1,54,4,16,qaoa,10,1108.9,inf,5135014.818579804,inf,inf,inf,3.6964021000003413,0,,
fixed_budget,pdp_100,lr111,1,54,4,16,efficient_su2,10,1108.9,inf,5155344.518481427,inf,inf,inf,3.7619339000002583,0,,
fixed_budget,pdp_100,lr111,1,54,4,16,hybrid_alns,10,1108.9,inf,4930222.806378836,inf,inf,inf,3.5539808000003177,0,,
time_to_target,pdp_100,lr111,1,,4,16,ropke_distance_fixed_k,,,,,,,,,,0.07326170000033017,0
time_to_target,pdp_100,lr111,1,,4,16,qaoa,,,,,,,,,,0.0596534000005704,0
time_to_target,pdp_100,lr111,1,,4,16,efficient_su2,,,,,,,,,,0.05864930000007007,0
time_to_target,pdp_100,lr111,1,,4,16,hybrid_alns,,,,,,,,,,0.0695030000006227,0
fixed_budget,pdp_100,lr112,1,53,4,16,ropke_distance_fixed_k,9,1003.77,inf,8430689.587386573,inf,inf,inf,3.6823717999996006,0,,
fixed_budget,pdp_100,lr112,1,53,4,16,qaoa,9,1003.77,inf,8585448.873346373,inf,inf,inf,3.6258827999999994,0,,
fixed_budget,pdp_100,lr112,1,53,4,16,efficient_su2,9,1003.77,inf,8141322.488151537,inf,inf,inf,3.5068586999996114,0,,
fixed_budget,pdp_100,lr112,1,53,4,16,hybrid_alns,9,1003.77,inf,8590622.191820929,inf,inf,inf,3.592783399999462,0,,
time_to_target,pdp_100,lr112,1,,4,16,ropke_distance_fixed_k,,,,,,,,,,0.07786080000005313,0
time_to_target,pdp_100,lr112,1,,4,16,qaoa,,,,,,,,,,0.06795130000045901,0
time_to_target,pdp_100,lr112,1,,4,16,efficient_su2,,,,,,,,,,0.09064829999988433,0
time_to_target,pdp_100,lr112,1,,4,16,hybrid_alns,,,,,,,,,,0.058634799999708775,0
fixed_budget,pdp_100,lr201,1,51,4,16,ropke_distance_fixed_k,4,1253.23,inf,1065254.2761214848,inf,inf,inf,10.219242999999551,0,,
fixed_budget,pdp_100,lr201,1,51,4,16,qaoa,4,1253.23,inf,903519.7108669649,inf,inf,inf,9.708018700000139,0,,
fixed_budget,pdp_100,lr201,1,51,4,16,efficient_su2,4,1253.23,inf,1121176.9209032052,inf,inf,inf,10.540204799999628,0,,
fixed_budget,pdp_100,lr201,1,51,4,16,hybrid_alns,4,1253.23,inf,961106.477215241,inf,inf,inf,10.453847200000382,0,,
time_to_target,pdp_100,lr201,1,,4,16,ropke_distance_fixed_k,,,,,,,,,,0.188831499999651,0
time_to_target,pdp_100,lr201,1,,4,16,qaoa,,,,,,,,,,0.20324929999969754,0
time_to_target,pdp_100,lr201,1,,4,16,efficient_su2,,,,,,,,,,0.24297849999948085,0
time_to_target,pdp_100,lr201,1,,4,16,hybrid_alns,,,,,,,,,,0.2270791000000827,0
fixed_budget,pdp_100,lr202,1,50,4,16,ropke_distance_fixed_k,3,1197.67,inf,3572028.996853761,inf,inf,inf,14.715337499999805,0,,
fixed_budget,pdp_100,lr202,1,50,4,16,qaoa,3,1197.67,inf,3572028.996853761,inf,inf,inf,15.467342499999177,0,,
fixed_budget,pdp_100,lr202,1,50,4,16,efficient_su2,3,1197.67,inf,3572028.996853761,inf,inf,inf,14.52719259999958,0,,
fixed_budget,pdp_100,lr202,1,50,4,16,hybrid_alns,3,1197.67,inf,3572028.996853761,inf,inf,inf,15.232213799999954,0,,
time_to_target,pdp_100,lr202,1,,4,16,ropke_distance_fixed_k,,,,,,,,,,0.31808490000003076,0
time_to_target,pdp_100,lr202,1,,4,16,qaoa,,,,,,,,,,0.325563799999145,0
time_to_target,pdp_100,lr202,1,,4,16,efficient_su2,,,,,,,,,,0.29799289999937173,0
time_to_target,pdp_100,lr202,1,,4,16,hybrid_alns,,,,,,,,,,0.26093310000032943,0
fixed_budget,pdp_100,lr203,1,51,4,16,ropke_distance_fixed_k,3,949.4,inf,509981.8558038578,inf,inf,inf,15.240376699999615,0,,
fixed_budget,pdp_100,lr203,1,51,4,16,qaoa,3,949.4,inf,205492.47723633784,inf,inf,inf,15.561173200000667,0,,
fixed_budget,pdp_100,lr203,1,51,4,16,efficient_su2,3,949.4,inf,476431.5535469197,inf,inf,inf,15.656215400000292,0,,
fixed_budget,pdp_100,lr203,1,51,4,16,hybrid_alns,3,949.4,inf,418164.7251195882,inf,inf,inf,15.354201099999955,0,,
time_to_target,pdp_100,lr203,1,,4,16,ropke_distance_fixed_k,,,,,,,,,,0.30118320000019594,0
time_to_target,pdp_100,lr203,1,,4,16,qaoa,,,,,,,,,,0.29705640000065614,0
time_to_target,pdp_100,lr203,1,,4,16,efficient_su2,,,,,,,,,,0.332823499999904,0
time_to_target,pdp_100,lr203,1,,4,16,hybrid_alns,,,,,,,,,,0.27534970000033354,0
fixed_budget,pdp_100,lr204,1,50,4,16,ropke_distance_fixed_k,2,849.05,inf,11338289.462114323,inf,inf,inf,29.702640900000006,0,,
fixed_budget,pdp_100,lr204,1,50,4,16,qaoa,2,849.05,inf,11608328.109662205,inf,inf,inf,28.43721640000058,0,,
fixed_budget,pdp_100,lr204,1,50,4,16,efficient_su2,2,849.05,inf,10935731.877980104,inf,inf,inf,28.790947100000267,0,,
fixed_budget,pdp_100,lr204,1,50,4,16,hybrid_alns,2,849.05,inf,11714838.762927094,inf,inf,inf,27.840531900000315,0,,
time_to_target,pdp_100,lr204,1,,4,16,ropke_distance_fixed_k,,,,,,,,,,0.5787841000001208,0
time_to_target,pdp_100,lr204,1,,4,16,qaoa,,,,,,,,,,0.5178552000006675,0
time_to_target,pdp_100,lr204,1,,4,16,efficient_su2,,,,,,,,,,0.6056688999997277,0
time_to_target,pdp_100,lr204,1,,4,16,hybrid_alns,,,,,,,,,,0.5487467000002653,0
fixed_budget,pdp_100,lr205,1,51,4,16,ropke_distance_fixed_k,3,1054.02,inf,7669168.990518073,inf,inf,inf,14.162202600000455,0,,
fixed_budget,pdp_100,lr205,1,51,4,16,qaoa,3,1054.02,inf,7669168.990518073,inf,inf,inf,14.361441699999887,0,,
fixed_budget,pdp_100,lr205,1,51,4,16,efficient_su2,3,1054.02,inf,4844523.7215965185,inf,inf,inf,14.880041400000664,0,,
fixed_budget,pdp_100,lr205,1,51,4,16,hybrid_alns,3,1054.02,inf,7669168.990518073,inf,inf,inf,14.905715199999577,0,,
time_to_target,pdp_100,lr205,1,,4,16,ropke_distance_fixed_k,,,,,,,,,,0.27060640000036074,0
time_to_target,pdp_100,lr205,1,,4,16,qaoa,,,,,,,,,,0.3056520999998611,0
time_to_target,pdp_100,lr205,1,,4,16,efficient_su2,,,,,,,,,,0.2742284000005384,0
time_to_target,pdp_100,lr205,1,,4,16,hybrid_alns,,,,,,,,,,0.30190500000026077,0
fixed_budget,pdp_100,lr206,1,50,4,16,ropke_distance_fixed_k,3,931.63,inf,1716902.1471166946,inf,inf,inf,13.938310400000773,0,,
fixed_budget,pdp_100,lr206,1,50,4,16,qaoa,3,931.63,inf,1716902.1471166946,inf,inf,inf,14.468021399999998,0,,
fixed_budget,pdp_100,lr206,1,50,4,16,efficient_su2,3,931.63,inf,1113137.6222599875,inf,inf,inf,13.7067262999999,0,,
fixed_budget,pdp_100,lr206,1,50,4,16,hybrid_alns,3,931.63,inf,1716902.1471166946,inf,inf,inf,13.557522099999915,0,,
time_to_target,pdp_100,lr206,1,,4,16,ropke_distance_fixed_k,,,,,,,,,,0.26328300000022864,0
time_to_target,pdp_100,lr206,1,,4,16,qaoa,,,,,,,,,,0.28154410000024654,0
time_to_target,pdp_100,lr206,1,,4,16,efficient_su2,,,,,,,,,,0.26534519999950135,0
time_to_target,pdp_100,lr206,1,,4,16,hybrid_alns,,,,,,,,,,0.2587436000003436,0
fixed_budget,pdp_100,lr207,1,51,4,16,ropke_distance_fixed_k,2,903.06,inf,13705038.637865037,inf,inf,inf,30.61815409999963,0,,
fixed_budget,pdp_100,lr207,1,51,4,16,qaoa,2,903.06,inf,13534204.965717446,inf,inf,inf,30.074432600000364,0,,
fixed_budget,pdp_100,lr207,1,51,4,16,efficient_su2,2,903.06,inf,13807896.95156153,inf,inf,inf,31.060207900000023,0,,
fixed_budget,pdp_100,lr207,1,51,4,16,hybrid_alns,2,903.06,inf,18439259.004306547,inf,inf,inf,30.61918499999956,0,,
time_to_target,pdp_100,lr207,1,,4,16,ropke_distance_fixed_k,,,,,,,,,,0.7066131999999925,0
time_to_target,pdp_100,lr207,1,,4,16,qaoa,,,,,,,,,,0.6106133000002956,0
time_to_target,pdp_100,lr207,1,,4,16,efficient_su2,,,,,,,,,,0.5502585000003819,0
time_to_target,pdp_100,lr207,1,,4,16,hybrid_alns,,,,,,,,,,0.6882717999997112,0
fixed_budget,pdp_100,lr208,1,50,4,16,ropke_distance_fixed_k,2,734.85,inf,3656235.1377845644,inf,inf,inf,27.90470229999937,0,,
fixed_budget,pdp_100,lr208,1,50,4,16,qaoa,2,734.85,inf,4178333.3189451676,inf,inf,inf,26.478120200000376,0,,
fixed_budget,pdp_100,lr208,1,50,4,16,efficient_su2,2,734.85,inf,4178333.3189451676,inf,inf,inf,28.20148160000008,0,,
fixed_budget,pdp_100,lr208,1,50,4,16,hybrid_alns,2,734.85,inf,3775593.6220571026,inf,inf,inf,28.644447700000455,0,,
time_to_target,pdp_100,lr208,1,,4,16,ropke_distance_fixed_k,,,,,,,,,,0.6144134999995003,0
time_to_target,pdp_100,lr208,1,,4,16,qaoa,,,,,,,,,,0.5886325999999826,0
time_to_target,pdp_100,lr208,1,,4,16,efficient_su2,,,,,,,,,,0.5732703000003312,0
time_to_target,pdp_100,lr208,1,,4,16,hybrid_alns,,,,,,,,,,0.53755480000018,0
fixed_budget,pdp_100,lr209,1,51,4,16,ropke_distance_fixed_k,3,930.59,inf,2869483.3361004833,inf,inf,inf,17.024637299999995,0,,
fixed_budget,pdp_100,lr209,1,51,4,16,qaoa,3,930.59,inf,3278435.307799388,inf,inf,inf,24.127613900000142,0,,
fixed_budget,pdp_100,lr209,1,51,4,16,efficient_su2,3,930.59,inf,2713695.5792659353,inf,inf,inf,22.536893899999995,0,,
fixed_budget,pdp_100,lr209,1,51,4,16,hybrid_alns,3,930.59,inf,4554515.468299421,inf,inf,inf,22.450011200000517,0,,
time_to_target,pdp_100,lr209,1,,4,16,ropke_distance_fixed_k,,,,,,,,,,0.2730513000005885,0
time_to_target,pdp_100,lr209,1,,4,16,qaoa,,,,,,,,,,0.49420149999969,0
time_to_target,pdp_100,lr209,1,,4,16,efficient_su2,,,,,,,,,,0.5267206999997143,0
time_to_target,pdp_100,lr209,1,,4,16,hybrid_alns,,,,,,,,,,0.42459020000023884,0
fixed_budget,pdp_100,lr210,1,51,4,16,ropke_distance_fixed_k,3,964.22,inf,249604.12002450865,inf,inf,inf,21.56960749999962,0,,
fixed_budget,pdp_100,lr210,1,51,4,16,qaoa,3,964.22,inf,260410.8122736809,inf,inf,inf,22.185229400000026,0,,
fixed_budget,pdp_100,lr210,1,51,4,16,efficient_su2,3,964.22,inf,260410.8122736809,inf,inf,inf,22.387607900000148,0,,
fixed_budget,pdp_100,lr210,1,51,4,16,hybrid_alns,3,964.22,inf,180808.42621770396,inf,inf,inf,21.8368631000003,0,,
time_to_target,pdp_100,lr210,1,,4,16,ropke_distance_fixed_k,,,,,,,,,,0.41102479999972275,0
time_to_target,pdp_100,lr210,1,,4,16,qaoa,,,,,,,,,,0.4377292999997735,0
time_to_target,pdp_100,lr210,1,,4,16,efficient_su2,,,,,,,,,,0.5490789000004952,0
time_to_target,pdp_100,lr210,1,,4,16,hybrid_alns,,,,,,,,,,0.4283186000002388,0
fixed_budget,pdp_100,lr211,1,50,4,16,ropke_distance_fixed_k,2,911.52,inf,18754405.47462104,inf,inf,inf,41.44047379999938,0,,
fixed_budget,pdp_100,lr211,1,50,4,16,qaoa,2,911.52,inf,18042125.56329338,inf,inf,inf,41.85645890000069,0,,
fixed_budget,pdp_100,lr211,1,50,4,16,efficient_su2,2,911.52,inf,16982777.9324389,inf,inf,inf,40.914464899999984,0,,
fixed_budget,pdp_100,lr211,1,50,4,16,hybrid_alns,2,911.52,inf,16629968.99846014,inf,inf,inf,40.01551549999931,0,,
time_to_target,pdp_100,lr211,1,,4,16,ropke_distance_fixed_k,,,,,,,,,,0.82425400000011,0
time_to_target,pdp_100,lr211,1,,4,16,qaoa,,,,,,,,,,0.8342581000006248,0
time_to_target,pdp_100,lr211,1,,4,16,efficient_su2,,,,,,,,,,0.8621321000000535,0
time_to_target,pdp_100,lr211,1,,4,16,hybrid_alns,,,,,,,,,,0.6665548999999373,0
fixed_budget,pdp_100,lrc101,1,53,4,16,ropke_distance_fixed_k,14,1708.8,inf,2159615.3245563847,inf,inf,inf,3.345302599999741,0,,
fixed_budget,pdp_100,lrc101,1,53,4,16,qaoa,14,1708.8,inf,2682593.527675667,inf,inf,inf,3.133927899999435,0,,
fixed_budget,pdp_100,lrc101,1,53,4,16,efficient_su2,14,1708.8,inf,2648693.286114591,inf,inf,inf,3.339587099999335,0,,
fixed_budget,pdp_100,lrc101,1,53,4,16,hybrid_alns,14,1708.8,inf,2682593.527675667,inf,inf,inf,2.2303922999999486,0,,
time_to_target,pdp_100,lrc101,1,,4,16,ropke_distance_fixed_k,,,,,,,,,,0.07860259999961272,0
time_to_target,pdp_100,lrc101,1,,4,16,qaoa,,,,,,,,,,0.08715759999995498,0
time_to_target,pdp_100,lrc101,1,,4,16,efficient_su2,,,,,,,,,,0.05492890000004991,0
time_to_target,pdp_100,lrc101,1,,4,16,hybrid_alns,,,,,,,,,,0.05168059999959951,0
fixed_budget,pdp_100,lrc102,1,53,4,16,ropke_distance_fixed_k,12,1558.07,inf,2879184.9099457418,inf,inf,inf,3.493094700000256,0,,
fixed_budget,pdp_100,lrc102,1,53,4,16,qaoa,12,1558.07,inf,2879184.9099457418,inf,inf,inf,3.961504899999454,0,,
fixed_budget,pdp_100,lrc102,1,53,4,16,efficient_su2,12,1558.07,inf,2879184.9099457418,inf,inf,inf,3.9282584000002316,0,,
fixed_budget,pdp_100,lrc102,1,53,4,16,hybrid_alns,12,1558.07,inf,2879184.9099457418,inf,inf,inf,4.175379099999191,0,,
time_to_target,pdp_100,lrc102,1,,4,16,ropke_distance_fixed_k,,,,,,,,,,0.041486999999506224,0
time_to_target,pdp_100,lrc102,1,,4,16,qaoa,,,,,,,,,,0.05754809999962163,0
time_to_target,pdp_100,lrc102,1,,4,16,efficient_su2,,,,,,,,,,0.09904679999999644,0
time_to_target,pdp_100,lrc102,1,,4,16,hybrid_alns,,,,,,,,,,0.07481669999924634,0
fixed_budget,pdp_100,lrc103,1,53,4,16,ropke_distance_fixed_k,11,1258.74,inf,1643796.3677759212,inf,inf,inf,4.182331099999828,0,,
fixed_budget,pdp_100,lrc103,1,53,4,16,qaoa,11,1258.74,inf,1643796.3677759212,inf,inf,inf,4.209010200000193,0,,
fixed_budget,pdp_100,lrc103,1,53,4,16,efficient_su2,11,1258.74,inf,1643796.3677759212,inf,inf,inf,3.9615274999996473,0,,
fixed_budget,pdp_100,lrc103,1,53,4,16,hybrid_alns,11,1258.74,inf,1643796.3677759212,inf,inf,inf,4.2174833999997645,0,,
time_to_target,pdp_100,lrc103,1,,4,16,ropke_distance_fixed_k,,,,,,,,,,0.1411564999998518,0
time_to_target,pdp_100,lrc103,1,,4,16,qaoa,,,,,,,,,,0.10637170000063634,0
time_to_target,pdp_100,lrc103,1,,4,16,efficient_su2,,,,,,,,,,0.05043469999964145,0
time_to_target,pdp_100,lrc103,1,,4,16,hybrid_alns,,,,,,,,,,0.083526599999459,0
fixed_budget,pdp_100,lrc104,1,54,4,16,ropke_distance_fixed_k,10,1128.4,inf,4472638.746032601,inf,inf,inf,3.9317652999998245,0,,
fixed_budget,pdp_100,lrc104,1,54,4,16,qaoa,10,1128.4,inf,4472638.746032601,inf,inf,inf,4.691047500000423,0,,
fixed_budget,pdp_100,lrc104,1,54,4,16,efficient_su2,10,1128.4,inf,4472638.746032601,inf,inf,inf,4.79582339999979,0,,
fixed_budget,pdp_100,lrc104,1,54,4,16,hybrid_alns,10,1128.4,inf,4472638.746032601,inf,inf,inf,4.5817072999998345,0,,
time_to_target,pdp_100,lrc104,1,,4,16,ropke_distance_fixed_k,,,,,,,,,,0.07069309999951656,0
time_to_target,pdp_100,lrc104,1,,4,16,qaoa,,,,,,,,,,0.09413800000038464,0
time_to_target,pdp_100,lrc104,1,,4,16,efficient_su2,,,,,,,,,,0.06461279999984981,0
time_to_target,pdp_100,lrc104,1,,4,16,hybrid_alns,,,,,,,,,,0.1424048999997467,0
fixed_budget,pdp_100,lrc105,1,54,4,16,ropke_distance_fixed_k,13,1637.62,inf,2392179.4216425046,inf,inf,inf,3.5453496999998606,0,,
fixed_budget,pdp_100,lrc105,1,54,4,16,qaoa,13,1637.62,inf,1923781.184271243,inf,inf,inf,3.663865999999871,0,,
fixed_budget,pdp_100,lrc105,1,54,4,16,efficient_su2,13,1637.62,inf,2415696.313654856,inf,inf,inf,3.3642088999995394,0,,
fixed_budget,pdp_100,lrc105,1,54,4,16,hybrid_alns,13,1637.62,inf,2415696.313654856,inf,inf,inf,3.3339454999995723,0,,
time_to_target,pdp_100,lrc105,1,,4,16,ropke_distance_fixed_k,,,,,,,,,,0.040722200000345765,0
time_to_target,pdp_100,lrc105,1,,4,16,qaoa,,,,,,,,,,0.06981749999977183,0
time_to_target,pdp_100,lrc105,1,,4,16,efficient_su2,,,,,,,,,,0.040079599999444326,0
time_to_target,pdp_100,lrc105,1,,4,16,hybrid_alns,,,,,,,,,,0.04805599999963306,0
fixed_budget,pdp_100,lrc106,1,53,4,16,ropke_distance_fixed_k,11,1424.73,inf,6702836.312169915,inf,inf,inf,2.9842599000003247,0,,
fixed_budget,pdp_100,lrc106,1,53,4,16,qaoa,11,1424.73,inf,6850117.420665479,inf,inf,inf,2.838201300000037,0,,
fixed_budget,pdp_100,lrc106,1,53,4,16,efficient_su2,11,1424.73,inf,6850117.420665479,inf,inf,inf,2.740995200000725,0,,
fixed_budget,pdp_100,lrc106,1,53,4,16,hybrid_alns,11,1424.73,inf,5571020.754904264,inf,inf,inf,2.759385299999849,0,,
time_to_target,pdp_100,lrc106,1,,4,16,ropke_distance_fixed_k,,,,,,,,,,0.07294310000088444,0
time_to_target,pdp_100,lrc106,1,,4,16,qaoa,,,,,,,,,,0.05578330000025744,0
time_to_target,pdp_100,lrc106,1,,4,16,efficient_su2,,,,,,,,,,0.05061380000006466,0
time_to_target,pdp_100,lrc106,1,,4,16,hybrid_alns,,,,,,,,,,0.05203509999955713,0
fixed_budget,pdp_100,lrc107,1,53,4,16,ropke_distance_fixed_k,11,1230.14,inf,4915954.983547571,inf,inf,inf,2.7950083999994604,0,,
fixed_budget,pdp_100,lrc107,1,53,4,16,qaoa,11,1230.14,inf,5098541.857507981,inf,inf,inf,3.0810413999997763,0,,
fixed_budget,pdp_100,lrc107,1,53,4,16,efficient_su2,11,1230.14,inf,5093302.2750215605,inf,inf,inf,3.1114443999995274,0,,
fixed_budget,pdp_100,lrc107,1,53,4,16,hybrid_alns,11,1230.14,inf,5490599.904890586,inf,inf,inf,3.705238300000019,0,,
time_to_target,pdp_100,lrc107,1,,4,16,ropke_distance_fixed_k,,,,,,,,,,0.044398399999408866,0
time_to_target,pdp_100,lrc107,1,,4,16,qaoa,,,,,,,,,,0.07109260000015638,0
time_to_target,pdp_100,lrc107,1,,4,16,efficient_su2,,,,,,,,,,0.0691512999992483,0
time_to_target,pdp_100,lrc107,1,,4,16,hybrid_alns,,,,,,,,,,0.052974400000493915,0
fixed_budget,pdp_100,lrc108,1,52,4,16,ropke_distance_fixed_k,10,1147.43,inf,4583970.60975064,inf,inf,inf,3.5249463999998625,0,,
fixed_budget,pdp_100,lrc108,1,52,4,16,qaoa,10,1147.43,inf,4904769.344335093,inf,inf,inf,3.496038100000078,0,,
fixed_budget,pdp_100,lrc108,1,52,4,16,efficient_su2,10,1147.43,inf,6278467.960318307,inf,inf,inf,3.4544432000002416,0,,
fixed_budget,pdp_100,lrc108,1,52,4,16,hybrid_alns,10,1147.43,inf,5035431.925133515,inf,inf,inf,3.408548599999449,0,,
time_to_target,pdp_100,lrc108,1,,4,16,ropke_distance_fixed_k,,,,,,,,,,0.07384920000004058,0
time_to_target,pdp_100,lrc108,1,,4,16,qaoa,,,,,,,,,,0.1327860999999757,0
time_to_target,pdp_100,lrc108,1,,4,16,efficient_su2,,,,,,,,,,0.056947500000205764,0
time_to_target,pdp_100,lrc108,1,,4,16,hybrid_alns,,,,,,,,,,0.0491900999995778,0
fixed_budget,pdp_100,lrc201,1,51,4,16,ropke_distance_fixed_k,4,1406.94,inf,5536802.416100251,inf,inf,inf,11.013869200000045,0,,
fixed_budget,pdp_100,lrc201,1,51,4,16,qaoa,4,1406.94,inf,4312328.07837065,inf,inf,inf,11.647933700000067,0,,
fixed_budget,pdp_100,lrc201,1,51,4,16,efficient_su2,4,1406.94,inf,6244822.074721875,inf,inf,inf,10.051284099999975,0,,
fixed_budget,pdp_100,lrc201,1,51,4,16,hybrid_alns,4,1406.94,inf,5011283.947926693,inf,inf,inf,9.917683700000453,0,,
time_to_target,pdp_100,lrc201,1,,4,16,ropke_distance_fixed_k,,,,,,,,,,0.17116119999991497,0
time_to_target,pdp_100,lrc201,1,,4,16,qaoa,,,,,,,,,,0.26737709999997605,0
time_to_target,pdp_100,lrc201,1,,4,16,efficient_su2,,,,,,,,,,0.21759540000039124,0
time_to_target,pdp_100,lrc201,1,,4,16,hybrid_alns,,,,,,,,,,0.2167624000003343,0
fixed_budget,pdp_100,lrc202,1,51,4,16,ropke_distance_fixed_k,3,1374.27,inf,12095592.789499987,inf,inf,inf,13.876861900000222,0,,
fixed_budget,pdp_100,lrc202,1,51,4,16,qaoa,3,1374.27,inf,10895300.725625766,inf,inf,inf,14.861196799999561,0,,
fixed_budget,pdp_100,lrc202,1,51,4,16,efficient_su2,3,1374.27,inf,12474600.249944009,inf,inf,inf,17.32198089999929,0,,
fixed_budget,pdp_100,lrc202,1,51,4,16,hybrid_alns,3,1374.27,inf,12474600.249944009,inf,inf,inf,17.003861700000016,0,,
time_to_target,pdp_100,lrc202,1,,4,16,ropke_distance_fixed_k,,,,,,,,,,0.26413030000003346,0
time_to_target,pdp_100,lrc202,1,,4,16,qaoa,,,,,,,,,,0.27450839999983145,0
time_to_target,pdp_100,lrc202,1,,4,16,efficient_su2,,,,,,,,,,0.3433428999996977,0
time_to_target,pdp_100,lrc202,1,,4,16,hybrid_alns,,,,,,,,,,0.34922179999921354,0
fixed_budget,pdp_100,lrc203,1,51,4,16,ropke_distance_fixed_k,3,1089.07,inf,2467692.493003616,inf,inf,inf,16.941503800000646,0,,
fixed_budget,pdp_100,lrc203,1,51,4,16,qaoa,3,1089.07,inf,2467692.493003616,inf,inf,inf,16.022912200000064,0,,
fixed_budget,pdp_100,lrc203,1,51,4,16,efficient_su2,3,1089.07,inf,2467692.493003616,inf,inf,inf,13.660350200000721,0,,
fixed_budget,pdp_100,lrc203,1,51,4,16,hybrid_alns,3,1089.07,inf,1496269.5694818185,inf,inf,inf,15.465798299999733,0,,
time_to_target,pdp_100,lrc203,1,,4,16,ropke_distance_fixed_k,,,,,,,,,,0.3503934999998819,0
time_to_target,pdp_100,lrc203,1,,4,16,qaoa,,,,,,,,,,0.33866570000009233,0
time_to_target,pdp_100,lrc203,1,,4,16,efficient_su2,,,,,,,,,,0.27683370000067953,0
time_to_target,pdp_100,lrc203,1,,4,16,hybrid_alns,,,,,,,,,,0.26176359999954,0
fixed_budget,pdp_100,lrc204,1,51,4,16,ropke_distance_fixed_k,3,818.66,inf,73377.59550370394,1788.0773667333228,inf,inf,19.101515199999994,0,,
fixed_budget,pdp_100,lrc204,1,51,4,16,qaoa,3,818.66,inf,73377.59550370394,1788.0773667333228,inf,inf,19.349571300000207,0,,
fixed_budget,pdp_100,lrc204,1,51,4,16,efficient_su2,3,818.66,1788.0773667333228,1788.0773667333228,1788.0773667333228,0.0,1.184151377535635,16.89441809999971,1,,
fixed_budget,pdp_100,lrc204,1,51,4,16,hybrid_alns,3,818.66,inf,73377.59550370394,1788.0773667333228,inf,inf,16.55582929999946,0,,
time_to_target,pdp_100,lrc204,1,,4,16,ropke_distance_fixed_k,,,,,,,,,,inf,inf
time_to_target,pdp_100,lrc204,1,,4,16,qaoa,,,,,,,,,,inf,inf
time_to_target,pdp_100,lrc204,1,,4,16,efficient_su2,,,,,,,,,,9.780461299999843,27
time_to_target,pdp_100,lrc204,1,,4,16,hybrid_alns,,,,,,,,,,inf,inf
fixed_budget,pdp_100,lrc205,1,51,4,16,ropke_distance_fixed_k,4,1302.2,inf,3420327.129647418,inf,inf,inf,9.269977099999778,0,,
fixed_budget,pdp_100,lrc205,1,51,4,16,qaoa,4,1302.2,inf,3420327.129647418,inf,inf,inf,9.186784000000443,0,,
fixed_budget,pdp_100,lrc205,1,51,4,16,efficient_su2,4,1302.2,inf,3420327.129647418,inf,inf,inf,11.456140799999957,0,,
fixed_budget,pdp_100,lrc205,1,51,4,16,hybrid_alns,4,1302.2,inf,3420327.129647418,inf,inf,inf,11.394446399999651,0,,
time_to_target,pdp_100,lrc205,1,,4,16,ropke_distance_fixed_k,,,,,,,,,,0.18300660000022617,0
time_to_target,pdp_100,lrc205,1,,4,16,qaoa,,,,,,,,,,0.16351470000063273,0
time_to_target,pdp_100,lrc205,1,,4,16,efficient_su2,,,,,,,,,,0.187934800000221,0
time_to_target,pdp_100,lrc205,1,,4,16,hybrid_alns,,,,,,,,,,0.24699619999955758,0
fixed_budget,pdp_100,lrc206,1,51,4,16,ropke_distance_fixed_k,3,1159.03,inf,18908507.63097166,inf,inf,inf,17.63773979999951,0,,
fixed_budget,pdp_100,lrc206,1,51,4,16,qaoa,3,1159.03,inf,17248749.421706874,inf,inf,inf,16.474648200000047,0,,
fixed_budget,pdp_100,lrc206,1,51,4,16,efficient_su2,3,1159.03,inf,18908507.63097166,inf,inf,inf,14.699023399999533,0,,
fixed_budget,pdp_100,lrc206,1,51,4,16,hybrid_alns,3,1159.03,inf,18373833.264265586,inf,inf,inf,14.256254300000364,0,,
time_to_target,pdp_100,lrc206,1,,4,16,ropke_distance_fixed_k,,,,,,,,,,0.34720179999931133,0
time_to_target,pdp_100,lrc206,1,,4,16,qaoa,,,,,,,,,,0.34578680000049644,0
time_to_target,pdp_100,lrc206,1,,4,16,efficient_su2,,,,,,,,,,0.2724319999997533,0
time_to_target,pdp_100,lrc206,1,,4,16,hybrid_alns,,,,,,,,,,0.2754251000005752,0
fixed_budget,pdp_100,lrc207,1,51,4,16,ropke_distance_fixed_k,3,1062.05,inf,15577256.553891182,inf,inf,inf,16.018112399999154,0,,
fixed_budget,pdp_100,lrc207,1,51,4,16,qaoa,3,1062.05,inf,13441629.339382665,inf,inf,inf,17.741156500000216,0,,
fixed_budget,pdp_100,lrc207,1,51,4,16,efficient_su2,3,1062.05,inf,12184076.739617508,inf,inf,inf,18.080558500001644,0,,
fixed_budget,pdp_100,lrc207,1,51,4,16,hybrid_alns,3,1062.05,inf,11742381.086783603,inf,inf,inf,16.464651199999935,0,,
time_to_target,pdp_100,lrc207,1,,4,16,ropke_distance_fixed_k,,,,,,,,,,0.2731982999994216,0
time_to_target,pdp_100,lrc207,1,,4,16,qaoa,,,,,,,,,,0.3190682000004017,0
time_to_target,pdp_100,lrc207,1,,4,16,efficient_su2,,,,,,,,,,0.33359830000154034,0
time_to_target,pdp_100,lrc207,1,,4,16,hybrid_alns,,,,,,,,,,0.3550617000000784,0
fixed_budget,pdp_100,lrc208,1,51,4,16,ropke_distance_fixed_k,3,852.76,inf,3795510.710248758,inf,inf,inf,18.17680499999915,0,,
fixed_budget,pdp_100,lrc208,1,51,4,16,qaoa,3,852.76,inf,3861298.5765807787,inf,inf,inf,24.270748800001456,0,,
fixed_budget,pdp_100,lrc208,1,51,4,16,efficient_su2,3,852.76,inf,3861298.5765807787,inf,inf,inf,22.785268499999802,0,,
fixed_budget,pdp_100,lrc208,1,51,4,16,hybrid_alns,3,852.76,inf,3532566.5219685147,inf,inf,inf,23.59784639999998,0,,
time_to_target,pdp_100,lrc208,1,,4,16,ropke_distance_fixed_k,,,,,,,,,,0.3665228999998362,0
time_to_target,pdp_100,lrc208,1,,4,16,qaoa,,,,,,,,,,0.4850309000012203,0
time_to_target,pdp_100,lrc208,1,,4,16,efficient_su2,,,,,,,,,,0.4391611999999441,0
time_to_target,pdp_100,lrc208,1,,4,16,hybrid_alns,,,,,,,,,,0.4904268999998749,0
fixed_budget,pdp_100,lc101,1,53,5,16,ropke_distance_fixed_k,10,828.94,828.9368669428341,828.9368669428341,828.9368669428341,0.0,-3.7795946220431313e-06,5.281355700000859,1,,
fixed_budget,pdp_100,lc101,1,53,5,16,qaoa,10,828.94,828.9368669428341,828.9368669428341,828.9368669428341,0.0,-3.7795946220431313e-06,5.673950999998851,1,,
fixed_budget,pdp_100,lc101,1,53,5,16,efficient_su2,10,828.94,828.9368669428341,828.9368669428341,828.9368669428341,0.0,-3.7795946220431313e-06,5.918795800000225,1,,
fixed_budget,pdp_100,lc101,1,53,5,16,hybrid_alns,10,828.94,828.9368669428341,828.9368669428341,828.9368669428341,0.0,-3.7795946220431313e-06,5.948914500000683,1,,
time_to_target,pdp_100,lc101,1,,5,16,ropke_distance_fixed_k,,,,,,,,,,0.08740750000106345,0
time_to_target,pdp_100,lc101,1,,5,16,qaoa,,,,,,,,,,0.08845259999907285,0
time_to_target,pdp_100,lc101,1,,5,16,efficient_su2,,,,,,,,,,0.11876529999972263,0
time_to_target,pdp_100,lc101,1,,5,16,hybrid_alns,,,,,,,,,,0.10627460000068822,0
fixed_budget,pdp_100,lc102,1,53,5,16,ropke_distance_fixed_k,10,828.94,inf,6835206.567871202,inf,inf,inf,5.882065199999488,0,,
fixed_budget,pdp_100,lc102,1,53,5,16,qaoa,10,828.94,inf,6835206.567871202,inf,inf,inf,5.887359100001049,0,,
fixed_budget,pdp_100,lc102,1,53,5,16,efficient_su2,10,828.94,inf,6835206.567871202,inf,inf,inf,5.53295480000088,0,,
fixed_budget,pdp_100,lc102,1,53,5,16,hybrid_alns,10,828.94,inf,6835206.567871202,inf,inf,inf,5.781989699999031,0,,
time_to_target,pdp_100,lc102,1,,5,16,ropke_distance_fixed_k,,,,,,,,,,0.11155999999937194,0
time_to_target,pdp_100,lc102,1,,5,16,qaoa,,,,,,,,,,0.15819750000082422,0
time_to_target,pdp_100,lc102,1,,5,16,efficient_su2,,,,,,,,,,0.07731469999998808,0
time_to_target,pdp_100,lc102,1,,5,16,hybrid_alns,,,,,,,,,,0.1554742999996961,0
fixed_budget,pdp_100,lc103,1,52,5,16,ropke_distance_fixed_k,9,1035.35,inf,4189014.37767134,inf,inf,inf,5.920633900001121,0,,
fixed_budget,pdp_100,lc103,1,52,5,16,qaoa,9,1035.35,inf,4189014.37767134,inf,inf,inf,6.2343867999989016,0,,
fixed_budget,pdp_100,lc103,1,52,5,16,efficient_su2,9,1035.35,inf,4189014.37767134,inf,inf,inf,6.057166999999026,0,,
fixed_budget,pdp_100,lc103,1,52,5,16,hybrid_alns,9,1035.35,inf,4189014.37767134,inf,inf,inf,5.460056899999472,0,,
time_to_target,pdp_100,lc103,1,,5,16,ropke_distance_fixed_k,,,,,,,,,,0.10407020000093326,0
time_to_target,pdp_100,lc103,1,,5,16,qaoa,,,,,,,,,,0.09890669999913371,0
time_to_target,pdp_100,lc103,1,,5,16,efficient_su2,,,,,,,,,,0.06990310000037425,0
time_to_target,pdp_100,lc103,1,,5,16,hybrid_alns,,,,,,,,,,0.07217589999891061,0
fixed_budget,pdp_100,lc104,1,53,5,16,ropke_distance_fixed_k,9,860.01,inf,1313573.8896566955,inf,inf,inf,6.176117499999236,0,,
fixed_budget,pdp_100,lc104,1,53,5,16,qaoa,9,860.01,inf,1313573.8896566955,inf,inf,inf,6.226891799999066,0,,
fixed_budget,pdp_100,lc104,1,53,5,16,efficient_su2,9,860.01,inf,1313573.8896566955,inf,inf,inf,6.490697600000203,0,,
fixed_budget,pdp_100,lc104,1,53,5,16,hybrid_alns,9,860.01,inf,1313573.8896566955,inf,inf,inf,6.287306700000045,0,,
time_to_target,pdp_100,lc104,1,,5,16,ropke_distance_fixed_k,,,,,,,,,,0.11129389999950945,0
time_to_target,pdp_100,lc104,1,,5,16,qaoa,,,,,,,,,,0.14292810000006284,0
time_to_target,pdp_100,lc104,1,,5,16,efficient_su2,,,,,,,,,,0.12008129999958328,0
time_to_target,pdp_100,lc104,1,,5,16,hybrid_alns,,,,,,,,,,0.12212510000063048,0
fixed_budget,pdp_100,lc105,1,53,5,16,ropke_distance_fixed_k,10,828.94,inf,14821160.912271824,inf,inf,inf,5.031408400000146,0,,
fixed_budget,pdp_100,lc105,1,53,5,16,qaoa,10,828.94,inf,14821160.912271824,inf,inf,inf,5.825005900000178,0,,
fixed_budget,pdp_100,lc105,1,53,5,16,efficient_su2,10,828.94,inf,14821160.912271824,inf,inf,inf,5.696351999999024,0,,
fixed_budget,pdp_100,lc105,1,53,5,16,hybrid_alns,10,828.94,inf,14821160.912271824,inf,inf,inf,5.393866300000809,0,,
time_to_target,pdp_100,lc105,1,,5,16,ropke_distance_fixed_k,,,,,,,,,,0.116987400000653,0
time_to_target,pdp_100,lc105,1,,5,16,qaoa,,,,,,,,,,0.06610180000097898,0
time_to_target,pdp_100,lc105,1,,5,16,efficient_su2,,,,,,,,,,0.08339599999999336,0
time_to_target,pdp_100,lc105,1,,5,16,hybrid_alns,,,,,,,,,,0.14144390000001295,0
fixed_budget,pdp_100,lc106,1,53,5,16,ropke_distance_fixed_k,10,828.94,inf,7399122.480212065,inf,inf,inf,5.864742300000216,0,,
fixed_budget,pdp_100,lc106,1,53,5,16,qaoa,10,828.94,inf,7399122.480212065,inf,inf,inf,6.013884800000596,0,,
fixed_budget,pdp_100,lc106,1,53,5,16,efficient_su2,10,828.94,inf,7399122.480212065,inf,inf,inf,5.391052900000432,0,,
fixed_budget,pdp_100,lc106,1,53,5,16,hybrid_alns,10,828.94,inf,7399122.480212065,inf,inf,inf,3.639890700000251,0,,
time_to_target,pdp_100,lc106,1,,5,16,ropke_distance_fixed_k,,,,,,,,,,0.15832009999940055,0
time_to_target,pdp_100,lc106,1,,5,16,qaoa,,,,,,,,,,0.14375450000079582,0
time_to_target,pdp_100,lc106,1,,5,16,efficient_su2,,,,,,,,,,0.1320376000003307,0
time_to_target,pdp_100,lc106,1,,5,16,hybrid_alns,,,,,,,,,,0.0716575999995257,0
fixed_budget,pdp_100,lc107,1,53,5,16,ropke_distance_fixed_k,10,828.94,inf,10042155.685847528,inf,inf,inf,5.400905399999829,0,,
fixed_budget,pdp_100,lc107,1,53,5,16,qaoa,10,828.94,inf,10042155.685847528,inf,inf,inf,5.881528900001285,0,,
fixed_budget,pdp_100,lc107,1,53,5,16,efficient_su2,10,828.94,inf,10042155.685847528,inf,inf,inf,5.712353499999153,0,,
fixed_budget,pdp_100,lc107,1,53,5,16,hybrid_alns,10,828.94,inf,10042155.685847528,inf,inf,inf,5.643847400000595,0,,
time_to_target,pdp_100,lc107,1,,5,16,ropke_distance_fixed_k,,,,,,,,,,0.08201000000008207,0
time_to_target,pdp_100,lc107,1,,5,16,qaoa,,,,,,,,,,0.14459900000110792,0
time_to_target,pdp_100,lc107,1,,5,16,efficient_su2,,,,,,,,,,0.13436689999980445,0
time_to_target,pdp_100,lc107,1,,5,16,hybrid_alns,,,,,,,,,,0.10808250000081898,0
fixed_budget,pdp_100,lc108,1,53,5,16,ropke_distance_fixed_k,10,826.44,inf,7227331.793251873,inf,inf,inf,5.451253299999735,0,,
fixed_budget,pdp_100,lc108,1,53,5,16,qaoa,10,826.44,inf,7241379.46757529,inf,inf,inf,5.432760000001508,0,,
fixed_budget,pdp_100,lc108,1,53,5,16,efficient_su2,10,826.44,inf,7241379.46757529,inf,inf,inf,4.502057400000922,0,,
fixed_budget,pdp_100,lc108,1,53,5,16,hybrid_alns,10,826.44,inf,7241379.46757529,inf,inf,inf,5.444430600000487,0,,
time_to_target,pdp_100,lc108,1,,5,16,ropke_distance_fixed_k,,,,,,,,,,0.1538274000013189,0
time_to_target,pdp_100,lc108,1,,5,16,qaoa,,,,,,,,,,0.1206956000005448,0
time_to_target,pdp_100,lc108,1,,5,16,efficient_su2,,,,,,,,,,0.07272000000011758,0
time_to_target,pdp_100,lc108,1,,5,16,hybrid_alns,,,,,,,,,,0.07745810000051279,0
fixed_budget,pdp_100,lc109,1,53,5,16,ropke_distance_fixed_k,9,1000.6,inf,8228381.479505691,inf,inf,inf,6.204496800000925,0,,
fixed_budget,pdp_100,lc109,1,53,5,16,qaoa,9,1000.6,inf,8228381.479505691,inf,inf,inf,6.395176299998639,0,,
fixed_budget,pdp_100,lc109,1,53,5,16,efficient_su2,9,1000.6,inf,8228381.479505691,inf,inf,inf,6.239723299999241,0,,
fixed_budget,pdp_100,lc109,1,53,5,16,hybrid_alns,9,1000.6,inf,8228381.479505691,inf,inf,inf,5.708745300000373,0,,
time_to_target,pdp_100,lc109,1,,5,16,ropke_distance_fixed_k,,,,,,,,,,0.15500210000027437,0
time_to_target,pdp_100,lc109,1,,5,16,qaoa,,,,,,,,,,0.10963339999943855,0
time_to_target,pdp_100,lc109,1,,5,16,efficient_su2,,,,,,,,,,0.17262299999856623,0
time_to_target,pdp_100,lc109,1,,5,16,hybrid_alns,,,,,,,,,,0.08022340000024997,0
fixed_budget,pdp_100,lc201,1,51,5,16,ropke_distance_fixed_k,3,591.56,591.5565566715015,591.5565566715015,591.5565566715015,0.0,-5.820759514514365e-06,23.367861099999573,1,,
fixed_budget,pdp_100,lc201,1,51,5,16,qaoa,3,591.56,591.5565566715015,591.5565566715015,591.5565566715015,0.0,-5.820759514514365e-06,25.669613600000957,1,,
fixed_budget,pdp_100,lc201,1,51,5,16,efficient_su2,3,591.56,591.5565566715015,591.5565566715015,591.5565566715015,0.0,-5.820759514514365e-06,24.13482440000007,1,,
fixed_budget,pdp_100,lc201,1,51,5,16,hybrid_alns,3,591.56,591.5565566715015,591.5565566715015,591.5565566715015,0.0,-5.820759514514365e-06,25.343282799998633,1,,
time_to_target,pdp_100,lc201,1,,5,16,ropke_distance_fixed_k,,,,,,,,,,0.4317267999995238,0
time_to_target,pdp_100,lc201,1,,5,16,qaoa,,,,,,,,,,0.5657511999997951,0
time_to_target,pdp_100,lc201,1,,5,16,efficient_su2,,,,,,,,,,0.3336213000002317,0
time_to_target,pdp_100,lc201,1,,5,16,hybrid_alns,,,,,,,,,,0.5333787999988999,0
fixed_budget,pdp_100,lc202,1,51,5,16,ropke_distance_fixed_k,3,591.56,591.5565566715015,591.5565566715015,591.5565566715015,0.0,-5.820759514514365e-06,17.129779300001246,1,,
fixed_budget,pdp_100,lc202,1,51,5,16,qaoa,3,591.56,591.5565566715015,591.5565566715015,591.5565566715015,0.0,-5.820759514514365e-06,19.059289300001183,1,,
fixed_budget,pdp_100,lc202,1,51,5,16,efficient_su2,3,591.56,591.5565566715015,591.5565566715015,591.5565566715015,0.0,-5.820759514514365e-06,20.291422399999647,1,,
fixed_budget,pdp_100,lc202,1,51,5,16,hybrid_alns,3,591.56,591.5565566715015,591.5565566715015,591.5565566715015,0.0,-5.820759514514365e-06,21.253281000001152,1,,
time_to_target,pdp_100,lc202,1,,5,16,ropke_distance_fixed_k,,,,,,,,,,0.3390813000005437,0
time_to_target,pdp_100,lc202,1,,5,16,qaoa,,,,,,,,,,0.3450609000010445,0
time_to_target,pdp_100,lc202,1,,5,16,efficient_su2,,,,,,,,,,0.384751800000231,0
time_to_target,pdp_100,lc202,1,,5,16,hybrid_alns,,,,,,,,,,0.45182089999980235,0
fixed_budget,pdp_100,lc203,1,51,5,16,ropke_distance_fixed_k,3,591.17,inf,11051048.810603557,inf,inf,inf,18.676198199998908,0,,
fixed_budget,pdp_100,lc203,1,51,5,16,qaoa,3,591.17,inf,11051048.810603557,inf,inf,inf,16.92267719999836,0,,
fixed_budget,pdp_100,lc203,1,51,5,16,efficient_su2,3,591.17,inf,11051048.810603557,inf,inf,inf,18.49038710000059,0,,
fixed_budget,pdp_100,lc203,1,51,5,16,hybrid_alns,3,591.17,inf,11051048.810603557,inf,inf,inf,21.378013999999894,0,,
time_to_target,pdp_100,lc203,1,,5,16,ropke_distance_fixed_k,,,,,,,,,,0.5250478999987536,0
time_to_target,pdp_100,lc203,1,,5,16,qaoa,,,,,,,,,,0.3626403999987815,0
time_to_target,pdp_100,lc203,1,,5,16,efficient_su2,,,,,,,,,,0.3319071999994776,0
time_to_target,pdp_100,lc203,1,,5,16,hybrid_alns,,,,,,,,,,0.4035418999992544,0
fixed_budget,pdp_100,lc204,1,51,5,16,ropke_distance_fixed_k,3,590.6,inf,1850704.106332381,inf,inf,inf,21.121733300000415,0,,
fixed_budget,pdp_100,lc204,1,51,5,16,qaoa,3,590.6,inf,1850704.106332381,inf,inf,inf,19.268161600000894,0,,
fixed_budget,pdp_100,lc204,1,51,5,16,efficient_su2,3,590.6,inf,1850704.106332381,inf,inf,inf,17.017698899999232,0,,
fixed_budget,pdp_100,lc204,1,51,5,16,hybrid_alns,3,590.6,inf,1850704.106332381,inf,inf,inf,17.4438629999986,0,,
time_to_target,pdp_100,lc204,1,,5,16,ropke_distance_fixed_k,,,,,,,,,,0.4217403999991802,0
time_to_target,pdp_100,lc204,1,,5,16,qaoa,,,,,,,,,,0.46000699999967765,0
time_to_target,pdp_100,lc204,1,,5,16,efficient_su2,,,,,,,,,,0.33108999999967637,0
time_to_target,pdp_100,lc204,1,,5,16,hybrid_alns,,,,,,,,,,0.33069499999874097,0
fixed_budget,pdp_100,lc205,1,51,5,16,ropke_distance_fixed_k,3,588.88,inf,85889663.2554625,inf,inf,inf,21.250019499999325,0,,
fixed_budget,pdp_100,lc205,1,51,5,16,qaoa,3,588.88,inf,96029690.62415987,inf,inf,inf,21.371397799999613,0,,
fixed_budget,pdp_100,lc205,1,51,5,16,efficient_su2,3,588.88,inf,81644169.58132538,inf,inf,inf,19.69740610000008,0,,
fixed_budget,pdp_100,lc205,1,51,5,16,hybrid_alns,3,588.88,inf,97853169.3795544,inf,inf,inf,17.28360579999935,0,,
time_to_target,pdp_100,lc205,1,,5,16,ropke_distance_fixed_k,,,,,,,,,,0.3814907999985735,0
time_to_target,pdp_100,lc205,1,,5,16,qaoa,,,,,,,,,,0.3100195999995776,0
time_to_target,pdp_100,lc205,1,,5,16,efficient_su2,,,,,,,,,,0.39237859999957436,0
time_to_target,pdp_100,lc205,1,,5,16,hybrid_alns,,,,,,,,,,0.4426999999996042,0
fixed_budget,pdp_100,lc206,1,51,5,16,ropke_distance_fixed_k,3,588.49,inf,36743349.7910973,inf,inf,inf,16.91088110000055,0,,
fixed_budget,pdp_100,lc206,1,51,5,16,qaoa,3,588.49,inf,36683411.652564965,inf,inf,inf,21.70084279999901,0,,
fixed_budget,pdp_100,lc206,1,51,5,16,efficient_su2,3,588.49,inf,38765144.202726535,inf,inf,inf,20.8119157000001,0,,
fixed_budget,pdp_100,lc206,1,51,5,16,hybrid_alns,3,588.49,inf,38765144.202726535,inf,inf,inf,20.328497399999833,0,,
time_to_target,pdp_100,lc206,1,,5,16,ropke_distance_fixed_k,,,,,,,,,,0.3376235000014276,0
time_to_target,pdp_100,lc206,1,,5,16,qaoa,,,,,,,,,,0.39289370000005874,0
time_to_target,pdp_100,lc206,1,,5,16,efficient_su2,,,,,,,,,,0.406882699999187,0
time_to_target,pdp_100,lc206,1,,5,16,hybrid_alns,,,,,,,,,,0.4482122999997955,0
fixed_budget,pdp_100,lc207,1,51,5,16,ropke_distance_fixed_k,3,588.29,inf,19224457.408220775,inf,inf,inf,17.2601612999988,0,,
fixed_budget,pdp_100,lc207,1,51,5,16,qaoa,3,588.29,inf,17983699.51477135,inf,inf,inf,16.885859300000448,0,,
fixed_budget,pdp_100,lc207,1,51,5,16,efficient_su2,3,588.29,inf,18318626.15057718,inf,inf,inf,21.390078899999935,0,,
fixed_budget,pdp_100,lc207,1,51,5,16,hybrid_alns,3,588.29,inf,19224457.408220775,inf,inf,inf,21.00535789999958,0,,
time_to_target,pdp_100,lc207,1,,5,16,ropke_distance_fixed_k,,,,,,,,,,0.3539837999996962,0
time_to_target,pdp_100,lc207,1,,5,16,qaoa,,,,,,,,,,0.4063784999998461,0
time_to_target,pdp_100,lc207,1,,5,16,efficient_su2,,,,,,,,,,0.4125497000004543,0
time_to_target,pdp_100,lc207,1,,5,16,hybrid_alns,,,,,,,,,,0.40694230000008247,0
fixed_budget,pdp_100,lc208,1,51,5,16,ropke_distance_fixed_k,3,588.32,inf,37702031.679405145,inf,inf,inf,20.596094399999856,0,,
fixed_budget,pdp_100,lc208,1,51,5,16,qaoa,3,588.32,inf,41738455.39110426,inf,inf,inf,18.465956299998652,0,,
fixed_budget,pdp_100,lc208,1,51,5,16,efficient_su2,3,588.32,inf,41738455.39110426,inf,inf,inf,19.333294000000024,0,,
fixed_budget,pdp_100,lc208,1,51,5,16,hybrid_alns,3,588.32,inf,41738455.39110426,inf,inf,inf,18.592633899999782,0,,
time_to_target,pdp_100,lc208,1,,5,16,ropke_distance_fixed_k,,,,,,,,,,0.4438410999991902,0
time_to_target,pdp_100,lc208,1,,5,16,qaoa,,,,,,,,,,0.3912702999987232,0
time_to_target,pdp_100,lc208,1,,5,16,efficient_su2,,,,,,,,,,0.4090235000003304,0
time_to_target,pdp_100,lc208,1,,5,16,hybrid_alns,,,,,,,,,,0.40854899999976624,0
fixed_budget,pdp_100,lr101,1,53,5,16,ropke_distance_fixed_k,19,1650.8,inf,568226.6635259885,inf,inf,inf,2.282414499999504,0,,
fixed_budget,pdp_100,lr101,1,53,5,16,qaoa,19,1650.8,inf,511866.7242152821,inf,inf,inf,2.3155210000004445,0,,
fixed_budget,pdp_100,lr101,1,53,5,16,efficient_su2,19,1650.8,inf,568226.6635259885,inf,inf,inf,2.4694252999997843,0,,
fixed_budget,pdp_100,lr101,1,53,5,16,hybrid_alns,19,1650.8,inf,568226.6635259885,inf,inf,inf,2.330802300000869,0,,
time_to_target,pdp_100,lr101,1,,5,16,ropke_distance_fixed_k,,,,,,,,,,0.0375581999996939,0
time_to_target,pdp_100,lr101,1,,5,16,qaoa,,,,,,,,,,0.07371779999994033,0
time_to_target,pdp_100,lr101,1,,5,16,efficient_su2,,,,,,,,,,0.03756939999948372,0
time_to_target,pdp_100,lr101,1,,5,16,hybrid_alns,,,,,,,,,,0.05099719999998342,0
fixed_budget,pdp_100,lr102,1,55,5,16,ropke_distance_fixed_k,17,1487.57,inf,51098.801177267276,inf,inf,inf,2.6291536999997334,0,,
fixed_budget,pdp_100,lr102,1,55,5,16,qaoa,17,1487.57,inf,51098.801177267276,inf,inf,inf,2.5843732000012096,0,,
fixed_budget,pdp_100,lr102,1,55,5,16,efficient_su2,17,1487.57,inf,51098.801177267276,inf,inf,inf,2.990327800000159,0,,
fixed_budget,pdp_100,lr102,1,55,5,16,hybrid_alns,17,1487.57,inf,51098.801177267276,inf,inf,inf,2.7779062000008707,0,,
time_to_target,pdp_100,lr102,1,,5,16,ropke_distance_fixed_k,,,,,,,,,,0.04089120000026014,0
time_to_target,pdp_100,lr102,1,,5,16,qaoa,,,,,,,,,,0.04389110000010987,0
time_to_target,pdp_100,lr102,1,,5,16,efficient_su2,,,,,,,,,,0.05169939999905182,0
time_to_target,pdp_100,lr102,1,,5,16,hybrid_alns,,,,,,,,,,0.04335999999966589,0
fixed_budget,pdp_100,lr103,1,52,5,16,ropke_distance_fixed_k,13,1292.68,inf,1307935.3799382285,inf,inf,inf,2.8536536999999953,0,,
fixed_budget,pdp_100,lr103,1,52,5,16,qaoa,13,1292.68,inf,1307935.3799382285,inf,inf,inf,3.2054887999984203,0,,
fixed_budget,pdp_100,lr103,1,52,5,16,efficient_su2,13,1292.68,inf,1307935.3799382285,inf,inf,inf,2.994908500000747,0,,
fixed_budget,pdp_100,lr103,1,52,5,16,hybrid_alns,13,1292.68,inf,1307935.3799382285,inf,inf,inf,2.8944703999986814,0,,
time_to_target,pdp_100,lr103,1,,5,16,ropke_distance_fixed_k,,,,,,,,,,0.046614599999884376,0
time_to_target,pdp_100,lr103,1,,5,16,qaoa,,,,,,,,,,0.05080139999881794,0
time_to_target,pdp_100,lr103,1,,5,16,efficient_su2,,,,,,,,,,0.05945079999946756,0
time_to_target,pdp_100,lr103,1,,5,16,hybrid_alns,,,,,,,,,,0.04005489999872225,0
fixed_budget,pdp_100,lr104,1,52,5,16,ropke_distance_fixed_k,9,1013.39,inf,3456106.8523094654,inf,inf,inf,4.106092300000455,0,,
fixed_budget,pdp_100,lr104,1,52,5,16,qaoa,9,1013.39,inf,3744620.485641488,inf,inf,inf,4.271044099999926,0,,
fixed_budget,pdp_100,lr104,1,52,5,16,efficient_su2,9,1013.39,inf,3805397.3065616004,inf,inf,inf,4.644293800000014,0,,
fixed_budget,pdp_100,lr104,1,52,5,16,hybrid_alns,9,1013.39,inf,3805397.3065616004,inf,inf,inf,4.482424599998922,0,,
time_to_target,pdp_100,lr104,1,,5,16,ropke_distance_fixed_k,,,,,,,,,,0.07006629999887082,0
time_to_target,pdp_100,lr104,1,,5,16,qaoa,,,,,,,,,,0.06935200000043551,0
time_to_target,pdp_100,lr104,1,,5,16,efficient_su2,,,,,,,,,,0.09787759999926493,0
time_to_target,pdp_100,lr104,1,,5,16,hybrid_alns,,,,,,,,,,0.08290370000031544,0
fixed_budget,pdp_100,lr105,1,53,5,16,ropke_distance_fixed_k,14,1377.11,inf,1038520.0498741352,inf,inf,inf,2.6351955000009184,0,,
fixed_budget,pdp_100,lr105,1,53,5,16,qaoa,14,1377.11,inf,1034720.0228227847,inf,inf,inf,2.876070399999662,0,,
fixed_budget,pdp_100,lr105,1,53,5,16,efficient_su2,14,1377.11,inf,1124719.7297779107,inf,inf,inf,2.9275389999984327,0,,
fixed_budget,pdp_100,lr105,1,53,5,16,hybrid_alns,14,1377.11,inf,966828.3476535553,inf,inf,inf,2.767430099998819,0,,
time_to_target,pdp_100,lr105,1,,5,16,ropke_distance_fixed_k,,,,,,,,,,0.05931610000152432,0
time_to_target,pdp_100,lr105,1,,5,16,qaoa,,,,,,,,,,0.04746309999973164,0
time_to_target,pdp_100,lr105,1,,5,16,efficient_su2,,,,,,,,,,0.045325399998546345,0
time_to_target,pdp_100,lr105,1,,5,16,hybrid_alns,,,,,,,,,,0.058555100000376115,0
fixed_budget,pdp_100,lr106,1,52,5,16,ropke_distance_fixed_k,12,1252.62,inf,1926959.9843473407,inf,inf,inf,2.943385099999432,0,,
fixed_budget,pdp_100,lr106,1,52,5,16,qaoa,12,1252.62,inf,1822077.6707067653,inf,inf,inf,3.3633094999986497,0,,
fixed_budget,pdp_100,lr106,1,52,5,16,efficient_su2,12,1252.62,inf,1926959.9843473407,inf,inf,inf,3.2443555999998352,0,,
fixed_budget,pdp_100,lr106,1,52,5,16,hybrid_alns,12,1252.62,inf,1816556.8905467421,inf,inf,inf,3.188567499999408,0,,
time_to_target,pdp_100,lr106,1,,5,16,ropke_distance_fixed_k,,,,,,,,,,0.08772870000029798,0
time_to_target,pdp_100,lr106,1,,5,16,qaoa,,,,,,,,,,0.053868899998633424,0
time_to_target,pdp_100,lr106,1,,5,16,efficient_su2,,,,,,,,,,0.07137169999987236,0
time_to_target,pdp_100,lr106,1,,5,16,hybrid_alns,,,,,,,,,,0.041376799999852665,0
fixed_budget,pdp_100,lr107,1,52,5,16,ropke_distance_fixed_k,10,1111.31,inf,2809656.041829839,inf,inf,inf,4.057960000000094,0,,
fixed_budget,pdp_100,lr107,1,52,5,16,qaoa,10,1111.31,inf,2922812.7410410736,inf,inf,inf,4.312900499999159,0,,
fixed_budget,pdp_100,lr107,1,52,5,16,efficient_su2,10,1111.31,inf,2713798.0607783976,inf,inf,inf,4.089211600001363,0,,
fixed_budget,pdp_100,lr107,1,52,5,16,hybrid_alns,10,1111.31,inf,2809125.1514513646,inf,inf,inf,3.994657700000971,0,,
time_to_target,pdp_100,lr107,1,,5,16,ropke_distance_fixed_k,,,,,,,,,,0.06841849999909755,0
time_to_target,pdp_100,lr107,1,,5,16,qaoa,,,,,,,,,,0.08595729999979085,0
time_to_target,pdp_100,lr107,1,,5,16,efficient_su2,,,,,,,,,,0.0929671000012604,0
time_to_target,pdp_100,lr107,1,,5,16,hybrid_alns,,,,,,,,,,0.07056379999994533,0
fixed_budget,pdp_100,lr108,1,50,5,16,ropke_distance_fixed_k,9,968.97,inf,6136108.6710364735,inf,inf,inf,4.254432000001543,0,,
fixed_budget,pdp_100,lr108,1,50,5,16,qaoa,9,968.97,inf,6219041.915444401,inf,inf,inf,4.308707099999083,0,,
fixed_budget,pdp_100,lr108,1,50,5,16,efficient_su2,9,968.97,inf,6044834.434131825,inf,inf,inf,4.126570700000229,0,,
fixed_budget,pdp_100,lr108,1,50,5,16,hybrid_alns,9,968.97,inf,6259551.841151797,inf,inf,inf,3.6951224000004004,0,,
time_to_target,pdp_100,lr108,1,,5,16,ropke_distance_fixed_k,,,,,,,,,,0.06679310000072292,0
time_to_target,pdp_100,lr108,1,,5,16,qaoa,,,,,,,,,,0.10373939999954018,0
time_to_target,pdp_100,lr108,1,,5,16,efficient_su2,,,,,,,,,,0.06508539999958884,0
time_to_target,pdp_100,lr108,1,,5,16,hybrid_alns,,,,,,,,,,0.09779669999988982,0
fixed_budget,pdp_100,lr109,1,53,5,16,ropke_distance_fixed_k,11,1208.96,inf,2720686.2558292793,inf,inf,inf,3.6760400000002846,0,,
fixed_budget,pdp_100,lr109,1,53,5,16,qaoa,11,1208.96,inf,2720686.2558292793,inf,inf,inf,3.6094193999997515,0,,
fixed_budget,pdp_100,lr109,1,53,5,16,efficient_su2,11,1208.96,inf,2720686.2558292793,inf,inf,inf,3.688610000001063,0,,
fixed_budget,pdp_100,lr109,1,53,5,16,hybrid_alns,11,1208.96,inf,2720686.2558292793,inf,inf,inf,3.347790999998324,0,,
time_to_target,pdp_100,lr109,1,,5,16,ropke_distance_fixed_k,,,,,,,,,,0.056005000000368454,0
time_to_target,pdp_100,lr109,1,,5,16,qaoa,,,,,,,,,,0.08063570000012987,0
time_to_target,pdp_100,lr109,1,,5,16,efficient_su2,,,,,,,,,,0.05630089999976917,0
time_to_target,pdp_100,lr109,1,,5,16,hybrid_alns,,,,,,,,,,0.053430599999046535,0
fixed_budget,pdp_100,lr110,1,52,5,16,ropke_distance_fixed_k,10,1159.35,inf,6261637.554660496,inf,inf,inf,3.6366036999988864,0,,
fixed_budget,pdp_100,lr110,1,52,5,16,qaoa,10,1159.35,inf,6261637.554660496,inf,inf,inf,3.9972748999989562,0,,
fixed_budget,pdp_100,lr110,1,52,5,16,efficient_su2,10,1159.35,inf,6184170.072041798,inf,inf,inf,3.8085260999996535,0,,
fixed_budget,pdp_100,lr110,1,52,5,16,hybrid_alns,10,1159.35,inf,6261637.554660496,inf,inf,inf,3.4938569999994797,0,,
time_to_target,pdp_100,lr110,1,,5,16,ropke_distance_fixed_k,,,,,,,,,,0.10139759999947273,0
time_to_target,pdp_100,lr110,1,,5,16,qaoa,,,,,,,,,,0.07492929999898479,0
time_to_target,pdp_100,lr110,1,,5,16,efficient_su2,,,,,,,,,,0.08898349999981292,0
time_to_target,pdp_100,lr110,1,,5,16,hybrid_alns,,,,,,,,,,0.0746567000005598,0
fixed_budget,pdp_100,lr111,1,54,5,16,ropke_distance_fixed_k,10,1108.9,inf,4898037.765318941,inf,inf,inf,4.086682299999666,0,,
fixed_budget,pdp_100,lr111,1,54,5,16,qaoa,10,1108.9,inf,5155344.518481427,inf,inf,inf,4.424937200001295,0,,
fixed_budget,pdp_100,lr111,1,54,5,16,efficient_su2,10,1108.9,inf,5155344.518481427,inf,inf,inf,4.366785799998979,0,,
fixed_budget,pdp_100,lr111,1,54,5,16,hybrid_alns,10,1108.9,inf,5155344.518481427,inf,inf,inf,4.3783000000003085,0,,
time_to_target,pdp_100,lr111,1,,5,16,ropke_distance_fixed_k,,,,,,,,,,0.08661369999936142,0
time_to_target,pdp_100,lr111,1,,5,16,qaoa,,,,,,,,,,0.08209510000051523,0
time_to_target,pdp_100,lr111,1,,5,16,efficient_su2,,,,,,,,,,0.13505400000030932,0
time_to_target,pdp_100,lr111,1,,5,16,hybrid_alns,,,,,,,,,,0.07461499999953958,0
fixed_budget,pdp_100,lr112,1,53,5,16,ropke_distance_fixed_k,9,1003.77,inf,8694730.032404032,inf,inf,inf,4.469401700000162,0,,
fixed_budget,pdp_100,lr112,1,53,5,16,qaoa,9,1003.77,inf,8750317.832524102,inf,inf,inf,4.098083099999712,0,,
fixed_budget,pdp_100,lr112,1,53,5,16,efficient_su2,9,1003.77,inf,8750317.832524102,inf,inf,inf,4.278980000000956,0,,
fixed_budget,pdp_100,lr112,1,53,5,16,hybrid_alns,9,1003.77,inf,8076434.982473947,inf,inf,inf,4.48600549999901,0,,
time_to_target,pdp_100,lr112,1,,5,16,ropke_distance_fixed_k,,,,,,,,,,0.1272902000000613,0
time_to_target,pdp_100,lr112,1,,5,16,qaoa,,,,,,,,,,0.1008347999995749,0
time_to_target,pdp_100,lr112,1,,5,16,efficient_su2,,,,,,,,,,0.08348840000144264,0
time_to_target,pdp_100,lr112,1,,5,16,hybrid_alns,,,,,,,,,,0.08867540000028384,0
fixed_budget,pdp_100,lr201,1,51,5,16,ropke_distance_fixed_k,4,1253.23,inf,1145469.1223547522,inf,inf,inf,11.775346600001285,0,,
fixed_budget,pdp_100,lr201,1,51,5,16,qaoa,4,1253.23,inf,834365.3029913966,inf,inf,inf,11.714329799999177,0,,
fixed_budget,pdp_100,lr201,1,51,5,16,efficient_su2,4,1253.23,inf,1145469.1223547522,inf,inf,inf,12.524386799999775,0,,
fixed_budget,pdp_100,lr201,1,51,5,16,hybrid_alns,4,1253.23,inf,1145469.1223547522,inf,inf,inf,12.15375590000076,0,,
time_to_target,pdp_100,lr201,1,,5,16,ropke_distance_fixed_k,,,,,,,,,,0.21454690000064147,0
time_to_target,pdp_100,lr201,1,,5,16,qaoa,,,,,,,,,,0.25029559999893536,0
time_to_target,pdp_100,lr201,1,,5,16,efficient_su2,,,,,,,,,,0.24458820000108972,0
time_to_target,pdp_100,lr201,1,,5,16,hybrid_alns,,,,,,,,,,0.2414809999991121,0
fixed_budget,pdp_100,lr202,1,50,5,16,ropke_distance_fixed_k,3,1197.67,inf,3572028.996853761,inf,inf,inf,17.154622900001414,0,,
fixed_budget,pdp_100,lr202,1,50,5,16,qaoa,3,1197.67,inf,3572028.996853761,inf,inf,inf,17.10469279999961,0,,
fixed_budget,pdp_100,lr202,1,50,5,16,efficient_su2,3,1197.67,inf,3572028.996853761,inf,inf,inf,17.563748299999133,0,,
fixed_budget,pdp_100,lr202,1,50,5,16,hybrid_alns,3,1197.67,inf,3572028.996853761,inf,inf,inf,17.222245299999486,0,,
time_to_target,pdp_100,lr202,1,,5,16,ropke_distance_fixed_k,,,,,,,,,,0.35094720000051893,0
time_to_target,pdp_100,lr202,1,,5,16,qaoa,,,,,,,,,,0.3536967999989429,0
time_to_target,pdp_100,lr202,1,,5,16,efficient_su2,,,,,,,,,,0.29953289999866684,0
time_to_target,pdp_100,lr202,1,,5,16,hybrid_alns,,,,,,,,,,0.32290370000009716,0
fixed_budget,pdp_100,lr203,1,51,5,16,ropke_distance_fixed_k,3,949.4,inf,441148.77167803166,inf,inf,inf,18.308828899998844,0,,
fixed_budget,pdp_100,lr203,1,51,5,16,qaoa,3,949.4,inf,409346.64574815065,inf,inf,inf,17.186768999999913,0,,
fixed_budget,pdp_100,lr203,1,51,5,16,efficient_su2,3,949.4,inf,645361.0057225944,inf,inf,inf,16.529588800000056,0,,
fixed_budget,pdp_100,lr203,1,51,5,16,hybrid_alns,3,949.4,inf,621007.4754236594,inf,inf,inf,17.367398099999264,0,,
time_to_target,pdp_100,lr203,1,,5,16,ropke_distance_fixed_k,,,,,,,,,,0.3456306999996741,0
time_to_target,pdp_100,lr203,1,,5,16,qaoa,,,,,,,,,,0.31760489999942365,0
time_to_target,pdp_100,lr203,1,,5,16,efficient_su2,,,,,,,,,,0.3248889999995299,0
time_to_target,pdp_100,lr203,1,,5,16,hybrid_alns,,,,,,,,,,0.3180334999997285,0
fixed_budget,pdp_100,lr204,1,50,5,16,ropke_distance_fixed_k,2,849.05,inf,11247277.228599522,inf,inf,inf,33.47744489999968,0,,
fixed_budget,pdp_100,lr204,1,50,5,16,qaoa,2,849.05,inf,11611584.8935499,inf,inf,inf,32.45389150000119,0,,
fixed_budget,pdp_100,lr204,1,50,5,16,efficient_su2,2,849.05,inf,11714838.762927094,inf,inf,inf,31.69886679999945,0,,
fixed_budget,pdp_100,lr204,1,50,5,16,hybrid_alns,2,849.05,inf,11714838.762927094,inf,inf,inf,33.535389900000155,0,,
time_to_target,pdp_100,lr204,1,,5,16,ropke_distance_fixed_k,,,,,,,,,,0.7931389000004856,0
time_to_target,pdp_100,lr204,1,,5,16,qaoa,,,,,,,,,,0.6925688000010268,0
time_to_target,pdp_100,lr204,1,,5,16,efficient_su2,,,,,,,,,,0.6247494999988703,0
time_to_target,pdp_100,lr204,1,,5,16,hybrid_alns,,,,,,,,,,0.6529514000012568,0
fixed_budget,pdp_100,lr205,1,51,5,16,ropke_distance_fixed_k,3,1054.02,inf,7669168.990518073,inf,inf,inf,17.471268299999792,0,,
fixed_budget,pdp_100,lr205,1,51,5,16,qaoa,3,1054.02,inf,7457649.557252783,inf,inf,inf,17.333588399998916,0,,
fixed_budget,pdp_100,lr205,1,51,5,16,efficient_su2,3,1054.02,inf,6944390.954863987,inf,inf,inf,16.516428999999334,0,,
fixed_budget,pdp_100,lr205,1,51,5,16,hybrid_alns,3,1054.02,inf,7327800.440054724,inf,inf,inf,16.647393699999157,0,,
time_to_target,pdp_100,lr205,1,,5,16,ropke_distance_fixed_k,,,,,,,,,,0.3215150999985781,0
time_to_target,pdp_100,lr205,1,,5,16,qaoa,,,,,,,,,,0.32793990000027406,0
time_to_target,pdp_100,lr205,1,,5,16,efficient_su2,,,,,,,,,,0.3066773999998986,0
time_to_target,pdp_100,lr205,1,,5,16,hybrid_alns,,,,,,,,,,0.3349754999999277,0
fixed_budget,pdp_100,lr206,1,50,5,16,ropke_distance_fixed_k,3,931.63,inf,1716902.1471166946,inf,inf,inf,17.009818700000324,0,,
fixed_budget,pdp_100,lr206,1,50,5,16,qaoa,3,931.63,inf,1716902.1471166946,inf,inf,inf,16.90433590000066,0,,
fixed_budget,pdp_100,lr206,1,50,5,16,efficient_su2,3,931.63,inf,1395244.8695655968,inf,inf,inf,17.737276899999415,0,,
fixed_budget,pdp_100,lr206,1,50,5,16,hybrid_alns,3,931.63,inf,1498028.213022978,inf,inf,inf,17.376710900000035,0,,
time_to_target,pdp_100,lr206,1,,5,16,ropke_distance_fixed_k,,,,,,,,,,0.34825049999926705,0
time_to_target,pdp_100,lr206,1,,5,16,qaoa,,,,,,,,,,0.32072750000043015,0
time_to_target,pdp_100,lr206,1,,5,16,efficient_su2,,,,,,,,,,0.3353081999994174,0
time_to_target,pdp_100,lr206,1,,5,16,hybrid_alns,,,,,,,,,,0.3674097000002803,0
fixed_budget,pdp_100,lr207,1,51,5,16,ropke_distance_fixed_k,2,903.06,inf,21044353.89256849,inf,inf,inf,36.375591500000155,0,,
fixed_budget,pdp_100,lr207,1,51,5,16,qaoa,2,903.06,inf,20160797.423670188,inf,inf,inf,36.22781269999905,0,,
fixed_budget,pdp_100,lr207,1,51,5,16,efficient_su2,2,903.06,inf,18725407.01091081,inf,inf,inf,36.85119970000051,0,,
fixed_budget,pdp_100,lr207,1,51,5,16,hybrid_alns,2,903.06,inf,21255485.821367323,inf,inf,inf,56.19814050000059,0,,
time_to_target,pdp_100,lr207,1,,5,16,ropke_distance_fixed_k,,,,,,,,,,0.6621871999996074,0
time_to_target,pdp_100,lr207,1,,5,16,qaoa,,,,,,,,,,0.7010986999994202,0
time_to_target,pdp_100,lr207,1,,5,16,efficient_su2,,,,,,,,,,0.757631800001036,0
time_to_target,pdp_100,lr207,1,,5,16,hybrid_alns,,,,,,,,,,1.0814015000014479,0
fixed_budget,pdp_100,lr208,1,50,5,16,ropke_distance_fixed_k,2,734.85,inf,3882341.222999328,inf,inf,inf,49.38255949999984,0,,
fixed_budget,pdp_100,lr208,1,50,5,16,qaoa,2,734.85,inf,4178333.3189451676,inf,inf,inf,49.90589270000055,0,,
fixed_budget,pdp_100,lr208,1,50,5,16,efficient_su2,2,734.85,inf,3870196.987735037,inf,inf,inf,50.51585879999948,0,,
fixed_budget,pdp_100,lr208,1,50,5,16,hybrid_alns,2,734.85,inf,4178333.3189451676,inf,inf,inf,48.190020000000004,0,,
time_to_target,pdp_100,lr208,1,,5,16,ropke_distance_fixed_k,,,,,,,,,,0.9288579000003665,0
time_to_target,pdp_100,lr208,1,,5,16,qaoa,,,,,,,,,,1.0266997000017,0
time_to_target,pdp_100,lr208,1,,5,16,efficient_su2,,,,,,,,,,1.0794592999991437,0
time_to_target,pdp_100,lr208,1,,5,16,hybrid_alns,,,,,,,,,,0.9361719999997149,0
fixed_budget,pdp_100,lr209,1,51,5,16,ropke_distance_fixed_k,3,930.59,inf,4629078.1290539075,inf,inf,inf,22.99628180000036,0,,
fixed_budget,pdp_100,lr209,1,51,5,16,qaoa,3,930.59,inf,3973918.6463870388,inf,inf,inf,25.67107920000126,0,,
fixed_budget,pdp_100,lr209,1,51,5,16,efficient_su2,3,930.59,inf,3656163.3055457165,inf,inf,inf,22.668961999999738,0,,
fixed_budget,pdp_100,lr209,1,51,5,16,hybrid_alns,3,930.59,inf,4629078.1290539075,inf,inf,inf,25.87686500000018,0,,
time_to_target,pdp_100,lr209,1,,5,16,ropke_distance_fixed_k,,,,,,,,,,0.48464249999960884,0
time_to_target,pdp_100,lr209,1,,5,16,qaoa,,,,,,,,,,0.4979982000004384,0
time_to_target,pdp_100,lr209,1,,5,16,efficient_su2,,,,,,,,,,0.509151500000371,0
time_to_target,pdp_100,lr209,1,,5,16,hybrid_alns,,,,,,,,,,0.4682162999997672,0
fixed_budget,pdp_100,lr210,1,51,5,16,ropke_distance_fixed_k,3,964.22,inf,260410.8122736809,inf,inf,inf,21.928349199999502,0,,
fixed_budget,pdp_100,lr210,1,51,5,16,qaoa,3,964.22,inf,260410.8122736809,inf,inf,inf,25.891974500000288,0,,
fixed_budget,pdp_100,lr210,1,51,5,16,efficient_su2,3,964.22,inf,260410.8122736809,inf,inf,inf,23.42970300000161,0,,
fixed_budget,pdp_100,lr210,1,51,5,16,hybrid_alns,3,964.22,inf,260410.8122736809,inf,inf,inf,25.254632199999833,0,,
time_to_target,pdp_100,lr210,1,,5,16,ropke_distance_fixed_k,,,,,,,,,,0.45029649999924004,0
time_to_target,pdp_100,lr210,1,,5,16,qaoa,,,,,,,,,,0.4775016000003234,0
time_to_target,pdp_100,lr210,1,,5,16,efficient_su2,,,,,,,,,,0.5526113000014448,0
time_to_target,pdp_100,lr210,1,,5,16,hybrid_alns,,,,,,,,,,0.5069077999996807,0
fixed_budget,pdp_100,lr211,1,50,5,16,ropke_distance_fixed_k,2,911.52,inf,21430403.73670218,inf,inf,inf,33.008390099999815,0,,
fixed_budget,pdp_100,lr211,1,50,5,16,qaoa,2,911.52,inf,21423349.82062607,inf,inf,inf,39.20878819999962,0,,
fixed_budget,pdp_100,lr211,1,50,5,16,efficient_su2,2,911.52,inf,20612298.05877129,inf,inf,inf,38.953168000000005,0,,
fixed_budget,pdp_100,lr211,1,50,5,16,hybrid_alns,2,911.52,inf,20908887.41972813,inf,inf,inf,32.82310789999974,0,,
time_to_target,pdp_100,lr211,1,,5,16,ropke_distance_fixed_k,,,,,,,,,,0.8349440999991202,0
time_to_target,pdp_100,lr211,1,,5,16,qaoa,,,,,,,,,,0.6227675000009185,0
time_to_target,pdp_100,lr211,1,,5,16,efficient_su2,,,,,,,,,,0.7465551999994204,0
time_to_target,pdp_100,lr211,1,,5,16,hybrid_alns,,,,,,,,,,0.6106952000009187,0
fixed_budget,pdp_100,lrc101,1,53,5,16,ropke_distance_fixed_k,14,1708.8,inf,2682593.527675667,inf,inf,inf,2.655977000000348,0,,
fixed_budget,pdp_100,lrc101,1,53,5,16,qaoa,14,1708.8,inf,2682593.527675667,inf,inf,inf,2.664677799999481,0,,
fixed_budget,pdp_100,lrc101,1,53,5,16,efficient_su2,14,1708.8,inf,2682593.527675667,inf,inf,inf,2.827573399999892,0,,
fixed_budget,pdp_100,lrc101,1,53,5,16,hybrid_alns,14,1708.8,inf,2539128.81974616,inf,inf,inf,2.9567317999990337,0,,
time_to_target,pdp_100,lrc101,1,,5,16,ropke_distance_fixed_k,,,,,,,,,,0.05191879999983939,0
time_to_target,pdp_100,lrc101,1,,5,16,qaoa,,,,,,,,,,0.051673799998752656,0
time_to_target,pdp_100,lrc101,1,,5,16,efficient_su2,,,,,,,,,,0.06491389999973762,0
time_to_target,pdp_100,lrc101,1,,5,16,hybrid_alns,,,,,,,,,,0.04941379999945639,0
fixed_budget,pdp_100,lrc102,1,53,5,16,ropke_distance_fixed_k,12,1558.07,inf,2879184.9099457418,inf,inf,inf,3.547684200000731,0,,
fixed_budget,pdp_100,lrc102,1,53,5,16,qaoa,12,1558.07,inf,2879184.9099457418,inf,inf,inf,3.8248234999991837,0,,
fixed_budget,pdp_100,lrc102,1,53,5,16,efficient_su2,12,1558.07,inf,2879184.9099457418,inf,inf,inf,3.6442033000002994,0,,
fixed_budget,pdp_100,lrc102,1,53,5,16,hybrid_alns,12,1558.07,inf,2879184.9099457418,inf,inf,inf,3.7513639999997395,0,,
time_to_target,pdp_100,lrc102,1,,5,16,ropke_distance_fixed_k,,,,,,,,,,0.049893699999302044,0
time_to_target,pdp_100,lrc102,1,,5,16,qaoa,,,,,,,,,,0.05263369999920542,0
time_to_target,pdp_100,lrc102,1,,5,16,efficient_su2,,,,,,,,,,0.13304370000150811,0
time_to_target,pdp_100,lrc102,1,,5,16,hybrid_alns,,,,,,,,,,0.12006850000034319,0
fixed_budget,pdp_100,lrc103,1,53,5,16,ropke_distance_fixed_k,11,1258.74,inf,1643796.3677759212,inf,inf,inf,4.059474499999851,0,,
fixed_budget,pdp_100,lrc103,1,53,5,16,qaoa,11,1258.74,inf,1643796.3677759212,inf,inf,inf,3.564027599999463,0,,
fixed_budget,pdp_100,lrc103,1,53,5,16,efficient_su2,11,1258.74,inf,1643796.3677759212,inf,inf,inf,4.1090535000003,0,,
fixed_budget,pdp_100,lrc103,1,53,5,16,hybrid_alns,11,1258.74,inf,1643796.3677759212,inf,inf,inf,4.298286299999745,0,,
time_to_target,pdp_100,lrc103,1,,5,16,ropke_distance_fixed_k,,,,,,,,,,0.05725989999882586,0
time_to_target,pdp_100,lrc103,1,,5,16,qaoa,,,,,,,,,,0.06059869999990042,0
time_to_target,pdp_100,lrc103,1,,5,16,efficient_su2,,,,,,,,,,0.07932820000132779,0
time_to_target,pdp_100,lrc103,1,,5,16,hybrid_alns,,,,,,,,,,0.054284499999994296,0
fixed_budget,pdp_100,lrc104,1,54,5,16,ropke_distance_fixed_k,10,1128.4,inf,4472638.746032601,inf,inf,inf,4.430160300000352,0,,
fixed_budget,pdp_100,lrc104,1,54,5,16,qaoa,10,1128.4,inf,4472638.746032601,inf,inf,inf,4.71709219999866,0,,
fixed_budget,pdp_100,lrc104,1,54,5,16,efficient_su2,10,1128.4,inf,4472638.746032601,inf,inf,inf,4.823010100000829,0,,
fixed_budget,pdp_100,lrc104,1,54,5,16,hybrid_alns,10,1128.4,inf,4131469.06372349,inf,inf,inf,4.054367500000808,0,,
time_to_target,pdp_100,lrc104,1,,5,16,ropke_distance_fixed_k,,,,,,,,,,0.14819949999946402,0
time_to_target,pdp_100,lrc104,1,,5,16,qaoa,,,,,,,,,,0.06771599999956379,0
time_to_target,pdp_100,lrc104,1,,5,16,efficient_su2,,,,,,,,,,0.10516239999924437,0
time_to_target,pdp_100,lrc104,1,,5,16,hybrid_alns,,,,,,,,,,0.065241899999819,0
fixed_budget,pdp_100,lrc105,1,54,5,16,ropke_distance_fixed_k,13,1637.62,inf,1954418.2048204946,inf,inf,inf,3.332300899999609,0,,
fixed_budget,pdp_100,lrc105,1,54,5,16,qaoa,13,1637.62,inf,2415696.313654856,inf,inf,inf,3.6980960999990202,0,,
fixed_budget,pdp_100,lrc105,1,54,5,16,efficient_su2,13,1637.62,inf,1942705.3024780825,inf,inf,inf,3.2933916000001773,0,,
fixed_budget,pdp_100,lrc105,1,54,5,16,hybrid_alns,13,1637.62,inf,2415696.313654856,inf,inf,inf,3.0612511999988783,0,,
time_to_target,pdp_100,lrc105,1,,5,16,ropke_distance_fixed_k,,,,,,,,,,0.06078950000119221,0
time_to_target,pdp_100,lrc105,1,,5,16,qaoa,,,,,,,,,,0.14836649999961082,0
time_to_target,pdp_100,lrc105,1,,5,16,efficient_su2,,,,,,,,,,0.057577700001274934,0
time_to_target,pdp_100,lrc105,1,,5,16,hybrid_alns,,,,,,,,,,0.0563518999988446,0
fixed_budget,pdp_100,lrc106,1,53,5,16,ropke_distance_fixed_k,11,1424.73,inf,6694525.426254282,inf,inf,inf,3.3645526000000245,0,,
fixed_budget,pdp_100,lrc106,1,53,5,16,qaoa,11,1424.73,inf,6457476.094811743,inf,inf,inf,3.4875630000005913,0,,
fixed_budget,pdp_100,lrc106,1,53,5,16,efficient_su2,11,1424.73,inf,6457476.094811743,inf,inf,inf,3.3438462000012805,0,,
fixed_budget,pdp_100,lrc106,1,53,5,16,hybrid_alns,11,1424.73,inf,6457476.094811743,inf,inf,inf,3.2891546999999264,0,,
time_to_target,pdp_100,lrc106,1,,5,16,ropke_distance_fixed_k,,,,,,,,,,0.06420979999893461,0
time_to_target,pdp_100,lrc106,1,,5,16,qaoa,,,,,,,,,,0.06738810000024387,0
time_to_target,pdp_100,lrc106,1,,5,16,efficient_su2,,,,,,,,,,0.06570240000110061,0
time_to_target,pdp_100,lrc106,1,,5,16,hybrid_alns,,,,,,,,,,0.061393300000418094,0
fixed_budget,pdp_100,lrc107,1,53,5,16,ropke_distance_fixed_k,11,1230.14,inf,5296392.34657561,inf,inf,inf,3.087516000001415,0,,
fixed_budget,pdp_100,lrc107,1,53,5,16,qaoa,11,1230.14,inf,5751583.629402446,inf,inf,inf,3.3994429000013042,0,,
fixed_budget,pdp_100,lrc107,1,53,5,16,efficient_su2,11,1230.14,inf,5751583.629402446,inf,inf,inf,3.692481100000805,0,,
fixed_budget,pdp_100,lrc107,1,53,5,16,hybrid_alns,11,1230.14,inf,5751583.629402446,inf,inf,inf,3.8563677000001917,0,,
time_to_target,pdp_100,lrc107,1,,5,16,ropke_distance_fixed_k,,,,,,,,,,0.05878310000116471,0
time_to_target,pdp_100,lrc107,1,,5,16,qaoa,,,,,,,,,,0.08049910000045202,0
time_to_target,pdp_100,lrc107,1,,5,16,efficient_su2,,,,,,,,,,0.059329000001525856,0
time_to_target,pdp_100,lrc107,1,,5,16,hybrid_alns,,,,,,,,,,0.05943040000056499,0
fixed_budget,pdp_100,lrc108,1,52,5,16,ropke_distance_fixed_k,10,1147.43,inf,6889800.537764723,inf,inf,inf,4.30449469999985,0,,
fixed_budget,pdp_100,lrc108,1,52,5,16,qaoa,10,1147.43,inf,5374440.822600077,inf,inf,inf,4.238454000000274,0,,
fixed_budget,pdp_100,lrc108,1,52,5,16,efficient_su2,10,1147.43,inf,5815187.532784459,inf,inf,inf,4.324384600000485,0,,
fixed_budget,pdp_100,lrc108,1,52,5,16,hybrid_alns,10,1147.43,inf,6871864.807029264,inf,inf,inf,4.326026200000342,0,,
time_to_target,pdp_100,lrc108,1,,5,16,ropke_distance_fixed_k,,,,,,,,,,0.08263679999981832,0
time_to_target,pdp_100,lrc108,1,,5,16,qaoa,,,,,,,,,,0.07179079999878013,0
time_to_target,pdp_100,lrc108,1,,5,16,efficient_su2,,,,,,,,,,0.06911509999918053,0
time_to_target,pdp_100,lrc108,1,,5,16,hybrid_alns,,,,,,,,,,0.09225489999880665,0
fixed_budget,pdp_100,lrc201,1,51,5,16,ropke_distance_fixed_k,4,1406.94,inf,6700500.485394245,inf,inf,inf,13.419691999999486,0,,
fixed_budget,pdp_100,lrc201,1,51,5,16,qaoa,4,1406.94,inf,6320369.927289591,inf,inf,inf,13.109633299998677,0,,
fixed_budget,pdp_100,lrc201,1,51,5,16,efficient_su2,4,1406.94,inf,6320369.927289591,inf,inf,inf,11.822602500000357,0,,
fixed_budget,pdp_100,lrc201,1,51,5,16,hybrid_alns,4,1406.94,inf,6320369.927289591,inf,inf,inf,12.280904499999451,0,,
time_to_target,pdp_100,lrc201,1,,5,16,ropke_distance_fixed_k,,,,,,,,,,0.2993282999996154,0
time_to_target,pdp_100,lrc201,1,,5,16,qaoa,,,,,,,,,,0.2383267999994132,0
time_to_target,pdp_100,lrc201,1,,5,16,efficient_su2,,,,,,,,,,0.21171790000153123,0
time_to_target,pdp_100,lrc201,1,,5,16,hybrid_alns,,,,,,,,,,0.26248560000021826,0
fixed_budget,pdp_100,lrc202,1,51,5,16,ropke_distance_fixed_k,3,1374.27,inf,12093019.439838268,inf,inf,inf,16.73938520000047,0,,
fixed_budget,pdp_100,lrc202,1,51,5,16,qaoa,3,1374.27,inf,12474600.249944009,inf,inf,inf,17.539528000001155,0,,
fixed_budget,pdp_100,lrc202,1,51,5,16,efficient_su2,3,1374.27,inf,12474600.249944009,inf,inf,inf,21.17922759999965,0,,
fixed_budget,pdp_100,lrc202,1,51,5,16,hybrid_alns,3,1374.27,inf,12474600.249944009,inf,inf,inf,20.229300500001045,0,,
time_to_target,pdp_100,lrc202,1,,5,16,ropke_distance_fixed_k,,,,,,,,,,0.3409546999992017,0
time_to_target,pdp_100,lrc202,1,,5,16,qaoa,,,,,,,,,,0.3146931000010227,0
time_to_target,pdp_100,lrc202,1,,5,16,efficient_su2,,,,,,,,,,0.41765829999894777,0
time_to_target,pdp_100,lrc202,1,,5,16,hybrid_alns,,,,,,,,,,0.3315760000004957,0
fixed_budget,pdp_100,lrc203,1,51,5,16,ropke_distance_fixed_k,3,1089.07,inf,2467692.493003616,inf,inf,inf,19.80543790000047,0,,
fixed_budget,pdp_100,lrc203,1,51,5,16,qaoa,3,1089.07,inf,2467692.493003616,inf,inf,inf,18.617746800000532,0,,
fixed_budget,pdp_100,lrc203,1,51,5,16,efficient_su2,3,1089.07,inf,2467692.493003616,inf,inf,inf,16.729084599999624,0,,
fixed_budget,pdp_100,lrc203,1,51,5,16,hybrid_alns,3,1089.07,inf,2467692.493003616,inf,inf,inf,18.62640629999987,0,,
time_to_target,pdp_100,lrc203,1,,5,16,ropke_distance_fixed_k,,,,,,,,,,0.4061474999998609,0
time_to_target,pdp_100,lrc203,1,,5,16,qaoa,,,,,,,,,,0.3300096000002668,0
time_to_target,pdp_100,lrc203,1,,5,16,efficient_su2,,,,,,,,,,0.4032457000012073,0
time_to_target,pdp_100,lrc203,1,,5,16,hybrid_alns,,,,,,,,,,0.31119550000039453,0
fixed_budget,pdp_100,lrc204,1,51,5,16,ropke_distance_fixed_k,3,818.66,inf,68298.57158242837,inf,inf,inf,21.745537599999807,0,,
fixed_budget,pdp_100,lrc204,1,51,5,16,qaoa,3,818.66,inf,73377.59550370394,inf,inf,inf,21.960961799999495,0,,
fixed_budget,pdp_100,lrc204,1,51,5,16,efficient_su2,3,818.66,inf,73377.59550370394,inf,inf,inf,19.614917900000364,0,,
fixed_budget,pdp_100,lrc204,1,51,5,16,hybrid_alns,3,818.66,inf,73377.59550370394,inf,inf,inf,26.900036400000317,0,,
time_to_target,pdp_100,lrc204,1,,5,16,ropke_distance_fixed_k,,,,,,,,,,0.3783672999998089,0
time_to_target,pdp_100,lrc204,1,,5,16,qaoa,,,,,,,,,,0.40498699999989185,0
time_to_target,pdp_100,lrc204,1,,5,16,efficient_su2,,,,,,,,,,0.3927669999993668,0
time_to_target,pdp_100,lrc204,1,,5,16,hybrid_alns,,,,,,,,,,0.5355806000006851,0
fixed_budget,pdp_100,lrc205,1,51,5,16,ropke_distance_fixed_k,4,1302.2,inf,2993456.8882700233,inf,inf,inf,18.08897789999901,0,,
fixed_budget,pdp_100,lrc205,1,51,5,16,qaoa,4,1302.2,inf,3420327.129647418,inf,inf,inf,16.969511199999033,0,,
fixed_budget,pdp_100,lrc205,1,51,5,16,efficient_su2,4,1302.2,inf,3420327.129647418,inf,inf,inf,17.963032800000292,0,,
fixed_budget,pdp_100,lrc205,1,51,5,16,hybrid_alns,4,1302.2,inf,3420327.129647418,inf,inf,inf,16.582009700001436,0,,
time_to_target,pdp_100,lrc205,1,,5,16,ropke_distance_fixed_k,,,,,,,,,,0.3105740999999398,0
time_to_target,pdp_100,lrc205,1,,5,16,qaoa,,,,,,,,,,0.30451670000002196,0
time_to_target,pdp_100,lrc205,1,,5,16,efficient_su2,,,,,,,,,,0.2998399000007339,0
time_to_target,pdp_100,lrc205,1,,5,16,hybrid_alns,,,,,,,,,,0.35462900000129594,0
fixed_budget,pdp_100,lrc206,1,51,5,16,ropke_distance_fixed_k,3,1159.03,inf,18051821.98937867,inf,inf,inf,27.008135199999742,0,,
fixed_budget,pdp_100,lrc206,1,51,5,16,qaoa,3,1159.03,inf,18908507.63097166,inf,inf,inf,26.538196100000278,0,,
fixed_budget,pdp_100,lrc206,1,51,5,16,efficient_su2,3,1159.03,inf,18836909.859022707,inf,inf,inf,25.882800499999576,0,,
fixed_budget,pdp_100,lrc206,1,51,5,16,hybrid_alns,3,1159.03,inf,18051821.98937867,inf,inf,inf,26.85965099999885,0,,
time_to_target,pdp_100,lrc206,1,,5,16,ropke_distance_fixed_k,,,,,,,,,,0.5646660000002157,0
time_to_target,pdp_100,lrc206,1,,5,16,qaoa,,,,,,,,,,0.483752000000095,0
time_to_target,pdp_100,lrc206,1,,5,16,efficient_su2,,,,,,,,,,0.4913716999999451,0
time_to_target,pdp_100,lrc206,1,,5,16,hybrid_alns,,,,,,,,,,0.5551670999993803,0
fixed_budget,pdp_100,lrc207,1,51,5,16,ropke_distance_fixed_k,3,1062.05,inf,14712896.980225042,inf,inf,inf,24.4011516999999,0,,
fixed_budget,pdp_100,lrc207,1,51,5,16,qaoa,3,1062.05,inf,12315390.4508762,inf,inf,inf,26.475657099999808,0,,
fixed_budget,pdp_100,lrc207,1,51,5,16,efficient_su2,3,1062.05,inf,15577256.553891182,inf,inf,inf,22.94645920000039,0,,
fixed_budget,pdp_100,lrc207,1,51,5,16,hybrid_alns,3,1062.05,inf,15577256.553891182,inf,inf,inf,24.781065499999386,0,,
time_to_target,pdp_100,lrc207,1,,5,16,ropke_distance_fixed_k,,,,,,,,,,0.5093053000000509,0
time_to_target,pdp_100,lrc207,1,,5,16,qaoa,,,,,,,,,,0.6983880999996472,0
time_to_target,pdp_100,lrc207,1,,5,16,efficient_su2,,,,,,,,,,0.31498590000046534,0
time_to_target,pdp_100,lrc207,1,,5,16,hybrid_alns,,,,,,,,,,0.4811241000006703,0
fixed_budget,pdp_100,lrc208,1,51,5,16,ropke_distance_fixed_k,3,852.76,inf,6300718.347345757,inf,inf,inf,24.420156099999076,0,,
fixed_budget,pdp_100,lrc208,1,51,5,16,qaoa,3,852.76,inf,6300718.347345757,inf,inf,inf,25.73786199999995,0,,
fixed_budget,pdp_100,lrc208,1,51,5,16,efficient_su2,3,852.76,inf,6300718.347345757,inf,inf,inf,25.95739130000038,0,,
fixed_budget,pdp_100,lrc208,1,51,5,16,hybrid_alns,3,852.76,inf,6285555.99636916,inf,inf,inf,25.619927700001426,0,,
time_to_target,pdp_100,lrc208,1,,5,16,ropke_distance_fixed_k,,,,,,,,,,0.32239149999986694,0
time_to_target,pdp_100,lrc208,1,,5,16,qaoa,,,,,,,,,,0.5558042000011483,0
time_to_target,pdp_100,lrc208,1,,5,16,efficient_su2,,,,,,,,,,0.5276899000000412,0
time_to_target,pdp_100,lrc208,1,,5,16,hybrid_alns,,,,,,,,,,0.5410140000003594,0
fixed_budget,pdp_100,lc101,1,53,2,256,ropke_distance_fixed_k,10,828.94,828.9368669428341,828.9368669428341,828.9368669428341,0.0,-3.7795946220431313e-06,1.6418266000000585,1,,
fixed_budget,pdp_100,lc101,1,53,2,256,qaoa,10,828.94,828.9368669428341,828.9368669428341,828.9368669428341,0.0,-3.7795946220431313e-06,2.5918763000008767,1,,
fixed_budget,pdp_100,lc101,1,53,2,256,efficient_su2,10,828.94,828.9368669428341,828.9368669428341,828.9368669428341,0.0,-3.7795946220431313e-06,2.4884613000012905,1,,
fixed_budget,pdp_100,lc101,1,53,2,256,hybrid_alns,10,828.94,828.9368669428341,828.9368669428341,828.9368669428341,0.0,-3.7795946220431313e-06,2.508872299998984,1,,
time_to_target,pdp_100,lc101,1,,2,256,ropke_distance_fixed_k,,,,,,,,,,0.03176480000001902,0
time_to_target,pdp_100,lc101,1,,2,256,qaoa,,,,,,,,,,0.043232600000919774,0
time_to_target,pdp_100,lc101,1,,2,256,efficient_su2,,,,,,,,,,0.027660600000672275,0
time_to_target,pdp_100,lc101,1,,2,256,hybrid_alns,,,,,,,,,,0.04907679999996617,0
fixed_budget,pdp_100,lc102,1,53,2,256,ropke_distance_fixed_k,10,828.94,inf,4894546.392247012,inf,inf,inf,2.4235870000011346,0,,
fixed_budget,pdp_100,lc102,1,53,2,256,qaoa,10,828.94,inf,3735529.3413706273,inf,inf,inf,2.8150029000007635,0,,
fixed_budget,pdp_100,lc102,1,53,2,256,efficient_su2,10,828.94,inf,5596496.583543134,inf,inf,inf,2.636894100000063,0,,
fixed_budget,pdp_100,lc102,1,53,2,256,hybrid_alns,10,828.94,inf,4655253.373289732,inf,inf,inf,2.4628773999993427,0,,
time_to_target,pdp_100,lc102,1,,2,256,ropke_distance_fixed_k,,,,,,,,,,0.09213249999993423,0
time_to_target,pdp_100,lc102,1,,2,256,qaoa,,,,,,,,,,0.05910230000154115,0
time_to_target,pdp_100,lc102,1,,2,256,efficient_su2,,,,,,,,,,0.05804520000128832,0
time_to_target,pdp_100,lc102,1,,2,256,hybrid_alns,,,,,,,,,,0.04067229999964184,0
fixed_budget,pdp_100,lc103,1,52,2,256,ropke_distance_fixed_k,9,1035.35,inf,3882672.305482685,inf,inf,inf,2.706703399999242,0,,
fixed_budget,pdp_100,lc103,1,52,2,256,qaoa,9,1035.35,inf,4189014.37767134,inf,inf,inf,2.2246615000003658,0,,
fixed_budget,pdp_100,lc103,1,52,2,256,efficient_su2,9,1035.35,inf,4189014.37767134,inf,inf,inf,1.8163088000001153,0,,
fixed_budget,pdp_100,lc103,1,52,2,256,hybrid_alns,9,1035.35,inf,4189013.920634365,inf,inf,inf,1.8356358999990334,0,,
time_to_target,pdp_100,lc103,1,,2,256,ropke_distance_fixed_k,,,,,,,,,,0.09622750000016822,0
time_to_target,pdp_100,lc103,1,,2,256,qaoa,,,,,,,,,,0.05121859999962908,0
time_to_target,pdp_100,lc103,1,,2,256,efficient_su2,,,,,,,,,,0.0386687999998685,0
time_to_target,pdp_100,lc103,1,,2,256,hybrid_alns,,,,,,,,,,0.029339099999560858,0
fixed_budget,pdp_100,lc104,1,53,2,256,ropke_distance_fixed_k,9,860.01,inf,1246876.1803469644,inf,inf,inf,1.7034311999996135,0,,
fixed_budget,pdp_100,lc104,1,53,2,256,qaoa,9,860.01,inf,1242548.6393688861,inf,inf,inf,1.7418330999989848,0,,
fixed_budget,pdp_100,lc104,1,53,2,256,efficient_su2,9,860.01,inf,1313573.8896566955,inf,inf,inf,1.7908423999997467,0,,
fixed_budget,pdp_100,lc104,1,53,2,256,hybrid_alns,9,860.01,inf,1308885.8349821514,inf,inf,inf,1.7210109999996348,0,,
time_to_target,pdp_100,lc104,1,,2,256,ropke_distance_fixed_k,,,,,,,,,,0.04004069999973581,0
time_to_target,pdp_100,lc104,1,,2,256,qaoa,,,,,,,,,,0.03065269999933662,0
time_to_target,pdp_100,lc104,1,,2,256,efficient_su2,,,,,,,,,,0.030080299999099225,0
time_to_target,pdp_100,lc104,1,,2,256,hybrid_alns,,,,,,,,,,0.040353200000026845,0
fixed_budget,pdp_100,lc105,1,53,2,256,ropke_distance_fixed_k,10,828.94,inf,14821160.912271824,inf,inf,inf,1.5913323000004311,0,,
fixed_budget,pdp_100,lc105,1,53,2,256,qaoa,10,828.94,inf,14821160.912271824,inf,inf,inf,1.596243300000424,0,,
fixed_budget,pdp_100,lc105,1,53,2,256,efficient_su2,10,828.94,inf,14821160.912271824,inf,inf,inf,1.5930064999993192,0,,
fixed_budget,pdp_100,lc105,1,53,2,256,hybrid_alns,10,828.94,inf,14750824.013464216,inf,inf,inf,1.5311292999995203,0,,
time_to_target,pdp_100,lc105,1,,2,256,ropke_distance_fixed_k,,,,,,,,,,0.037677299998904346,0
time_to_target,pdp_100,lc105,1,,2,256,qaoa,,,,,,,,,,0.02665790000173729,0
time_to_target,pdp_100,lc105,1,,2,256,efficient_su2,,,,,,,,,,0.026583299999401788,0
time_to_target,pdp_100,lc105,1,,2,256,hybrid_alns,,,,,,,,,,0.027428099998360267,0
fixed_budget,pdp_100,lc106,1,53,2,256,ropke_distance_fixed_k,10,828.94,inf,6033881.672801232,inf,inf,inf,1.9358359999987442,0,,
fixed_budget,pdp_100,lc106,1,53,2,256,qaoa,10,828.94,inf,6111834.469730037,inf,inf,inf,2.168496700000105,0,,
fixed_budget,pdp_100,lc106,1,53,2,256,efficient_su2,10,828.94,inf,5580419.177322614,inf,inf,inf,1.8734033000000636,0,,
fixed_budget,pdp_100,lc106,1,53,2,256,hybrid_alns,10,828.94,inf,6006724.329751814,inf,inf,inf,1.9545359000003373,0,,
time_to_target,pdp_100,lc106,1,,2,256,ropke_distance_fixed_k,,,,,,,,,,0.02843899999970745,0
time_to_target,pdp_100,lc106,1,,2,256,qaoa,,,,,,,,,,0.02691679999952612,0
time_to_target,pdp_100,lc106,1,,2,256,efficient_su2,,,,,,,,,,0.032347499998650164,0
time_to_target,pdp_100,lc106,1,,2,256,hybrid_alns,,,,,,,,,,0.042419899999003974,0
fixed_budget,pdp_100,lc107,1,53,2,256,ropke_distance_fixed_k,10,828.94,inf,9692790.279842626,inf,inf,inf,2.030930700000681,0,,
fixed_budget,pdp_100,lc107,1,53,2,256,qaoa,10,828.94,inf,9803046.241453739,inf,inf,inf,1.9171184000006178,0,,
fixed_budget,pdp_100,lc107,1,53,2,256,efficient_su2,10,828.94,inf,9788172.5972583,inf,inf,inf,1.9053256000006513,0,,
fixed_budget,pdp_100,lc107,1,53,2,256,hybrid_alns,10,828.94,inf,9803046.241453739,inf,inf,inf,2.0706742000002123,0,,
time_to_target,pdp_100,lc107,1,,2,256,ropke_distance_fixed_k,,,,,,,,,,0.05129220000162604,0
time_to_target,pdp_100,lc107,1,,2,256,qaoa,,,,,,,,,,0.026487400000405614,0
time_to_target,pdp_100,lc107,1,,2,256,efficient_su2,,,,,,,,,,0.03822530000070401,0
time_to_target,pdp_100,lc107,1,,2,256,hybrid_alns,,,,,,,,,,0.05719639999915671,0
fixed_budget,pdp_100,lc108,1,53,2,256,ropke_distance_fixed_k,10,826.44,inf,6188269.305279265,inf,inf,inf,1.805983500000366,0,,
fixed_budget,pdp_100,lc108,1,53,2,256,qaoa,10,826.44,inf,7241379.46757529,inf,inf,inf,1.8498620000009396,0,,
fixed_budget,pdp_100,lc108,1,53,2,256,efficient_su2,10,826.44,inf,7237347.931935744,inf,inf,inf,1.965637000001152,0,,
fixed_budget,pdp_100,lc108,1,53,2,256,hybrid_alns,10,826.44,inf,7241379.46757529,inf,inf,inf,2.085860799999864,0,,
time_to_target,pdp_100,lc108,1,,2,256,ropke_distance_fixed_k,,,,,,,,,,0.02563650000047346,0
time_to_target,pdp_100,lc108,1,,2,256,qaoa,,,,,,,,,,0.02674230000047828,0
time_to_target,pdp_100,lc108,1,,2,256,efficient_su2,,,,,,,,,,0.06279920000088168,0
time_to_target,pdp_100,lc108,1,,2,256,hybrid_alns,,,,,,,,,,0.027260900000328547,0
fixed_budget,pdp_100,lc109,1,53,2,256,ropke_distance_fixed_k,9,1000.6,inf,8066401.118808375,inf,inf,inf,2.1498928000000888,0,,
fixed_budget,pdp_100,lc109,1,53,2,256,qaoa,9,1000.6,inf,8066401.118808375,inf,inf,inf,2.1695252999998047,0,,
fixed_budget,pdp_100,lc109,1,53,2,256,efficient_su2,9,1000.6,inf,8198901.74664602,inf,inf,inf,2.18410269999913,0,,
fixed_budget,pdp_100,lc109,1,53,2,256,hybrid_alns,9,1000.6,inf,7591365.227514216,inf,inf,inf,2.140780100000484,0,,
time_to_target,pdp_100,lc109,1,,2,256,ropke_distance_fixed_k,,,,,,,,,,0.029513500001485227,0
time_to_target,pdp_100,lc109,1,,2,256,qaoa,,,,,,,,,,0.090067099999942,0
time_to_target,pdp_100,lc109,1,,2,256,efficient_su2,,,,,,,,,,0.03055069999936677,0
time_to_target,pdp_100,lc109,1,,2,256,hybrid_alns,,,,,,,,,,0.07024509999973816,0
fixed_budget,pdp_100,lc201,1,51,2,256,ropke_distance_fixed_k,3,591.56,591.5565566715015,591.5565566715015,591.5565566715015,0.0,-5.820759514514365e-06,8.866264800000863,1,,
fixed_budget,pdp_100,lc201,1,51,2,256,qaoa,3,591.56,591.5565566715015,591.5565566715015,591.5565566715015,0.0,-5.820759514514365e-06,9.024871399999029,1,,
fixed_budget,pdp_100,lc201,1,51,2,256,efficient_su2,3,591.56,591.5565566715015,591.5565566715015,591.5565566715015,0.0,-5.820759514514365e-06,7.894858300000124,1,,
fixed_budget,pdp_100,lc201,1,51,2,256,hybrid_alns,3,591.56,591.5565566715015,591.5565566715015,591.5565566715015,0.0,-5.820759514514365e-06,7.8509221999993315,1,,
time_to_target,pdp_100,lc201,1,,2,256,ropke_distance_fixed_k,,,,,,,,,,0.14915780000046652,0
time_to_target,pdp_100,lc201,1,,2,256,qaoa,,,,,,,,,,0.14533850000043458,0
time_to_target,pdp_100,lc201,1,,2,256,efficient_su2,,,,,,,,,,0.14809840000089025,0
time_to_target,pdp_100,lc201,1,,2,256,hybrid_alns,,,,,,,,,,0.15035299999908602,0
fixed_budget,pdp_100,lc202,1,51,2,256,ropke_distance_fixed_k,3,591.56,591.5565566715015,591.5565566715015,591.5565566715015,0.0,-5.820759514514365e-06,7.5588723000000755,1,,
fixed_budget,pdp_100,lc202,1,51,2,256,qaoa,3,591.56,591.5565566715015,591.5565566715015,591.5565566715015,0.0,-5.820759514514365e-06,9.507402399998682,1,,
fixed_budget,pdp_100,lc202,1,51,2,256,efficient_su2,3,591.56,591.5565566715015,591.5565566715015,591.5565566715015,0.0,-5.820759514514365e-06,9.468145599999843,1,,
fixed_budget,pdp_100,lc202,1,51,2,256,hybrid_alns,3,591.56,591.5565566715015,591.5565566715015,591.5565566715015,0.0,-5.820759514514365e-06,8.777675999999701,1,,
time_to_target,pdp_100,lc202,1,,2,256,ropke_distance_fixed_k,,,,,,,,,,0.14557070000046224,0
time_to_target,pdp_100,lc202,1,,2,256,qaoa,,,,,,,,,,0.22341509999932896,0
time_to_target,pdp_100,lc202,1,,2,256,efficient_su2,,,,,,,,,,0.14470950000031735,0
time_to_target,pdp_100,lc202,1,,2,256,hybrid_alns,,,,,,,,,,0.16841310000017984,0
fixed_budget,pdp_100,lc203,1,51,2,256,ropke_distance_fixed_k,3,591.17,inf,7714879.3275830485,inf,inf,inf,9.684418999999252,0,,
fixed_budget,pdp_100,lc203,1,51,2,256,qaoa,3,591.17,inf,9005853.556887321,inf,inf,inf,9.715197800000169,0,,
fixed_budget,pdp_100,lc203,1,51,2,256,efficient_su2,3,591.17,inf,9050550.022351513,inf,inf,inf,8.473842100000184,0,,
fixed_budget,pdp_100,lc203,1,51,2,256,hybrid_alns,3,591.17,inf,11051048.810603557,inf,inf,inf,8.707396300000255,0,,
time_to_target,pdp_100,lc203,1,,2,256,ropke_distance_fixed_k,,,,,,,,,,0.24792209999941406,0
time_to_target,pdp_100,lc203,1,,2,256,qaoa,,,,,,,,,,0.2514718000002176,0
time_to_target,pdp_100,lc203,1,,2,256,efficient_su2,,,,,,,,,,0.21435810000002675,0
time_to_target,pdp_100,lc203,1,,2,256,hybrid_alns,,,,,,,,,,0.15603610000107437,0
fixed_budget,pdp_100,lc204,1,51,2,256,ropke_distance_fixed_k,3,590.6,inf,1850691.3494517847,inf,inf,inf,7.7470304999988,0,,
fixed_budget,pdp_100,lc204,1,51,2,256,qaoa,3,590.6,inf,1850704.106332381,inf,inf,inf,7.66836289999992,0,,
fixed_budget,pdp_100,lc204,1,51,2,256,efficient_su2,3,590.6,inf,1850704.106332381,inf,inf,inf,7.574062199999389,0,,
fixed_budget,pdp_100,lc204,1,51,2,256,hybrid_alns,3,590.6,inf,1850704.106332381,inf,inf,inf,9.595082399999228,0,,
time_to_target,pdp_100,lc204,1,,2,256,ropke_distance_fixed_k,,,,,,,,,,0.18511509999916598,0
time_to_target,pdp_100,lc204,1,,2,256,qaoa,,,,,,,,,,0.15316689999963273,0
time_to_target,pdp_100,lc204,1,,2,256,efficient_su2,,,,,,,,,,0.14789399999972375,0
time_to_target,pdp_100,lc204,1,,2,256,hybrid_alns,,,,,,,,,,0.1568411999996897,0
fixed_budget,pdp_100,lc205,1,51,2,256,ropke_distance_fixed_k,3,588.88,inf,66878703.63563218,inf,inf,inf,9.769802900000286,0,,
fixed_budget,pdp_100,lc205,1,51,2,256,qaoa,3,588.88,inf,73192562.50319175,inf,inf,inf,9.032505199998923,0,,
fixed_budget,pdp_100,lc205,1,51,2,256,efficient_su2,3,588.88,inf,82928041.73887151,inf,inf,inf,9.610107500000595,0,,
fixed_budget,pdp_100,lc205,1,51,2,256,hybrid_alns,3,588.88,inf,75188419.73720479,inf,inf,inf,9.638112399999955,0,,
time_to_target,pdp_100,lc205,1,,2,256,ropke_distance_fixed_k,,,,,,,,,,0.2122483999992255,0
time_to_target,pdp_100,lc205,1,,2,256,qaoa,,,,,,,,,,0.15099860000009357,0
time_to_target,pdp_100,lc205,1,,2,256,efficient_su2,,,,,,,,,,0.16836830000102054,0
time_to_target,pdp_100,lc205,1,,2,256,hybrid_alns,,,,,,,,,,0.19503139999869745,0
fixed_budget,pdp_100,lc206,1,51,2,256,ropke_distance_fixed_k,3,588.49,inf,27907131.635039993,inf,inf,inf,8.64295250000032,0,,
fixed_budget,pdp_100,lc206,1,51,2,256,qaoa,3,588.49,inf,27757014.65132449,inf,inf,inf,9.309960599999613,0,,
fixed_budget,pdp_100,lc206,1,51,2,256,efficient_su2,3,588.49,inf,28709491.73377531,inf,inf,inf,8.079872099999193,0,,
fixed_budget,pdp_100,lc206,1,51,2,256,hybrid_alns,3,588.49,inf,22852702.486862034,inf,inf,inf,7.672259999999369,0,,
time_to_target,pdp_100,lc206,1,,2,256,ropke_distance_fixed_k,,,,,,,,,,0.24458939999931317,0
time_to_target,pdp_100,lc206,1,,2,256,qaoa,,,,,,,,,,0.1923069000004034,0
time_to_target,pdp_100,lc206,1,,2,256,efficient_su2,,,,,,,,,,0.15745149999929708,0
time_to_target,pdp_100,lc206,1,,2,256,hybrid_alns,,,,,,,,,,0.15664250000008906,0
fixed_budget,pdp_100,lc207,1,51,2,256,ropke_distance_fixed_k,3,588.29,inf,13824366.327529829,inf,inf,inf,7.556662999999389,0,,
fixed_budget,pdp_100,lc207,1,51,2,256,qaoa,3,588.29,inf,18289327.36497621,inf,inf,inf,8.697072599999956,0,,
fixed_budget,pdp_100,lc207,1,51,2,256,efficient_su2,3,588.29,inf,15962215.501535024,inf,inf,inf,9.80098899999939,0,,
fixed_budget,pdp_100,lc207,1,51,2,256,hybrid_alns,3,588.29,inf,19149606.06603753,inf,inf,inf,9.536274899999626,0,,
time_to_target,pdp_100,lc207,1,,2,256,ropke_distance_fixed_k,,,,,,,,,,0.16214229999968666,0
time_to_target,pdp_100,lc207,1,,2,256,qaoa,,,,,,,,,,0.14832949999981793,0
time_to_target,pdp_100,lc207,1,,2,256,efficient_su2,,,,,,,,,,0.20959380000022065,0
time_to_target,pdp_100,lc207,1,,2,256,hybrid_alns,,,,,,,,,,0.19326969999929133,0
fixed_budget,pdp_100,lc208,1,51,2,256,ropke_distance_fixed_k,3,588.32,inf,25331502.558666505,inf,inf,inf,9.605442099998982,0,,
fixed_budget,pdp_100,lc208,1,51,2,256,qaoa,3,588.32,inf,36456787.88053703,inf,inf,inf,9.868531500000245,0,,
fixed_budget,pdp_100,lc208,1,51,2,256,efficient_su2,3,588.32,inf,31080779.52580265,inf,inf,inf,8.849870099998952,0,,
fixed_budget,pdp_100,lc208,1,51,2,256,hybrid_alns,3,588.32,inf,38166301.66966559,inf,inf,inf,9.087818399999378,0,,
time_to_target,pdp_100,lc208,1,,2,256,ropke_distance_fixed_k,,,,,,,,,,0.14700689999881433,0
time_to_target,pdp_100,lc208,1,,2,256,qaoa,,,,,,,,,,0.1527924999991228,0
time_to_target,pdp_100,lc208,1,,2,256,efficient_su2,,,,,,,,,,0.2210369999993418,0
time_to_target,pdp_100,lc208,1,,2,256,hybrid_alns,,,,,,,,,,0.14419829999860667,0
fixed_budget,pdp_100,lr101,1,53,2,256,ropke_distance_fixed_k,19,1650.8,inf,452500.5215254732,inf,inf,inf,0.9942309999987629,0,,
fixed_budget,pdp_100,lr101,1,53,2,256,qaoa,19,1650.8,inf,568215.1324274692,inf,inf,inf,1.0472332999997889,0,,
fixed_budget,pdp_100,lr101,1,53,2,256,efficient_su2,19,1650.8,inf,486441.3966516409,inf,inf,inf,1.1228211000016017,0,,
fixed_budget,pdp_100,lr101,1,53,2,256,hybrid_alns,19,1650.8,inf,568226.6635259885,inf,inf,inf,0.8966799999998329,0,,
time_to_target,pdp_100,lr101,1,,2,256,ropke_distance_fixed_k,,,,,,,,,,0.03982999999971071,0
time_to_target,pdp_100,lr101,1,,2,256,qaoa,,,,,,,,,,0.013834099998348393,0
time_to_target,pdp_100,lr101,1,,2,256,efficient_su2,,,,,,,,,,0.014319200001409627,0
time_to_target,pdp_100,lr101,1,,2,256,hybrid_alns,,,,,,,,,,0.014191700000083074,0
fixed_budget,pdp_100,lr102,1,55,2,256,ropke_distance_fixed_k,17,1487.57,inf,51098.801177267276,inf,inf,inf,1.2343165000002045,0,,
fixed_budget,pdp_100,lr102,1,55,2,256,qaoa,17,1487.57,inf,51098.801177267276,inf,inf,inf,1.1631723000009515,0,,
fixed_budget,pdp_100,lr102,1,55,2,256,efficient_su2,17,1487.57,inf,51098.801177267276,inf,inf,inf,1.0385659000003216,0,,
fixed_budget,pdp_100,lr102,1,55,2,256,hybrid_alns,17,1487.57,inf,51098.801177267276,inf,inf,inf,1.1501903999997012,0,,
time_to_target,pdp_100,lr102,1,,2,256,ropke_distance_fixed_k,,,,,,,,,,0.02920080000149028,0
time_to_target,pdp_100,lr102,1,,2,256,qaoa,,,,,,,,,,0.029397899999821675,0
time_to_target,pdp_100,lr102,1,,2,256,efficient_su2,,,,,,,,,,0.017276399999900605,0
time_to_target,pdp_100,lr102,1,,2,256,hybrid_alns,,,,,,,,,,0.02926619999925606,0
fixed_budget,pdp_100,lr103,1,52,2,256,ropke_distance_fixed_k,13,1292.68,inf,1044958.147076516,inf,inf,inf,1.1250858000003063,0,,
fixed_budget,pdp_100,lr103,1,52,2,256,qaoa,13,1292.68,inf,1186225.6299522049,inf,inf,inf,1.1280710999999428,0,,
fixed_budget,pdp_100,lr103,1,52,2,256,efficient_su2,13,1292.68,inf,1186225.6299522049,inf,inf,inf,1.168190799999138,0,,
fixed_budget,pdp_100,lr103,1,52,2,256,hybrid_alns,13,1292.68,inf,1044958.147076516,inf,inf,inf,1.1518074000014167,0,,
time_to_target,pdp_100,lr103,1,,2,256,ropke_distance_fixed_k,,,,,,,,,,0.020859700000073644,0
time_to_target,pdp_100,lr103,1,,2,256,qaoa,,,,,,,,,,0.028678500000751228,0
time_to_target,pdp_100,lr103,1,,2,256,efficient_su2,,,,,,,,,,0.01958109999941371,0
time_to_target,pdp_100,lr103,1,,2,256,hybrid_alns,,,,,,,,,,0.019473600001219893,0
fixed_budget,pdp_100,lr104,1,52,2,256,ropke_distance_fixed_k,9,1013.39,inf,3199340.2206883165,inf,inf,inf,1.7177654999995866,0,,
fixed_budget,pdp_100,lr104,1,52,2,256,qaoa,9,1013.39,inf,3310637.395019981,inf,inf,inf,1.819868900000074,0,,
fixed_budget,pdp_100,lr104,1,52,2,256,efficient_su2,9,1013.39,inf,3672609.258273185,inf,inf,inf,2.1468402999998943,0,,
fixed_budget,pdp_100,lr104,1,52,2,256,hybrid_alns,9,1013.39,inf,3271145.3975558216,inf,inf,inf,2.0161760999999387,0,,
time_to_target,pdp_100,lr104,1,,2,256,ropke_distance_fixed_k,,,,,,,,,,0.03071539999837114,0
time_to_target,pdp_100,lr104,1,,2,256,qaoa,,,,,,,,,,0.038812499999039574,0
time_to_target,pdp_100,lr104,1,,2,256,efficient_su2,,,,,,,,,,0.03975030000037805,0
time_to_target,pdp_100,lr104,1,,2,256,hybrid_alns,,,,,,,,,,0.02826169999934791,0
fixed_budget,pdp_100,lr105,1,53,2,256,ropke_distance_fixed_k,14,1377.11,inf,1059257.0538344348,inf,inf,inf,1.4501830999997765,0,,
fixed_budget,pdp_100,lr105,1,53,2,256,qaoa,14,1377.11,inf,1038503.0722799106,inf,inf,inf,1.5185232999992877,0,,
fixed_budget,pdp_100,lr105,1,53,2,256,efficient_su2,14,1377.11,inf,1059257.0538344348,inf,inf,inf,1.5165890999996918,0,,
fixed_budget,pdp_100,lr105,1,53,2,256,hybrid_alns,14,1377.11,inf,1003278.634710597,inf,inf,inf,1.2988237000008667,0,,
time_to_target,pdp_100,lr105,1,,2,256,ropke_distance_fixed_k,,,,,,,,,,0.028710599999612896,0
time_to_target,pdp_100,lr105,1,,2,256,qaoa,,,,,,,,,,0.027285699999993085,0
time_to_target,pdp_100,lr105,1,,2,256,efficient_su2,,,,,,,,,,0.03295090000028722,0
time_to_target,pdp_100,lr105,1,,2,256,hybrid_alns,,,,,,,,,,0.019502600000123493,0
fixed_budget,pdp_100,lr106,1,52,2,256,ropke_distance_fixed_k,12,1252.62,inf,1758868.9857856578,inf,inf,inf,1.5415644999993674,0,,
fixed_budget,pdp_100,lr106,1,52,2,256,qaoa,12,1252.62,inf,1419803.4733679234,inf,inf,inf,1.4904719999994995,0,,
fixed_budget,pdp_100,lr106,1,52,2,256,efficient_su2,12,1252.62,inf,1836078.8108274806,inf,inf,inf,1.5079668999987916,0,,
fixed_budget,pdp_100,lr106,1,52,2,256,hybrid_alns,12,1252.62,inf,1926959.9843473407,inf,inf,inf,1.4857408000007126,0,,
time_to_target,pdp_100,lr106,1,,2,256,ropke_distance_fixed_k,,,,,,,,,,0.020370899999761605,0
time_to_target,pdp_100,lr106,1,,2,256,qaoa,,,,,,,,,,0.020379999999931897,0
time_to_target,pdp_100,lr106,1,,2,256,efficient_su2,,,,,,,,,,0.020388299999467563,0
time_to_target,pdp_100,lr106,1,,2,256,hybrid_alns,,,,,,,,,,0.02024390000042331,0
fixed_budget,pdp_100,lr107,1,52,2,256,ropke_distance_fixed_k,10,1111.31,inf,2574857.606902229,inf,inf,inf,1.9711064999992232,0,,
fixed_budget,pdp_100,lr107,1,52,2,256,qaoa,10,1111.31,inf,2621117.6767950365,inf,inf,inf,1.8858780999998999,0,,
fixed_budget,pdp_100,lr107,1,52,2,256,efficient_su2,10,1111.31,inf,2615962.446450874,inf,inf,inf,1.9203631000000314,0,,
fixed_budget,pdp_100,lr107,1,52,2,256,hybrid_alns,10,1111.31,inf,2878611.7386942096,inf,inf,inf,1.9389868999987812,0,,
time_to_target,pdp_100,lr107,1,,2,256,ropke_distance_fixed_k,,,,,,,,,,0.06069969999953173,0
time_to_target,pdp_100,lr107,1,,2,256,qaoa,,,,,,,,,,0.030721799999810173,0
time_to_target,pdp_100,lr107,1,,2,256,efficient_su2,,,,,,,,,,0.028316800000538933,0
time_to_target,pdp_100,lr107,1,,2,256,hybrid_alns,,,,,,,,,,0.028016000000206986,0
fixed_budget,pdp_100,lr108,1,50,2,256,ropke_distance_fixed_k,9,968.97,inf,5422648.835480927,inf,inf,inf,1.725806399999783,0,,
fixed_budget,pdp_100,lr108,1,50,2,256,qaoa,9,968.97,inf,4977495.696981337,inf,inf,inf,1.868456200001674,0,,
fixed_budget,pdp_100,lr108,1,50,2,256,efficient_su2,9,968.97,inf,6195605.961343927,inf,inf,inf,1.941251000000193,0,,
fixed_budget,pdp_100,lr108,1,50,2,256,hybrid_alns,9,968.97,inf,5103317.800865867,inf,inf,inf,1.844034300000203,0,,
time_to_target,pdp_100,lr108,1,,2,256,ropke_distance_fixed_k,,,,,,,,,,0.034952699999848846,0
time_to_target,pdp_100,lr108,1,,2,256,qaoa,,,,,,,,,,0.08983680000164895,0
time_to_target,pdp_100,lr108,1,,2,256,efficient_su2,,,,,,,,,,0.026313700000173412,0
time_to_target,pdp_100,lr108,1,,2,256,hybrid_alns,,,,,,,,,,0.035512200000084704,0
fixed_budget,pdp_100,lr109,1,53,2,256,ropke_distance_fixed_k,11,1208.96,inf,2714948.0565487947,inf,inf,inf,1.8494224999994913,0,,
fixed_budget,pdp_100,lr109,1,53,2,256,qaoa,11,1208.96,inf,2720686.2558292793,inf,inf,inf,1.618694400000095,0,,
fixed_budget,pdp_100,lr109,1,53,2,256,efficient_su2,11,1208.96,inf,2720686.2558292793,inf,inf,inf,1.5523455000002286,0,,
fixed_budget,pdp_100,lr109,1,53,2,256,hybrid_alns,11,1208.96,inf,2677834.41322726,inf,inf,inf,1.5242127000001346,0,,
time_to_target,pdp_100,lr109,1,,2,256,ropke_distance_fixed_k,,,,,,,,,,0.022799300000770018,0
time_to_target,pdp_100,lr109,1,,2,256,qaoa,,,,,,,,,,0.02382469999975001,0
time_to_target,pdp_100,lr109,1,,2,256,efficient_su2,,,,,,,,,,0.06735200000002806,0
time_to_target,pdp_100,lr109,1,,2,256,hybrid_alns,,,,,,,,,,0.03464700000040466,0
fixed_budget,pdp_100,lr110,1,52,2,256,ropke_distance_fixed_k,10,1159.35,inf,5912985.233389306,inf,inf,inf,1.891921899999943,0,,
fixed_budget,pdp_100,lr110,1,52,2,256,qaoa,10,1159.35,inf,5874003.619561543,inf,inf,inf,1.610739100000501,0,,
fixed_budget,pdp_100,lr110,1,52,2,256,efficient_su2,10,1159.35,inf,5912985.233389306,inf,inf,inf,1.7707065000013245,0,,
fixed_budget,pdp_100,lr110,1,52,2,256,hybrid_alns,10,1159.35,inf,5495730.943662489,inf,inf,inf,1.7230130999996618,0,,
time_to_target,pdp_100,lr110,1,,2,256,ropke_distance_fixed_k,,,,,,,,,,0.027786900000137393,0
time_to_target,pdp_100,lr110,1,,2,256,qaoa,,,,,,,,,,0.026157400001466158,0
time_to_target,pdp_100,lr110,1,,2,256,efficient_su2,,,,,,,,,,0.02641589999984717,0
time_to_target,pdp_100,lr110,1,,2,256,hybrid_alns,,,,,,,,,,0.02675910000107251,0
fixed_budget,pdp_100,lr111,1,54,2,256,ropke_distance_fixed_k,10,1108.9,inf,5078822.889520779,inf,inf,inf,1.8005149000000529,0,,
fixed_budget,pdp_100,lr111,1,54,2,256,qaoa,10,1108.9,inf,4057193.5429465836,inf,inf,inf,1.6799522000001161,0,,
fixed_budget,pdp_100,lr111,1,54,2,256,efficient_su2,10,1108.9,inf,4519126.966144941,inf,inf,inf,1.688266699999076,0,,
fixed_budget,pdp_100,lr111,1,54,2,256,hybrid_alns,10,1108.9,inf,4838032.378149826,inf,inf,inf,1.8565283000007184,0,,
time_to_target,pdp_100,lr111,1,,2,256,ropke_distance_fixed_k,,,,,,,,,,0.029685200001040357,0
time_to_target,pdp_100,lr111,1,,2,256,qaoa,,,,,,,,,,0.030701699999553966,0
time_to_target,pdp_100,lr111,1,,2,256,efficient_su2,,,,,,,,,,0.02992909999920812,0
time_to_target,pdp_100,lr111,1,,2,256,hybrid_alns,,,,,,,,,,0.030290400000012596,0
fixed_budget,pdp_100,lr112,1,53,2,256,ropke_distance_fixed_k,9,1003.77,inf,6995268.385331145,inf,inf,inf,3.0243958000010025,0,,
fixed_budget,pdp_100,lr112,1,53,2,256,qaoa,9,1003.77,inf,6878276.69151362,inf,inf,inf,1.7101169999987178,0,,
fixed_budget,pdp_100,lr112,1,53,2,256,efficient_su2,9,1003.77,inf,7810620.848839573,inf,inf,inf,1.8295459000000847,0,,
fixed_budget,pdp_100,lr112,1,53,2,256,hybrid_alns,9,1003.77,inf,6465909.651215406,inf,inf,inf,1.8132763000012346,0,,
time_to_target,pdp_100,lr112,1,,2,256,ropke_distance_fixed_k,,,,,,,,,,0.057205200000680634,0
time_to_target,pdp_100,lr112,1,,2,256,qaoa,,,,,,,,,,0.040339199998925324,0
time_to_target,pdp_100,lr112,1,,2,256,efficient_su2,,,,,,,,,,0.03005689999918104,0
time_to_target,pdp_100,lr112,1,,2,256,hybrid_alns,,,,,,,,,,0.05183060000126716,0
fixed_budget,pdp_100,lr201,1,51,2,256,ropke_distance_fixed_k,4,1253.23,inf,1145469.1223547522,inf,inf,inf,4.765668600000936,0,,
fixed_budget,pdp_100,lr201,1,51,2,256,qaoa,4,1253.23,inf,763915.2283625456,inf,inf,inf,4.985706699999355,0,,
fixed_budget,pdp_100,lr201,1,51,2,256,efficient_su2,4,1253.23,inf,764854.5356052812,inf,inf,inf,5.157016600000134,0,,
fixed_budget,pdp_100,lr201,1,51,2,256,hybrid_alns,4,1253.23,inf,662073.5860496799,inf,inf,inf,4.979736200000843,0,,
time_to_target,pdp_100,lr201,1,,2,256,ropke_distance_fixed_k,,,,,,,,,,0.11545140000089305,0
time_to_target,pdp_100,lr201,1,,2,256,qaoa,,,,,,,,,,0.08997319999980391,0
time_to_target,pdp_100,lr201,1,,2,256,efficient_su2,,,,,,,,,,0.09125940000012633,0
time_to_target,pdp_100,lr201,1,,2,256,hybrid_alns,,,,,,,,,,0.10351149999951303,0
fixed_budget,pdp_100,lr202,1,50,2,256,ropke_distance_fixed_k,3,1197.67,inf,3363837.3564139446,inf,inf,inf,7.370698300001095,0,,
fixed_budget,pdp_100,lr202,1,50,2,256,qaoa,3,1197.67,inf,3363832.4409798807,inf,inf,inf,7.289031699998304,0,,
fixed_budget,pdp_100,lr202,1,50,2,256,efficient_su2,3,1197.67,inf,3177202.3099904396,inf,inf,inf,7.105799599999955,0,,
fixed_budget,pdp_100,lr202,1,50,2,256,hybrid_alns,3,1197.67,inf,3402477.701877854,inf,inf,inf,7.082362299999659,0,,
time_to_target,pdp_100,lr202,1,,2,256,ropke_distance_fixed_k,,,,,,,,,,0.1785608999998658,0
time_to_target,pdp_100,lr202,1,,2,256,qaoa,,,,,,,,,,0.15996229999836942,0
time_to_target,pdp_100,lr202,1,,2,256,efficient_su2,,,,,,,,,,0.13822190000064438,0
time_to_target,pdp_100,lr202,1,,2,256,hybrid_alns,,,,,,,,,,0.1405226999995648,0
fixed_budget,pdp_100,lr203,1,51,2,256,ropke_distance_fixed_k,3,949.4,inf,288503.3689933146,inf,inf,inf,7.774585499999375,0,,
fixed_budget,pdp_100,lr203,1,51,2,256,qaoa,3,949.4,inf,395909.1316048246,inf,inf,inf,7.427732799998921,0,,
fixed_budget,pdp_100,lr203,1,51,2,256,efficient_su2,3,949.4,inf,395921.8149371085,inf,inf,inf,7.5167908999992505,0,,
fixed_budget,pdp_100,lr203,1,51,2,256,hybrid_alns,3,949.4,inf,288567.2636109288,inf,inf,inf,7.393448699998771,0,,
time_to_target,pdp_100,lr203,1,,2,256,ropke_distance_fixed_k,,,,,,,,,,0.14019530000041414,0
time_to_target,pdp_100,lr203,1,,2,256,qaoa,,,,,,,,,,0.14383639999869047,0
time_to_target,pdp_100,lr203,1,,2,256,efficient_su2,,,,,,,,,,0.1505256999989797,0
time_to_target,pdp_100,lr203,1,,2,256,hybrid_alns,,,,,,,,,,0.14188669999930426,0
fixed_budget,pdp_100,lr204,1,50,2,256,ropke_distance_fixed_k,2,849.05,inf,8783445.21395509,inf,inf,inf,14.313349100000778,0,,
fixed_budget,pdp_100,lr204,1,50,2,256,qaoa,2,849.05,inf,9810182.417537343,inf,inf,inf,14.474538000000393,0,,
fixed_budget,pdp_100,lr204,1,50,2,256,efficient_su2,2,849.05,inf,9695086.184276927,inf,inf,inf,14.498864200000753,0,,
fixed_budget,pdp_100,lr204,1,50,2,256,hybrid_alns,2,849.05,inf,7728285.266020197,inf,inf,inf,14.683054200000697,0,,
time_to_target,pdp_100,lr204,1,,2,256,ropke_distance_fixed_k,,,,,,,,,,0.28764440000122704,0
time_to_target,pdp_100,lr204,1,,2,256,qaoa,,,,,,,,,,0.29029280000031576,0
time_to_target,pdp_100,lr204,1,,2,256,efficient_su2,,,,,,,,,,0.31560390000049665,0
time_to_target,pdp_100,lr204,1,,2,256,hybrid_alns,,,,,,,,,,0.2816261999996641,0
fixed_budget,pdp_100,lr205,1,51,2,256,ropke_distance_fixed_k,3,1054.02,inf,4385157.0752560105,inf,inf,inf,7.46672579999904,0,,
fixed_budget,pdp_100,lr205,1,51,2,256,qaoa,3,1054.02,inf,3851851.815093681,inf,inf,inf,7.648884199999884,0,,
fixed_budget,pdp_100,lr205,1,51,2,256,efficient_su2,3,1054.02,inf,3322033.8532533348,inf,inf,inf,7.543959399999949,0,,
fixed_budget,pdp_100,lr205,1,51,2,256,hybrid_alns,3,1054.02,inf,4044364.304911146,inf,inf,inf,7.440248999999312,0,,
time_to_target,pdp_100,lr205,1,,2,256,ropke_distance_fixed_k,,,,,,,,,,0.15058200000021316,0
time_to_target,pdp_100,lr205,1,,2,256,qaoa,,,,,,,,,,0.14718139999968116,0
time_to_target,pdp_100,lr205,1,,2,256,efficient_su2,,,,,,,,,,0.18316690000028757,0
time_to_target,pdp_100,lr205,1,,2,256,hybrid_alns,,,,,,,,,,0.14534939999975904,0
fixed_budget,pdp_100,lr206,1,50,2,256,ropke_distance_fixed_k,3,931.63,inf,727925.832733372,inf,inf,inf,7.494619900000544,0,,
fixed_budget,pdp_100,lr206,1,50,2,256,qaoa,3,931.63,inf,1182473.5980806623,inf,inf,inf,7.381715100000292,0,,
fixed_budget,pdp_100,lr206,1,50,2,256,efficient_su2,3,931.63,inf,1254901.978464226,inf,inf,inf,7.511766199999329,0,,
fixed_budget,pdp_100,lr206,1,50,2,256,hybrid_alns,3,931.63,inf,1460148.4636677182,inf,inf,inf,7.6808675000011135,0,,
time_to_target,pdp_100,lr206,1,,2,256,ropke_distance_fixed_k,,,,,,,,,,0.14473160000125063,0
time_to_target,pdp_100,lr206,1,,2,256,qaoa,,,,,,,,,,0.14688550000028044,0
time_to_target,pdp_100,lr206,1,,2,256,efficient_su2,,,,,,,,,,0.1485075999989931,0
time_to_target,pdp_100,lr206,1,,2,256,hybrid_alns,,,,,,,,,,0.14662670000143407,0
fixed_budget,pdp_100,lr207,1,51,2,256,ropke_distance_fixed_k,2,903.06,inf,14231210.913500324,inf,inf,inf,15.871645299999727,0,,
fixed_budget,pdp_100,lr207,1,51,2,256,qaoa,2,903.06,inf,13943424.943822198,inf,inf,inf,15.947709899999609,0,,
fixed_budget,pdp_100,lr207,1,51,2,256,efficient_su2,2,903.06,inf,13307698.312323663,inf,inf,inf,16.012915299999804,0,,
fixed_budget,pdp_100,lr207,1,51,2,256,hybrid_alns,2,903.06,inf,12479614.202138174,inf,inf,inf,15.478581999999733,0,,
time_to_target,pdp_100,lr207,1,,2,256,ropke_distance_fixed_k,,,,,,,,,,0.3193135000001348,0
time_to_target,pdp_100,lr207,1,,2,256,qaoa,,,,,,,,,,0.3029655999998795,0
time_to_target,pdp_100,lr207,1,,2,256,efficient_su2,,,,,,,,,,0.3053534999999101,0
time_to_target,pdp_100,lr207,1,,2,256,hybrid_alns,,,,,,,,,,0.3041352999989613,0
fixed_budget,pdp_100,lr208,1,50,2,256,ropke_distance_fixed_k,2,734.85,inf,3206718.613339061,inf,inf,inf,15.375242199999775,0,,
fixed_budget,pdp_100,lr208,1,50,2,256,qaoa,2,734.85,inf,3802466.068303736,inf,inf,inf,14.88527879999856,0,,
fixed_budget,pdp_100,lr208,1,50,2,256,efficient_su2,2,734.85,inf,3267310.687172627,inf,inf,inf,14.923035899999377,0,,
fixed_budget,pdp_100,lr208,1,50,2,256,hybrid_alns,2,734.85,inf,3811698.84572806,inf,inf,inf,15.041781099998843,0,,
time_to_target,pdp_100,lr208,1,,2,256,ropke_distance_fixed_k,,,,,,,,,,0.27941029999965394,0
time_to_target,pdp_100,lr208,1,,2,256,qaoa,,,,,,,,,,0.3048964999998134,0
time_to_target,pdp_100,lr208,1,,2,256,efficient_su2,,,,,,,,,,0.2802713000000949,0
time_to_target,pdp_100,lr208,1,,2,256,hybrid_alns,,,,,,,,,,0.2743123000000196,0
fixed_budget,pdp_100,lr209,1,51,2,256,ropke_distance_fixed_k,3,930.59,inf,3775333.2844420853,inf,inf,inf,7.562435199999527,0,,
fixed_budget,pdp_100,lr209,1,51,2,256,qaoa,3,930.59,inf,1781409.6355696423,inf,inf,inf,7.78814329999841,0,,
fixed_budget,pdp_100,lr209,1,51,2,256,efficient_su2,3,930.59,inf,4245564.696667515,inf,inf,inf,7.66008150000016,0,,
fixed_budget,pdp_100,lr209,1,51,2,256,hybrid_alns,3,930.59,inf,3570865.9976458633,inf,inf,inf,7.413325600000462,0,,
time_to_target,pdp_100,lr209,1,,2,256,ropke_distance_fixed_k,,,,,,,,,,0.15699859999949695,0
time_to_target,pdp_100,lr209,1,,2,256,qaoa,,,,,,,,,,0.1426123999990523,0
time_to_target,pdp_100,lr209,1,,2,256,efficient_su2,,,,,,,,,,0.1604700000007142,0
time_to_target,pdp_100,lr209,1,,2,256,hybrid_alns,,,,,,,,,,0.1504557999996905,0
fixed_budget,pdp_100,lr210,1,51,2,256,ropke_distance_fixed_k,3,964.22,inf,99344.21521877851,inf,inf,inf,7.646455300000525,0,,
fixed_budget,pdp_100,lr210,1,51,2,256,qaoa,3,964.22,inf,260410.8122736809,inf,inf,inf,7.383995499998491,0,,
fixed_budget,pdp_100,lr210,1,51,2,256,efficient_su2,3,964.22,inf,139643.7787235396,inf,inf,inf,7.2797929999996995,0,,
fixed_budget,pdp_100,lr210,1,51,2,256,hybrid_alns,3,964.22,inf,17192.15777268191,inf,inf,inf,7.545012300000963,0,,
time_to_target,pdp_100,lr210,1,,2,256,ropke_distance_fixed_k,,,,,,,,,,0.15930929999922228,0
time_to_target,pdp_100,lr210,1,,2,256,qaoa,,,,,,,,,,0.15278880000005302,0
time_to_target,pdp_100,lr210,1,,2,256,efficient_su2,,,,,,,,,,0.1520039999995788,0
time_to_target,pdp_100,lr210,1,,2,256,hybrid_alns,,,,,,,,,,0.17072250000092026,0
fixed_budget,pdp_100,lr211,1,50,2,256,ropke_distance_fixed_k,2,911.52,inf,17374523.00024458,inf,inf,inf,15.029823899998519,0,,
fixed_budget,pdp_100,lr211,1,50,2,256,qaoa,2,911.52,inf,14896069.36092421,inf,inf,inf,14.89388130000043,0,,
fixed_budget,pdp_100,lr211,1,50,2,256,efficient_su2,2,911.52,inf,18720460.31756092,inf,inf,inf,14.810966400000325,0,,
fixed_budget,pdp_100,lr211,1,50,2,256,hybrid_alns,2,911.52,inf,17274634.40719016,inf,inf,inf,14.673328799999581,0,,
time_to_target,pdp_100,lr211,1,,2,256,ropke_distance_fixed_k,,,,,,,,,,0.28571829999964393,0
time_to_target,pdp_100,lr211,1,,2,256,qaoa,,,,,,,,,,0.2988612999997713,0
time_to_target,pdp_100,lr211,1,,2,256,efficient_su2,,,,,,,,,,0.2809402000002592,0
time_to_target,pdp_100,lr211,1,,2,256,hybrid_alns,,,,,,,,,,0.2849335999999312,0
fixed_budget,pdp_100,lrc101,1,53,2,256,ropke_distance_fixed_k,14,1708.8,inf,2576215.242332085,inf,inf,inf,1.1454321999990498,0,,
fixed_budget,pdp_100,lrc101,1,53,2,256,qaoa,14,1708.8,inf,2576210.8338145036,inf,inf,inf,1.1645141999997577,0,,
fixed_budget,pdp_100,lrc101,1,53,2,256,efficient_su2,14,1708.8,inf,2678479.1190695455,inf,inf,inf,1.1094668000005186,0,,
fixed_budget,pdp_100,lrc101,1,53,2,256,hybrid_alns,14,1708.8,inf,2639970.8057996095,inf,inf,inf,1.132116099999621,0,,
time_to_target,pdp_100,lrc101,1,,2,256,ropke_distance_fixed_k,,,,,,,,,,0.019270200000391924,0
time_to_target,pdp_100,lrc101,1,,2,256,qaoa,,,,,,,,,,0.028633100000661216,0
time_to_target,pdp_100,lrc101,1,,2,256,efficient_su2,,,,,,,,,,0.0190827000005811,0
time_to_target,pdp_100,lrc101,1,,2,256,hybrid_alns,,,,,,,,,,0.02103539999916393,0
fixed_budget,pdp_100,lrc102,1,53,2,256,ropke_distance_fixed_k,12,1558.07,inf,2859640.5290604425,inf,inf,inf,1.2048295000004146,0,,
fixed_budget,pdp_100,lrc102,1,53,2,256,qaoa,12,1558.07,inf,2720674.7912399303,inf,inf,inf,1.2622907999993913,0,,
fixed_budget,pdp_100,lrc102,1,53,2,256,efficient_su2,12,1558.07,inf,2763104.864981412,inf,inf,inf,1.3082622999991145,0,,
fixed_budget,pdp_100,lrc102,1,53,2,256,hybrid_alns,12,1558.07,inf,2879184.9099457418,inf,inf,inf,1.3418154999999388,0,,
time_to_target,pdp_100,lrc102,1,,2,256,ropke_distance_fixed_k,,,,,,,,,,0.021885500000280445,0
time_to_target,pdp_100,lrc102,1,,2,256,qaoa,,,,,,,,,,0.021210900000369293,0
time_to_target,pdp_100,lrc102,1,,2,256,efficient_su2,,,,,,,,,,0.02166389999911189,0
time_to_target,pdp_100,lrc102,1,,2,256,hybrid_alns,,,,,,,,,,0.02162280000084138,0
fixed_budget,pdp_100,lrc103,1,53,2,256,ropke_distance_fixed_k,11,1258.74,inf,1643796.3677759212,inf,inf,inf,1.4347643000000971,0,,
fixed_budget,pdp_100,lrc103,1,53,2,256,qaoa,11,1258.74,inf,1609751.6580343107,inf,inf,inf,1.4581288999997923,0,,
fixed_budget,pdp_100,lrc103,1,53,2,256,efficient_su2,11,1258.74,inf,1643796.3677759212,inf,inf,inf,1.443115800000669,0,,
fixed_budget,pdp_100,lrc103,1,53,2,256,hybrid_alns,11,1258.74,inf,1643796.3677759212,inf,inf,inf,1.47280949999913,0,,
time_to_target,pdp_100,lrc103,1,,2,256,ropke_distance_fixed_k,,,,,,,,,,0.023001400000794092,0
time_to_target,pdp_100,lrc103,1,,2,256,qaoa,,,,,,,,,,0.023884199999884004,0
time_to_target,pdp_100,lrc103,1,,2,256,efficient_su2,,,,,,,,,,0.02608189999955357,0
time_to_target,pdp_100,lrc103,1,,2,256,hybrid_alns,,,,,,,,,,0.03488420000030601,0
fixed_budget,pdp_100,lrc104,1,54,2,256,ropke_distance_fixed_k,10,1128.4,inf,4236132.645804167,inf,inf,inf,1.6349465000002965,0,,
fixed_budget,pdp_100,lrc104,1,54,2,256,qaoa,10,1128.4,inf,4282631.035685322,inf,inf,inf,1.590254400000049,0,,
fixed_budget,pdp_100,lrc104,1,54,2,256,efficient_su2,10,1128.4,inf,3666667.303107242,inf,inf,inf,1.6744899000004807,0,,
fixed_budget,pdp_100,lrc104,1,54,2,256,hybrid_alns,10,1128.4,inf,4274154.094769703,inf,inf,inf,1.581283400000757,0,,
time_to_target,pdp_100,lrc104,1,,2,256,ropke_distance_fixed_k,,,,,,,,,,0.03733090000059747,0
time_to_target,pdp_100,lrc104,1,,2,256,qaoa,,,,,,,,,,0.028497400000560447,0
time_to_target,pdp_100,lrc104,1,,2,256,efficient_su2,,,,,,,,,,0.0379374000003736,0
time_to_target,pdp_100,lrc104,1,,2,256,hybrid_alns,,,,,,,,,,0.028545900000608526,0
fixed_budget,pdp_100,lrc105,1,54,2,256,ropke_distance_fixed_k,13,1637.62,inf,1833889.5487322335,inf,inf,inf,1.2930997999992542,0,,
fixed_budget,pdp_100,lrc105,1,54,2,256,qaoa,13,1637.62,inf,1609019.0774309647,inf,inf,inf,1.234614099999817,0,,
fixed_budget,pdp_100,lrc105,1,54,2,256,efficient_su2,13,1637.62,inf,2298820.6175589333,inf,inf,inf,1.300555700001496,0,,
fixed_budget,pdp_100,lrc105,1,54,2,256,hybrid_alns,13,1637.62,inf,2251848.4707480418,inf,inf,inf,1.2846580000004906,0,,
time_to_target,pdp_100,lrc105,1,,2,256,ropke_distance_fixed_k,,,,,,,,,,0.021601799999189097,0
time_to_target,pdp_100,lrc105,1,,2,256,qaoa,,,,,,,,,,0.03772149999895191,0
time_to_target,pdp_100,lrc105,1,,2,256,efficient_su2,,,,,,,,,,0.02299260000108916,0
time_to_target,pdp_100,lrc105,1,,2,256,hybrid_alns,,,,,,,,,,0.020929500000420376,0
fixed_budget,pdp_100,lrc106,1,53,2,256,ropke_distance_fixed_k,11,1424.73,inf,4922903.818231,inf,inf,inf,1.3757759999989503,0,,
fixed_budget,pdp_100,lrc106,1,53,2,256,qaoa,11,1424.73,inf,6041075.342679221,inf,inf,inf,1.3204927999995562,0,,
fixed_budget,pdp_100,lrc106,1,53,2,256,efficient_su2,11,1424.73,inf,6238870.990557212,inf,inf,inf,1.3448355999989872,0,,
fixed_budget,pdp_100,lrc106,1,53,2,256,hybrid_alns,11,1424.73,inf,4876230.493866461,inf,inf,inf,1.373010899998917,0,,
time_to_target,pdp_100,lrc106,1,,2,256,ropke_distance_fixed_k,,,,,,,,,,0.03301370000008319,0
time_to_target,pdp_100,lrc106,1,,2,256,qaoa,,,,,,,,,,0.03362650000053691,0
time_to_target,pdp_100,lrc106,1,,2,256,efficient_su2,,,,,,,,,,0.03311380000013742,0
time_to_target,pdp_100,lrc106,1,,2,256,hybrid_alns,,,,,,,,,,0.024411499998677755,0
fixed_budget,pdp_100,lrc107,1,53,2,256,ropke_distance_fixed_k,11,1230.14,inf,3280891.7589428164,inf,inf,inf,1.36030540000138,0,,
fixed_budget,pdp_100,lrc107,1,53,2,256,qaoa,11,1230.14,inf,4402065.121392359,inf,inf,inf,1.5363758000003145,0,,
fixed_budget,pdp_100,lrc107,1,53,2,256,efficient_su2,11,1230.14,inf,4221609.119173193,inf,inf,inf,1.3797694999993837,0,,
fixed_budget,pdp_100,lrc107,1,53,2,256,hybrid_alns,11,1230.14,inf,4509183.759302732,inf,inf,inf,1.367768199999773,0,,
time_to_target,pdp_100,lrc107,1,,2,256,ropke_distance_fixed_k,,,,,,,,,,0.02462330000162183,0
time_to_target,pdp_100,lrc107,1,,2,256,qaoa,,,,,,,,,,0.03476539999974193,0
time_to_target,pdp_100,lrc107,1,,2,256,efficient_su2,,,,,,,,,,0.02463249999891559,0
time_to_target,pdp_100,lrc107,1,,2,256,hybrid_alns,,,,,,,,,,0.023259399999005836,0
fixed_budget,pdp_100,lrc108,1,52,2,256,ropke_distance_fixed_k,10,1147.43,inf,4257826.004181036,inf,inf,inf,1.4397496999990835,0,,
fixed_budget,pdp_100,lrc108,1,52,2,256,qaoa,10,1147.43,inf,3351591.3183332384,inf,inf,inf,1.4275268000001233,0,,
fixed_budget,pdp_100,lrc108,1,52,2,256,efficient_su2,10,1147.43,inf,5561420.863634434,inf,inf,inf,1.4226533000000927,0,,
fixed_budget,pdp_100,lrc108,1,52,2,256,hybrid_alns,10,1147.43,inf,4321809.739516554,inf,inf,inf,1.474110400000427,0,,
time_to_target,pdp_100,lrc108,1,,2,256,ropke_distance_fixed_k,,,,,,,,,,0.03428679999888118,0
time_to_target,pdp_100,lrc108,1,,2,256,qaoa,,,,,,,,,,0.03592759999992268,0
time_to_target,pdp_100,lrc108,1,,2,256,efficient_su2,,,,,,,,,,0.035018500000660424,0
time_to_target,pdp_100,lrc108,1,,2,256,hybrid_alns,,,,,,,,,,0.034798000000591855,0
fixed_budget,pdp_100,lrc201,1,51,2,256,ropke_distance_fixed_k,4,1406.94,inf,4935441.915203772,inf,inf,inf,4.587918199998967,0,,
fixed_budget,pdp_100,lrc201,1,51,2,256,qaoa,4,1406.94,inf,4471975.775989957,inf,inf,inf,4.835938000000169,0,,
fixed_budget,pdp_100,lrc201,1,51,2,256,efficient_su2,4,1406.94,inf,4322234.503736465,inf,inf,inf,4.844350999999733,0,,
fixed_budget,pdp_100,lrc201,1,51,2,256,hybrid_alns,4,1406.94,inf,6679929.996603023,inf,inf,inf,4.682521900000211,0,,
time_to_target,pdp_100,lrc201,1,,2,256,ropke_distance_fixed_k,,,,,,,,,,0.08923130000039237,0
time_to_target,pdp_100,lrc201,1,,2,256,qaoa,,,,,,,,,,0.08712200000081793,0
time_to_target,pdp_100,lrc201,1,,2,256,efficient_su2,,,,,,,,,,0.08828749999884167,0
time_to_target,pdp_100,lrc201,1,,2,256,hybrid_alns,,,,,,,,,,0.09000080000078015,0
fixed_budget,pdp_100,lrc202,1,51,2,256,ropke_distance_fixed_k,3,1374.27,inf,11259902.21640301,inf,inf,inf,7.484813699998995,0,,
fixed_budget,pdp_100,lrc202,1,51,2,256,qaoa,3,1374.27,inf,10217467.699026719,inf,inf,inf,7.710773099999642,0,,
fixed_budget,pdp_100,lrc202,1,51,2,256,efficient_su2,3,1374.27,inf,7787718.323072912,inf,inf,inf,7.482102399999349,0,,
fixed_budget,pdp_100,lrc202,1,51,2,256,hybrid_alns,3,1374.27,inf,11508810.65040091,inf,inf,inf,7.559489299999768,0,,
time_to_target,pdp_100,lrc202,1,,2,256,ropke_distance_fixed_k,,,,,,,,,,0.15442350000012084,0
time_to_target,pdp_100,lrc202,1,,2,256,qaoa,,,,,,,,,,0.14556609999999637,0
time_to_target,pdp_100,lrc202,1,,2,256,efficient_su2,,,,,,,,,,0.17488509999930102,0
time_to_target,pdp_100,lrc202,1,,2,256,hybrid_alns,,,,,,,,,,0.1564816999998584,0
fixed_budget,pdp_100,lrc203,1,51,2,256,ropke_distance_fixed_k,3,1089.07,inf,2144578.4268884487,inf,inf,inf,7.727837999998883,0,,
fixed_budget,pdp_100,lrc203,1,51,2,256,qaoa,3,1089.07,inf,2224054.9736175546,inf,inf,inf,7.763658399999258,0,,
fixed_budget,pdp_100,lrc203,1,51,2,256,efficient_su2,3,1089.07,inf,2063600.271195984,inf,inf,inf,7.74067020000075,0,,
fixed_budget,pdp_100,lrc203,1,51,2,256,hybrid_alns,3,1089.07,inf,2224054.9736175546,inf,inf,inf,7.6738900000000285,0,,
time_to_target,pdp_100,lrc203,1,,2,256,ropke_distance_fixed_k,,,,,,,,,,0.16345989999899757,0
time_to_target,pdp_100,lrc203,1,,2,256,qaoa,,,,,,,,,,0.15447839999978896,0
time_to_target,pdp_100,lrc203,1,,2,256,efficient_su2,,,,,,,,,,0.1541295999995782,0
time_to_target,pdp_100,lrc203,1,,2,256,hybrid_alns,,,,,,,,,,0.14910070000041742,0
fixed_budget,pdp_100,lrc204,1,51,2,256,ropke_distance_fixed_k,3,818.66,inf,12908.93038185933,inf,inf,inf,8.218038199998773,0,,
fixed_budget,pdp_100,lrc204,1,51,2,256,qaoa,3,818.66,inf,4123.792239213177,inf,inf,inf,7.9540876999999455,0,,
fixed_budget,pdp_100,lrc204,1,51,2,256,efficient_su2,3,818.66,inf,4131.757930148671,inf,inf,inf,8.142068799999834,0,,
fixed_budget,pdp_100,lrc204,1,51,2,256,hybrid_alns,3,818.66,inf,64238.897901940145,inf,inf,inf,7.933675599999333,0,,
time_to_target,pdp_100,lrc204,1,,2,256,ropke_distance_fixed_k,,,,,,,,,,0.18544589999874006,0
time_to_target,pdp_100,lrc204,1,,2,256,qaoa,,,,,,,,,,0.1473987000008492,0
time_to_target,pdp_100,lrc204,1,,2,256,efficient_su2,,,,,,,,,,0.15561819999857107,0
time_to_target,pdp_100,lrc204,1,,2,256,hybrid_alns,,,,,,,,,,0.16445089999979245,0
fixed_budget,pdp_100,lrc205,1,51,2,256,ropke_distance_fixed_k,4,1302.2,inf,3413278.491272671,inf,inf,inf,4.82948690000012,0,,
fixed_budget,pdp_100,lrc205,1,51,2,256,qaoa,4,1302.2,inf,3413277.6508470965,inf,inf,inf,4.800984800000151,0,,
fixed_budget,pdp_100,lrc205,1,51,2,256,efficient_su2,4,1302.2,inf,3101444.1192319263,inf,inf,inf,4.734172000000399,0,,
fixed_budget,pdp_100,lrc205,1,51,2,256,hybrid_alns,4,1302.2,inf,2941966.746652437,inf,inf,inf,4.902711900000213,0,,
time_to_target,pdp_100,lrc205,1,,2,256,ropke_distance_fixed_k,,,,,,,,,,0.0935444999995525,0
time_to_target,pdp_100,lrc205,1,,2,256,qaoa,,,,,,,,,,0.09107769999900484,0
time_to_target,pdp_100,lrc205,1,,2,256,efficient_su2,,,,,,,,,,0.09840640000038547,0
time_to_target,pdp_100,lrc205,1,,2,256,hybrid_alns,,,,,,,,,,0.09154300000045623,0
fixed_budget,pdp_100,lrc206,1,51,2,256,ropke_distance_fixed_k,3,1159.03,inf,17984925.486929305,inf,inf,inf,7.829971799999839,0,,
fixed_budget,pdp_100,lrc206,1,51,2,256,qaoa,3,1159.03,inf,14758962.150847804,inf,inf,inf,7.992731300000742,0,,
fixed_budget,pdp_100,lrc206,1,51,2,256,efficient_su2,3,1159.03,inf,12878417.48017006,inf,inf,inf,7.886055999999371,0,,
fixed_budget,pdp_100,lrc206,1,51,2,256,hybrid_alns,3,1159.03,inf,14366494.132698756,inf,inf,inf,7.781519300000582,0,,
time_to_target,pdp_100,lrc206,1,,2,256,ropke_distance_fixed_k,,,,,,,,,,0.14746779999950377,0
time_to_target,pdp_100,lrc206,1,,2,256,qaoa,,,,,,,,,,0.15259990000049584,0
time_to_target,pdp_100,lrc206,1,,2,256,efficient_su2,,,,,,,,,,0.15768449999995937,0
time_to_target,pdp_100,lrc206,1,,2,256,hybrid_alns,,,,,,,,,,0.15624729999944975,0
fixed_budget,pdp_100,lrc207,1,51,2,256,ropke_distance_fixed_k,3,1062.05,inf,14149835.982276976,inf,inf,inf,7.301600500000859,0,,
fixed_budget,pdp_100,lrc207,1,51,2,256,qaoa,3,1062.05,inf,10793696.990969177,inf,inf,inf,7.482156100000793,0,,
fixed_budget,pdp_100,lrc207,1,51,2,256,efficient_su2,3,1062.05,inf,11119782.509235976,inf,inf,inf,7.4180168000002595,0,,
fixed_budget,pdp_100,lrc207,1,51,2,256,hybrid_alns,3,1062.05,inf,13833650.590514857,inf,inf,inf,7.535267299999759,0,,
time_to_target,pdp_100,lrc207,1,,2,256,ropke_distance_fixed_k,,,,,,,,,,0.14196160000028613,0
time_to_target,pdp_100,lrc207,1,,2,256,qaoa,,,,,,,,,,0.1429745000004914,0
time_to_target,pdp_100,lrc207,1,,2,256,efficient_su2,,,,,,,,,,0.1602205999988655,0
time_to_target,pdp_100,lrc207,1,,2,256,hybrid_alns,,,,,,,,,,0.14440950000062003,0
fixed_budget,pdp_100,lrc208,1,51,2,256,ropke_distance_fixed_k,3,852.76,inf,5283943.4957196545,inf,inf,inf,7.566994999999224,0,,
fixed_budget,pdp_100,lrc208,1,51,2,256,qaoa,3,852.76,inf,5664324.598337008,inf,inf,inf,7.681661999999051,0,,
fixed_budget,pdp_100,lrc208,1,51,2,256,efficient_su2,3,852.76,inf,3982227.04545589,inf,inf,inf,7.490899099999297,0,,
fixed_budget,pdp_100,lrc208,1,51,2,256,hybrid_alns,3,852.76,inf,5399330.171373284,inf,inf,inf,7.651757600000565,0,,
time_to_target,pdp_100,lrc208,1,,2,256,ropke_distance_fixed_k,,,,,,,,,,0.14895029999934195,0
time_to_target,pdp_100,lrc208,1,,2,256,qaoa,,,,,,,,,,0.1507913000004919,0
time_to_target,pdp_100,lrc208,1,,2,256,efficient_su2,,,,,,,,,,0.15532940000048256,0
time_to_target,pdp_100,lrc208,1,,2,256,hybrid_alns,,,,,,,,,,0.17327410000143573,0
fixed_budget,pdp_100,lc101,1,53,3,256,ropke_distance_fixed_k,10,828.94,828.9368669428341,828.9368669428341,828.9368669428341,0.0,-3.7795946220431313e-06,2.166500100000121,1,,
fixed_budget,pdp_100,lc101,1,53,3,256,qaoa,10,828.94,828.9368669428341,828.9368669428341,828.9368669428341,0.0,-3.7795946220431313e-06,2.1878426000002946,1,,
fixed_budget,pdp_100,lc101,1,53,3,256,efficient_su2,10,828.94,828.9368669428341,828.9368669428341,828.9368669428341,0.0,-3.7795946220431313e-06,2.2006033999987267,1,,
fixed_budget,pdp_100,lc101,1,53,3,256,hybrid_alns,10,828.94,828.9368669428341,828.9368669428341,828.9368669428341,0.0,-3.7795946220431313e-06,2.3197470999984944,1,,
time_to_target,pdp_100,lc101,1,,3,256,ropke_distance_fixed_k,,,,,,,,,,0.03865190000033181,0
time_to_target,pdp_100,lc101,1,,3,256,qaoa,,,,,,,,,,0.04161500000009255,0
time_to_target,pdp_100,lc101,1,,3,256,efficient_su2,,,,,,,,,,0.04869899999903282,0
time_to_target,pdp_100,lc101,1,,3,256,hybrid_alns,,,,,,,,,,0.048632999998517334,0
fixed_budget,pdp_100,lc102,1,53,3,256,ropke_distance_fixed_k,10,828.94,inf,6476589.53041797,inf,inf,inf,2.1647780000002967,0,,
fixed_budget,pdp_100,lc102,1,53,3,256,qaoa,10,828.94,inf,6476589.53041797,inf,inf,inf,2.1836734999997134,0,,
fixed_budget,pdp_100,lc102,1,53,3,256,efficient_su2,10,828.94,inf,6476589.53041797,inf,inf,inf,2.2325468999988516,0,,
fixed_budget,pdp_100,lc102,1,53,3,256,hybrid_alns,10,828.94,inf,6509240.107281061,inf,inf,inf,2.2103409999999712,0,,
time_to_target,pdp_100,lc102,1,,3,256,ropke_distance_fixed_k,,,,,,,,,,0.04969689999961702,0
time_to_target,pdp_100,lc102,1,,3,256,qaoa,,,,,,,,,,0.04071970000040892,0
time_to_target,pdp_100,lc102,1,,3,256,efficient_su2,,,,,,,,,,0.04137259999879461,0
time_to_target,pdp_100,lc102,1,,3,256,hybrid_alns,,,,,,,,,,0.0391858000002685,0
fixed_budget,pdp_100,lc103,1,52,3,256,ropke_distance_fixed_k,9,1035.35,inf,4189014.37767134,inf,inf,inf,2.4174958000003244,0,,
fixed_budget,pdp_100,lc103,1,52,3,256,qaoa,9,1035.35,inf,4189014.37767134,inf,inf,inf,2.4063133999989077,0,,
fixed_budget,pdp_100,lc103,1,52,3,256,efficient_su2,9,1035.35,inf,4189014.37767134,inf,inf,inf,2.3290257999997266,0,,
fixed_budget,pdp_100,lc103,1,52,3,256,hybrid_alns,9,1035.35,inf,4189014.37767134,inf,inf,inf,2.370483600001535,0,,
time_to_target,pdp_100,lc103,1,,3,256,ropke_distance_fixed_k,,,,,,,,,,0.04805029999988619,0
time_to_target,pdp_100,lc103,1,,3,256,qaoa,,,,,,,,,,0.04245309999896563,0
time_to_target,pdp_100,lc103,1,,3,256,efficient_su2,,,,,,,,,,0.0537493000010727,0
time_to_target,pdp_100,lc103,1,,3,256,hybrid_alns,,,,,,,,,,0.04299739999987651,0
fixed_budget,pdp_100,lc104,1,53,3,256,ropke_distance_fixed_k,9,860.01,inf,1313573.8896566955,inf,inf,inf,2.4168480999996973,0,,
fixed_budget,pdp_100,lc104,1,53,3,256,qaoa,9,860.01,inf,1313573.8896566955,inf,inf,inf,2.440588800000114,0,,
fixed_budget,pdp_100,lc104,1,53,3,256,efficient_su2,9,860.01,inf,1313573.8896566955,inf,inf,inf,2.5337165999990248,0,,
fixed_budget,pdp_100,lc104,1,53,3,256,hybrid_alns,9,860.01,inf,1313573.8896566955,inf,inf,inf,2.362302699999418,0,,
time_to_target,pdp_100,lc104,1,,3,256,ropke_distance_fixed_k,,,,,,,,,,0.05952140000044892,0
time_to_target,pdp_100,lc104,1,,3,256,qaoa,,,,,,,,,,0.06071180000071763,0
time_to_target,pdp_100,lc104,1,,3,256,efficient_su2,,,,,,,,,,0.04391140000006999,0
time_to_target,pdp_100,lc104,1,,3,256,hybrid_alns,,,,,,,,,,0.04308280000077502,0
fixed_budget,pdp_100,lc105,1,53,3,256,ropke_distance_fixed_k,10,828.94,inf,14821160.912271824,inf,inf,inf,2.204151899999488,0,,
fixed_budget,pdp_100,lc105,1,53,3,256,qaoa,10,828.94,inf,14821160.912271824,inf,inf,inf,2.2009416000000783,0,,
fixed_budget,pdp_100,lc105,1,53,3,256,efficient_su2,10,828.94,inf,14821160.912271824,inf,inf,inf,2.301752800000031,0,,
fixed_budget,pdp_100,lc105,1,53,3,256,hybrid_alns,10,828.94,inf,14821160.912271824,inf,inf,inf,2.1653879000004963,0,,
time_to_target,pdp_100,lc105,1,,3,256,ropke_distance_fixed_k,,,,,,,,,,0.03832630000033532,0
time_to_target,pdp_100,lc105,1,,3,256,qaoa,,,,,,,,,,0.05076360000020941,0
time_to_target,pdp_100,lc105,1,,3,256,efficient_su2,,,,,,,,,,0.03724549999969895,0
time_to_target,pdp_100,lc105,1,,3,256,hybrid_alns,,,,,,,,,,0.03893200000129582,0
fixed_budget,pdp_100,lc106,1,53,3,256,ropke_distance_fixed_k,10,828.94,inf,6676659.508406467,inf,inf,inf,2.1250678000014886,0,,
fixed_budget,pdp_100,lc106,1,53,3,256,qaoa,10,828.94,inf,5902742.730206732,inf,inf,inf,2.1766318999998475,0,,
fixed_budget,pdp_100,lc106,1,53,3,256,efficient_su2,10,828.94,inf,5902742.730206732,inf,inf,inf,2.1965004000012414,0,,
fixed_budget,pdp_100,lc106,1,53,3,256,hybrid_alns,10,828.94,inf,5902742.730206732,inf,inf,inf,2.17494699999952,0,,
time_to_target,pdp_100,lc106,1,,3,256,ropke_distance_fixed_k,,,,,,,,,,0.03996080000069924,0
time_to_target,pdp_100,lc106,1,,3,256,qaoa,,,,,,,,,,0.03914770000119461,0
time_to_target,pdp_100,lc106,1,,3,256,efficient_su2,,,,,,,,,,0.04908660000000964,0
time_to_target,pdp_100,lc106,1,,3,256,hybrid_alns,,,,,,,,,,0.041439500000706175,0
fixed_budget,pdp_100,lc107,1,53,3,256,ropke_distance_fixed_k,10,828.94,inf,10042155.685847528,inf,inf,inf,2.2891263000001345,0,,
fixed_budget,pdp_100,lc107,1,53,3,256,qaoa,10,828.94,inf,9783924.603360726,inf,inf,inf,2.220480599999064,0,,
fixed_budget,pdp_100,lc107,1,53,3,256,efficient_su2,10,828.94,inf,9931902.300301475,inf,inf,inf,2.285167800000636,0,,
fixed_budget,pdp_100,lc107,1,53,3,256,hybrid_alns,10,828.94,inf,9158055.360890467,inf,inf,inf,2.1954628999992565,0,,
time_to_target,pdp_100,lc107,1,,3,256,ropke_distance_fixed_k,,,,,,,,,,0.03945240000030026,0
time_to_target,pdp_100,lc107,1,,3,256,qaoa,,,,,,,,,,0.03816290000031586,0
time_to_target,pdp_100,lc107,1,,3,256,efficient_su2,,,,,,,,,,0.06600170000092476,0
time_to_target,pdp_100,lc107,1,,3,256,hybrid_alns,,,,,,,,,,0.040184299999964423,0
fixed_budget,pdp_100,lc108,1,53,3,256,ropke_distance_fixed_k,10,826.44,inf,7241379.46757529,inf,inf,inf,2.3022234000000026,0,,
fixed_budget,pdp_100,lc108,1,53,3,256,qaoa,10,826.44,inf,7241379.46757529,inf,inf,inf,2.2240621999990253,0,,
fixed_budget,pdp_100,lc108,1,53,3,256,efficient_su2,10,826.44,inf,6829444.817730275,inf,inf,inf,2.176381900000706,0,,
fixed_budget,pdp_100,lc108,1,53,3,256,hybrid_alns,10,826.44,inf,7241379.46757529,inf,inf,inf,2.163397599999371,0,,
time_to_target,pdp_100,lc108,1,,3,256,ropke_distance_fixed_k,,,,,,,,,,0.03837730000122974,0
time_to_target,pdp_100,lc108,1,,3,256,qaoa,,,,,,,,,,0.03928300000006857,0
time_to_target,pdp_100,lc108,1,,3,256,efficient_su2,,,,,,,,,,0.03995250000116357,0
time_to_target,pdp_100,lc108,1,,3,256,hybrid_alns,,,,,,,,,,0.03898689999914495,0
fixed_budget,pdp_100,lc109,1,53,3,256,ropke_distance_fixed_k,9,1000.6,inf,8228381.479505691,inf,inf,inf,2.3610066000001098,0,,
fixed_budget,pdp_100,lc109,1,53,3,256,qaoa,9,1000.6,inf,8228381.479505691,inf,inf,inf,2.501942599999893,0,,
fixed_budget,pdp_100,lc109,1,53,3,256,efficient_su2,9,1000.6,inf,8228381.479505691,inf,inf,inf,2.4491261999992275,0,,
fixed_budget,pdp_100,lc109,1,53,3,256,hybrid_alns,9,1000.6,inf,8228381.479505691,inf,inf,inf,2.50440510000044,0,,
time_to_target,pdp_100,lc109,1,,3,256,ropke_distance_fixed_k,,,,,,,,,,0.04324799999994866,0
time_to_target,pdp_100,lc109,1,,3,256,qaoa,,,,,,,,,,0.055635199998505414,0
time_to_target,pdp_100,lc109,1,,3,256,efficient_su2,,,,,,,,,,0.0456066999995528,0
time_to_target,pdp_100,lc109,1,,3,256,hybrid_alns,,,,,,,,,,0.05507209999996121,0
fixed_budget,pdp_100,lc201,1,51,3,256,ropke_distance_fixed_k,3,591.56,591.5565566715015,591.5565566715015,591.5565566715015,0.0,-5.820759514514365e-06,10.419499999999971,1,,
fixed_budget,pdp_100,lc201,1,51,3,256,qaoa,3,591.56,591.5565566715015,591.5565566715015,591.5565566715015,0.0,-5.820759514514365e-06,10.552931000000171,1,,
fixed_budget,pdp_100,lc201,1,51,3,256,efficient_su2,3,591.56,591.5565566715015,591.5565566715015,591.5565566715015,0.0,-5.820759514514365e-06,12.03681449999931,1,,
fixed_budget,pdp_100,lc201,1,51,3,256,hybrid_alns,3,591.56,591.5565566715015,591.5565566715015,591.5565566715015,0.0,-5.820759514514365e-06,10.719953199999509,1,,
time_to_target,pdp_100,lc201,1,,3,256,ropke_distance_fixed_k,,,,,,,,,,0.21245880000060424,0
time_to_target,pdp_100,lc201,1,,3,256,qaoa,,,,,,,,,,0.20380760000080045,0
time_to_target,pdp_100,lc201,1,,3,256,efficient_su2,,,,,,,,,,0.21227379999982077,0
time_to_target,pdp_100,lc201,1,,3,256,hybrid_alns,,,,,,,,,,0.23148810000020603,0
fixed_budget,pdp_100,lc202,1,51,3,256,ropke_distance_fixed_k,3,591.56,591.5565566715015,591.5565566715015,591.5565566715015,0.0,-5.820759514514365e-06,10.620920800000022,1,,
fixed_budget,pdp_100,lc202,1,51,3,256,qaoa,3,591.56,591.5565566715015,591.5565566715015,591.5565566715015,0.0,-5.820759514514365e-06,10.72570689999884,1,,
fixed_budget,pdp_100,lc202,1,51,3,256,efficient_su2,3,591.56,591.5565566715015,591.5565566715015,591.5565566715015,0.0,-5.820759514514365e-06,10.557089100000667,1,,
fixed_budget,pdp_100,lc202,1,51,3,256,hybrid_alns,3,591.56,591.5565566715015,591.5565566715015,591.5565566715015,0.0,-5.820759514514365e-06,10.520588299999872,1,,
time_to_target,pdp_100,lc202,1,,3,256,ropke_distance_fixed_k,,,,,,,,,,0.22783049999998184,0
time_to_target,pdp_100,lc202,1,,3,256,qaoa,,,,,,,,,,0.20664619999843126,0
time_to_target,pdp_100,lc202,1,,3,256,efficient_su2,,,,,,,,,,0.21103110000149172,0
time_to_target,pdp_100,lc202,1,,3,256,hybrid_alns,,,,,,,,,,0.21206530000017665,0
fixed_budget,pdp_100,lc203,1,51,3,256,ropke_distance_fixed_k,3,591.17,inf,10146357.09614228,inf,inf,inf,10.65751520000049,0,,
fixed_budget,pdp_100,lc203,1,51,3,256,qaoa,3,591.17,inf,8610715.782085292,inf,inf,inf,10.70100679999996,0,,
fixed_budget,pdp_100,lc203,1,51,3,256,efficient_su2,3,591.17,inf,11051048.810603557,inf,inf,inf,10.775513699998555,0,,
fixed_budget,pdp_100,lc203,1,51,3,256,hybrid_alns,3,591.17,inf,11051048.810603557,inf,inf,inf,10.74448829999892,0,,
time_to_target,pdp_100,lc203,1,,3,256,ropke_distance_fixed_k,,,,,,,,,,0.20622279999952298,0
time_to_target,pdp_100,lc203,1,,3,256,qaoa,,,,,,,,,,0.20506569999997737,0
time_to_target,pdp_100,lc203,1,,3,256,efficient_su2,,,,,,,,,,0.2341664999985369,0
time_to_target,pdp_100,lc203,1,,3,256,hybrid_alns,,,,,,,,,,0.2019321999996464,0
fixed_budget,pdp_100,lc204,1,51,3,256,ropke_distance_fixed_k,3,590.6,inf,1760141.0961471705,inf,inf,inf,10.60973279999962,0,,
fixed_budget,pdp_100,lc204,1,51,3,256,qaoa,3,590.6,inf,1721431.56066043,inf,inf,inf,10.600321199999598,0,,
fixed_budget,pdp_100,lc204,1,51,3,256,efficient_su2,3,590.6,inf,1850704.106332381,inf,inf,inf,10.68654129999959,0,,
fixed_budget,pdp_100,lc204,1,51,3,256,hybrid_alns,3,590.6,inf,1850704.106332381,inf,inf,inf,10.617583400000512,0,,
time_to_target,pdp_100,lc204,1,,3,256,ropke_distance_fixed_k,,,,,,,,,,0.21341500000016822,0
time_to_target,pdp_100,lc204,1,,3,256,qaoa,,,,,,,,,,0.21162469999944733,0
time_to_target,pdp_100,lc204,1,,3,256,efficient_su2,,,,,,,,,,0.20327539999925648,0
time_to_target,pdp_100,lc204,1,,3,256,hybrid_alns,,,,,,,,,,0.20554830000037327,0
fixed_budget,pdp_100,lc205,1,51,3,256,ropke_distance_fixed_k,3,588.88,inf,73098985.21779954,inf,inf,inf,10.57725919999939,0,,
fixed_budget,pdp_100,lc205,1,51,3,256,qaoa,3,588.88,inf,73445495.62643239,inf,inf,inf,10.637002700001176,0,,
fixed_budget,pdp_100,lc205,1,51,3,256,efficient_su2,3,588.88,inf,80372824.86963692,inf,inf,inf,10.873404500000106,0,,
fixed_budget,pdp_100,lc205,1,51,3,256,hybrid_alns,3,588.88,inf,83197669.27168956,inf,inf,inf,10.836699400000725,0,,
time_to_target,pdp_100,lc205,1,,3,256,ropke_distance_fixed_k,,,,,,,,,,0.20617350000065926,0
time_to_target,pdp_100,lc205,1,,3,256,qaoa,,,,,,,,,,0.20767670000168437,0
time_to_target,pdp_100,lc205,1,,3,256,efficient_su2,,,,,,,,,,0.21526270000140357,0
time_to_target,pdp_100,lc205,1,,3,256,hybrid_alns,,,,,,,,,,0.2079680000006192,0
fixed_budget,pdp_100,lc206,1,51,3,256,ropke_distance_fixed_k,3,588.49,inf,24052241.16508328,inf,inf,inf,10.782654299999194,0,,
fixed_budget,pdp_100,lc206,1,51,3,256,qaoa,3,588.49,inf,32620232.85620541,inf,inf,inf,10.941509000000224,0,,
fixed_budget,pdp_100,lc206,1,51,3,256,efficient_su2,3,588.49,inf,25381076.547644626,inf,inf,inf,10.576950200000283,0,,
fixed_budget,pdp_100,lc206,1,51,3,256,hybrid_alns,3,588.49,inf,27695133.855182067,inf,inf,inf,10.789131599998655,0,,
time_to_target,pdp_100,lc206,1,,3,256,ropke_distance_fixed_k,,,,,,,,,,0.20612470000014582,0
time_to_target,pdp_100,lc206,1,,3,256,qaoa,,,,,,,,,,0.2097183000005316,0
time_to_target,pdp_100,lc206,1,,3,256,efficient_su2,,,,,,,,,,0.24231730000065,0
time_to_target,pdp_100,lc206,1,,3,256,hybrid_alns,,,,,,,,,,0.2095283999988169,0
fixed_budget,pdp_100,lc207,1,51,3,256,ropke_distance_fixed_k,3,588.29,inf,19224457.408220775,inf,inf,inf,10.72485830000005,0,,
fixed_budget,pdp_100,lc207,1,51,3,256,qaoa,3,588.29,inf,19020906.480572943,inf,inf,inf,10.649961600000097,0,,
fixed_budget,pdp_100,lc207,1,51,3,256,efficient_su2,3,588.29,inf,17858678.397171766,inf,inf,inf,10.69318640000165,0,,
fixed_budget,pdp_100,lc207,1,51,3,256,hybrid_alns,3,588.29,inf,19020906.480572943,inf,inf,inf,10.648071900001014,0,,
time_to_target,pdp_100,lc207,1,,3,256,ropke_distance_fixed_k,,,,,,,,,,0.21118999999998778,0
time_to_target,pdp_100,lc207,1,,3,256,qaoa,,,,,,,,,,0.21111679999921762,0
time_to_target,pdp_100,lc207,1,,3,256,efficient_su2,,,,,,,,,,0.21182770000086748,0
time_to_target,pdp_100,lc207,1,,3,256,hybrid_alns,,,,,,,,,,0.20917280000139726,0
fixed_budget,pdp_100,lc208,1,51,3,256,ropke_distance_fixed_k,3,588.32,inf,37862209.267995834,inf,inf,inf,11.350559200000134,0,,
fixed_budget,pdp_100,lc208,1,51,3,256,qaoa,3,588.32,inf,35592409.20605144,inf,inf,inf,10.686066700000083,0,,
fixed_budget,pdp_100,lc208,1,51,3,256,efficient_su2,3,588.32,inf,40272704.07884426,inf,inf,inf,10.834779200000412,0,,
fixed_budget,pdp_100,lc208,1,51,3,256,hybrid_alns,3,588.32,inf,36818566.50504686,inf,inf,inf,10.7489317999989,0,,
time_to_target,pdp_100,lc208,1,,3,256,ropke_distance_fixed_k,,,,,,,,,,0.28138079999916954,0
time_to_target,pdp_100,lc208,1,,3,256,qaoa,,,,,,,,,,0.20884899999873596,0
time_to_target,pdp_100,lc208,1,,3,256,efficient_su2,,,,,,,,,,0.20567730000038864,0
time_to_target,pdp_100,lc208,1,,3,256,hybrid_alns,,,,,,,,,,0.21429499999976542,0
fixed_budget,pdp_100,lr101,1,53,3,256,ropke_distance_fixed_k,19,1650.8,inf,452500.5215254732,inf,inf,inf,1.2237328000010166,0,,
fixed_budget,pdp_100,lr101,1,53,3,256,qaoa,19,1650.8,inf,452512.05262399244,inf,inf,inf,1.4284315000004426,0,,
fixed_budget,pdp_100,lr101,1,53,3,256,efficient_su2,19,1650.8,inf,277212.5251740123,inf,inf,inf,1.2814088000013726,0,,
fixed_budget,pdp_100,lr101,1,53,3,256,hybrid_alns,19,1650.8,inf,452512.05262399244,inf,inf,inf,1.2023314000016398,0,,
time_to_target,pdp_100,lr101,1,,3,256,ropke_distance_fixed_k,,,,,,,,,,0.020968200000424986,0
time_to_target,pdp_100,lr101,1,,3,256,qaoa,,,,,,,,,,0.02655659999982163,0
time_to_target,pdp_100,lr101,1,,3,256,efficient_su2,,,,,,,,,,0.022320100000797538,0
time_to_target,pdp_100,lr101,1,,3,256,hybrid_alns,,,,,,,,,,0.02142490000005637,0
fixed_budget,pdp_100,lr102,1,55,3,256,ropke_distance_fixed_k,17,1487.57,inf,51098.801177267276,inf,inf,inf,1.5721926000005624,0,,
fixed_budget,pdp_100,lr102,1,55,3,256,qaoa,17,1487.57,inf,51098.801177267276,inf,inf,inf,1.5573074000003544,0,,
fixed_budget,pdp_100,lr102,1,55,3,256,efficient_su2,17,1487.57,inf,51098.801177267276,inf,inf,inf,1.531683499999417,0,,
fixed_budget,pdp_100,lr102,1,55,3,256,hybrid_alns,17,1487.57,inf,51098.801177267276,inf,inf,inf,1.4946959000008064,0,,
time_to_target,pdp_100,lr102,1,,3,256,ropke_distance_fixed_k,,,,,,,,,,0.04022439999971539,0
time_to_target,pdp_100,lr102,1,,3,256,qaoa,,,,,,,,,,0.029005700000197976,0
time_to_target,pdp_100,lr102,1,,3,256,efficient_su2,,,,,,,,,,0.02586390000033134,0
time_to_target,pdp_100,lr102,1,,3,256,hybrid_alns,,,,,,,,,,0.02685159999964526,0
fixed_budget,pdp_100,lr103,1,52,3,256,ropke_distance_fixed_k,13,1292.68,inf,992902.0072787914,inf,inf,inf,1.6450819999990927,0,,
fixed_budget,pdp_100,lr103,1,52,3,256,qaoa,13,1292.68,inf,992902.0072787914,inf,inf,inf,1.5560349999996106,0,,
fixed_budget,pdp_100,lr103,1,52,3,256,efficient_su2,13,1292.68,inf,907402.912793315,inf,inf,inf,1.580151999998634,0,,
fixed_budget,pdp_100,lr103,1,52,3,256,hybrid_alns,13,1292.68,inf,992902.0072787914,inf,inf,inf,1.514384500000233,0,,
time_to_target,pdp_100,lr103,1,,3,256,ropke_distance_fixed_k,,,,,,,,,,0.0283462999996118,0
time_to_target,pdp_100,lr103,1,,3,256,qaoa,,,,,,,,,,0.03846569999950589,0
time_to_target,pdp_100,lr103,1,,3,256,efficient_su2,,,,,,,,,,0.028154399999039015,0
time_to_target,pdp_100,lr103,1,,3,256,hybrid_alns,,,,,,,,,,0.037953000000925385,0
fixed_budget,pdp_100,lr104,1,52,3,256,ropke_distance_fixed_k,9,1013.39,inf,3790745.417365117,inf,inf,inf,2.340790799999013,0,,
fixed_budget,pdp_100,lr104,1,52,3,256,qaoa,9,1013.39,inf,3622063.575278039,inf,inf,inf,2.368646400000216,0,,
fixed_budget,pdp_100,lr104,1,52,3,256,efficient_su2,9,1013.39,inf,3501598.295316915,inf,inf,inf,2.4346380999995745,0,,
fixed_budget,pdp_100,lr104,1,52,3,256,hybrid_alns,9,1013.39,inf,3790745.417365117,inf,inf,inf,2.337366799998563,0,,
time_to_target,pdp_100,lr104,1,,3,256,ropke_distance_fixed_k,,,,,,,,,,0.044217099999514176,0
time_to_target,pdp_100,lr104,1,,3,256,qaoa,,,,,,,,,,0.05448190000061004,0
time_to_target,pdp_100,lr104,1,,3,256,efficient_su2,,,,,,,,,,0.05377020000014454,0
time_to_target,pdp_100,lr104,1,,3,256,hybrid_alns,,,,,,,,,,0.05249579999872367,0
fixed_budget,pdp_100,lr105,1,53,3,256,ropke_distance_fixed_k,14,1377.11,inf,1120926.819962448,inf,inf,inf,1.6021916999998211,0,,
fixed_budget,pdp_100,lr105,1,53,3,256,qaoa,14,1377.11,inf,1232221.1856514919,inf,inf,inf,1.5853843000004417,0,,
fixed_budget,pdp_100,lr105,1,53,3,256,efficient_su2,14,1377.11,inf,1120926.819962448,inf,inf,inf,1.6355602000003273,0,,
fixed_budget,pdp_100,lr105,1,53,3,256,hybrid_alns,14,1377.11,inf,1034720.0228227847,inf,inf,inf,1.5646618999999191,0,,
time_to_target,pdp_100,lr105,1,,3,256,ropke_distance_fixed_k,,,,,,,,,,0.026314799999454408,0
time_to_target,pdp_100,lr105,1,,3,256,qaoa,,,,,,,,,,0.038093600000138395,0
time_to_target,pdp_100,lr105,1,,3,256,efficient_su2,,,,,,,,,,0.025562700000591576,0
time_to_target,pdp_100,lr105,1,,3,256,hybrid_alns,,,,,,,,,,0.026499200001126155,0
fixed_budget,pdp_100,lr106,1,52,3,256,ropke_distance_fixed_k,12,1252.62,inf,1670721.5145847304,inf,inf,inf,1.77427119999993,0,,
fixed_budget,pdp_100,lr106,1,52,3,256,qaoa,12,1252.62,inf,1801939.732646955,inf,inf,inf,1.7920314999992115,0,,
fixed_budget,pdp_100,lr106,1,52,3,256,efficient_su2,12,1252.62,inf,1821202.4196338663,inf,inf,inf,1.7858931999999186,0,,
fixed_budget,pdp_100,lr106,1,52,3,256,hybrid_alns,12,1252.62,inf,1891732.29273962,inf,inf,inf,1.7027407999994466,0,,
time_to_target,pdp_100,lr106,1,,3,256,ropke_distance_fixed_k,,,,,,,,,,0.030313199999000062,0
time_to_target,pdp_100,lr106,1,,3,256,qaoa,,,,,,,,,,0.03139949999967939,0
time_to_target,pdp_100,lr106,1,,3,256,efficient_su2,,,,,,,,,,0.029629900000145426,0
time_to_target,pdp_100,lr106,1,,3,256,hybrid_alns,,,,,,,,,,0.030370200000106706,0
fixed_budget,pdp_100,lr107,1,52,3,256,ropke_distance_fixed_k,10,1111.31,inf,2155637.2248591958,inf,inf,inf,2.0665509999998903,0,,
fixed_budget,pdp_100,lr107,1,52,3,256,qaoa,10,1111.31,inf,2602278.7451885263,inf,inf,inf,2.141386400000556,0,,
fixed_budget,pdp_100,lr107,1,52,3,256,efficient_su2,10,1111.31,inf,2603653.3970015473,inf,inf,inf,2.229731299999912,0,,
fixed_budget,pdp_100,lr107,1,52,3,256,hybrid_alns,10,1111.31,inf,2667134.0525366534,inf,inf,inf,2.2117751999994653,0,,
time_to_target,pdp_100,lr107,1,,3,256,ropke_distance_fixed_k,,,,,,,,,,0.037844500000574044,0
time_to_target,pdp_100,lr107,1,,3,256,qaoa,,,,,,,,,,0.03854499999943073,0
time_to_target,pdp_100,lr107,1,,3,256,efficient_su2,,,,,,,,,,0.05046960000072431,0
time_to_target,pdp_100,lr107,1,,3,256,hybrid_alns,,,,,,,,,,0.039578800000526826,0
fixed_budget,pdp_100,lr108,1,50,3,256,ropke_distance_fixed_k,9,968.97,inf,6279260.52487598,inf,inf,inf,2.031557399999656,0,,
fixed_budget,pdp_100,lr108,1,50,3,256,qaoa,9,968.97,inf,5679257.732153566,inf,inf,inf,2.0782641999994667,0,,
fixed_budget,pdp_100,lr108,1,50,3,256,efficient_su2,9,968.97,inf,5704555.1117162015,inf,inf,inf,2.161148000001049,0,,
fixed_budget,pdp_100,lr108,1,50,3,256,hybrid_alns,9,968.97,inf,5879146.025891439,inf,inf,inf,2.0602003000003606,0,,
time_to_target,pdp_100,lr108,1,,3,256,ropke_distance_fixed_k,,,,,,,,,,0.03919150000001537,0
time_to_target,pdp_100,lr108,1,,3,256,qaoa,,,,,,,,,,0.03983940000034636,0
time_to_target,pdp_100,lr108,1,,3,256,efficient_su2,,,,,,,,,,0.04814550000082818,0
time_to_target,pdp_100,lr108,1,,3,256,hybrid_alns,,,,,,,,,,0.04026789999988978,0
fixed_budget,pdp_100,lr109,1,53,3,256,ropke_distance_fixed_k,11,1208.96,inf,2720686.2558292793,inf,inf,inf,2.019612699999925,0,,
fixed_budget,pdp_100,lr109,1,53,3,256,qaoa,11,1208.96,inf,2720686.2558292793,inf,inf,inf,1.952286699999604,0,,
fixed_budget,pdp_100,lr109,1,53,3,256,efficient_su2,11,1208.96,inf,2720686.2558292793,inf,inf,inf,1.9930098000004364,0,,
fixed_budget,pdp_100,lr109,1,53,3,256,hybrid_alns,11,1208.96,inf,2714948.0565487947,inf,inf,inf,1.9990292000002228,0,,
time_to_target,pdp_100,lr109,1,,3,256,ropke_distance_fixed_k,,,,,,,,,,0.045497199998862925,0
time_to_target,pdp_100,lr109,1,,3,256,qaoa,,,,,,,,,,0.03737589999946067,0
time_to_target,pdp_100,lr109,1,,3,256,efficient_su2,,,,,,,,,,0.036288500001319335,0
time_to_target,pdp_100,lr109,1,,3,256,hybrid_alns,,,,,,,,,,0.04597280000052706,0
fixed_budget,pdp_100,lr110,1,52,3,256,ropke_distance_fixed_k,10,1159.35,inf,6261637.554660496,inf,inf,inf,2.010867799999687,0,,
fixed_budget,pdp_100,lr110,1,52,3,256,qaoa,10,1159.35,inf,6261637.554660496,inf,inf,inf,2.132995399999345,0,,
fixed_budget,pdp_100,lr110,1,52,3,256,efficient_su2,10,1159.35,inf,5877592.870294392,inf,inf,inf,2.0573910000002797,0,,
fixed_budget,pdp_100,lr110,1,52,3,256,hybrid_alns,10,1159.35,inf,6261637.554660496,inf,inf,inf,2.117669700000988,0,,
time_to_target,pdp_100,lr110,1,,3,256,ropke_distance_fixed_k,,,,,,,,,,0.04070250000040687,0
time_to_target,pdp_100,lr110,1,,3,256,qaoa,,,,,,,,,,0.04903860000013083,0
time_to_target,pdp_100,lr110,1,,3,256,efficient_su2,,,,,,,,,,0.03940150000016729,0
time_to_target,pdp_100,lr110,1,,3,256,hybrid_alns,,,,,,,,,,0.048651700000846176,0
fixed_budget,pdp_100,lr111,1,54,3,256,ropke_distance_fixed_k,10,1108.9,inf,4812311.253781174,inf,inf,inf,2.3645641000002797,0,,
fixed_budget,pdp_100,lr111,1,54,3,256,qaoa,10,1108.9,inf,4980333.626539378,inf,inf,inf,2.408804599999712,0,,
fixed_budget,pdp_100,lr111,1,54,3,256,efficient_su2,10,1108.9,inf,5005436.823991325,inf,inf,inf,2.4394463000007818,0,,
fixed_budget,pdp_100,lr111,1,54,3,256,hybrid_alns,10,1108.9,inf,4946736.584025473,inf,inf,inf,2.3969546999996965,0,,
time_to_target,pdp_100,lr111,1,,3,256,ropke_distance_fixed_k,,,,,,,,,,0.04418179999993299,0
time_to_target,pdp_100,lr111,1,,3,256,qaoa,,,,,,,,,,0.0448763999993389,0
time_to_target,pdp_100,lr111,1,,3,256,efficient_su2,,,,,,,,,,0.04384600000048522,0
time_to_target,pdp_100,lr111,1,,3,256,hybrid_alns,,,,,,,,,,0.05747469999914756,0
fixed_budget,pdp_100,lr112,1,53,3,256,ropke_distance_fixed_k,9,1003.77,inf,8502124.420122396,inf,inf,inf,2.358272000001307,0,,
fixed_budget,pdp_100,lr112,1,53,3,256,qaoa,9,1003.77,inf,8750317.832524102,inf,inf,inf,2.410705100000996,0,,
fixed_budget,pdp_100,lr112,1,53,3,256,efficient_su2,9,1003.77,inf,7977931.779046997,inf,inf,inf,2.4817931999987195,0,,
fixed_budget,pdp_100,lr112,1,53,3,256,hybrid_alns,9,1003.77,inf,8316633.613439112,inf,inf,inf,2.39765670000088,0,,
time_to_target,pdp_100,lr112,1,,3,256,ropke_distance_fixed_k,,,,,,,,,,0.05459800000062387,0
time_to_target,pdp_100,lr112,1,,3,256,qaoa,,,,,,,,,,0.04504260000067006,0
time_to_target,pdp_100,lr112,1,,3,256,efficient_su2,,,,,,,,,,0.0454091999999946,0
time_to_target,pdp_100,lr112,1,,3,256,hybrid_alns,,,,,,,,,,0.043994400000883616,0
fixed_budget,pdp_100,lr201,1,51,3,256,ropke_distance_fixed_k,4,1253.23,inf,1144011.8861614903,inf,inf,inf,6.868298699999286,0,,
fixed_budget,pdp_100,lr201,1,51,3,256,qaoa,4,1253.23,inf,962297.149079373,inf,inf,inf,7.054655500000081,0,,
fixed_budget,pdp_100,lr201,1,51,3,256,efficient_su2,4,1253.23,inf,984200.4225555111,inf,inf,inf,6.833663499999602,0,,
fixed_budget,pdp_100,lr201,1,51,3,256,hybrid_alns,4,1253.23,inf,867809.102780519,inf,inf,inf,6.744827200000145,0,,
time_to_target,pdp_100,lr201,1,,3,256,ropke_distance_fixed_k,,,,,,,,,,0.15273010000055365,0
time_to_target,pdp_100,lr201,1,,3,256,qaoa,,,,,,,,,,0.1342640000002575,0
time_to_target,pdp_100,lr201,1,,3,256,efficient_su2,,,,,,,,,,0.13220369999908144,0
time_to_target,pdp_100,lr201,1,,3,256,hybrid_alns,,,,,,,,,,0.12804260000120848,0
fixed_budget,pdp_100,lr202,1,50,3,256,ropke_distance_fixed_k,3,1197.67,inf,3475377.6043035453,inf,inf,inf,10.226852199999485,0,,
fixed_budget,pdp_100,lr202,1,50,3,256,qaoa,3,1197.67,inf,3475377.6043035453,inf,inf,inf,10.231836099999782,0,,
fixed_budget,pdp_100,lr202,1,50,3,256,efficient_su2,3,1197.67,inf,3475377.6043035453,inf,inf,inf,10.082554900000105,0,,
fixed_budget,pdp_100,lr202,1,50,3,256,hybrid_alns,3,1197.67,inf,3559056.149560586,inf,inf,inf,10.165550600000643,0,,
time_to_target,pdp_100,lr202,1,,3,256,ropke_distance_fixed_k,,,,,,,,,,0.21154980000028445,0
time_to_target,pdp_100,lr202,1,,3,256,qaoa,,,,,,,,,,0.2075979000001098,0
time_to_target,pdp_100,lr202,1,,3,256,efficient_su2,,,,,,,,,,0.2317416999994748,0
time_to_target,pdp_100,lr202,1,,3,256,hybrid_alns,,,,,,,,,,0.20195430000057968,0
fixed_budget,pdp_100,lr203,1,51,3,256,ropke_distance_fixed_k,3,949.4,inf,292170.148752124,inf,inf,inf,10.866457000000082,0,,
fixed_budget,pdp_100,lr203,1,51,3,256,qaoa,3,949.4,inf,424060.1791744919,inf,inf,inf,11.035972699999547,0,,
fixed_budget,pdp_100,lr203,1,51,3,256,efficient_su2,3,949.4,inf,124120.22170084262,inf,inf,inf,10.786883599999783,0,,
fixed_budget,pdp_100,lr203,1,51,3,256,hybrid_alns,3,949.4,inf,376394.7529855861,inf,inf,inf,10.996040399999401,0,,
time_to_target,pdp_100,lr203,1,,3,256,ropke_distance_fixed_k,,,,,,,,,,0.20330990000002203,0
time_to_target,pdp_100,lr203,1,,3,256,qaoa,,,,,,,,,,0.2080378999999084,0
time_to_target,pdp_100,lr203,1,,3,256,efficient_su2,,,,,,,,,,0.2030015000000276,0
time_to_target,pdp_100,lr203,1,,3,256,hybrid_alns,,,,,,,,,,0.2073847999999998,0
fixed_budget,pdp_100,lr204,1,50,3,256,ropke_distance_fixed_k,2,849.05,inf,10335835.374757348,inf,inf,inf,20.86120740000115,0,,
fixed_budget,pdp_100,lr204,1,50,3,256,qaoa,2,849.05,inf,11174644.391310642,inf,inf,inf,20.728822299999592,0,,
fixed_budget,pdp_100,lr204,1,50,3,256,efficient_su2,2,849.05,inf,10620186.219795847,inf,inf,inf,20.633588900000177,0,,
fixed_budget,pdp_100,lr204,1,50,3,256,hybrid_alns,2,849.05,inf,11155257.135651883,inf,inf,inf,20.918055000000095,0,,
time_to_target,pdp_100,lr204,1,,3,256,ropke_distance_fixed_k,,,,,,,,,,0.4124745000008261,0
time_to_target,pdp_100,lr204,1,,3,256,qaoa,,,,,,,,,,0.45571860000018205,0
time_to_target,pdp_100,lr204,1,,3,256,efficient_su2,,,,,,,,,,0.4098570000005566,0
time_to_target,pdp_100,lr204,1,,3,256,hybrid_alns,,,,,,,,,,0.41243389999908686,0
fixed_budget,pdp_100,lr205,1,51,3,256,ropke_distance_fixed_k,3,1054.02,inf,6887558.787942797,inf,inf,inf,10.460130100000242,0,,
fixed_budget,pdp_100,lr205,1,51,3,256,qaoa,3,1054.02,inf,7102775.427674515,inf,inf,inf,10.63287500000115,0,,
fixed_budget,pdp_100,lr205,1,51,3,256,efficient_su2,3,1054.02,inf,4314921.334232713,inf,inf,inf,10.71605069999896,0,,
fixed_budget,pdp_100,lr205,1,51,3,256,hybrid_alns,3,1054.02,inf,6654297.025077084,inf,inf,inf,10.642719600000419,0,,
time_to_target,pdp_100,lr205,1,,3,256,ropke_distance_fixed_k,,,,,,,,,,0.20300769999994372,0
time_to_target,pdp_100,lr205,1,,3,256,qaoa,,,,,,,,,,0.23013130000072124,0
time_to_target,pdp_100,lr205,1,,3,256,efficient_su2,,,,,,,,,,0.2076283999995212,0
time_to_target,pdp_100,lr205,1,,3,256,hybrid_alns,,,,,,,,,,0.21231910000096832,0
fixed_budget,pdp_100,lr206,1,50,3,256,ropke_distance_fixed_k,3,931.63,inf,1716902.1471166946,inf,inf,inf,10.475366600001507,0,,
fixed_budget,pdp_100,lr206,1,50,3,256,qaoa,3,931.63,inf,1500963.881364234,inf,inf,inf,10.228322800001479,0,,
fixed_budget,pdp_100,lr206,1,50,3,256,efficient_su2,3,931.63,inf,1716902.1471166946,inf,inf,inf,10.209933799998907,0,,
fixed_budget,pdp_100,lr206,1,50,3,256,hybrid_alns,3,931.63,inf,1666010.3049795204,inf,inf,inf,10.082814100000178,0,,
time_to_target,pdp_100,lr206,1,,3,256,ropke_distance_fixed_k,,,,,,,,,,0.20576990000154183,0
time_to_target,pdp_100,lr206,1,,3,256,qaoa,,,,,,,,,,0.20096840000041993,0
time_to_target,pdp_100,lr206,1,,3,256,efficient_su2,,,,,,,,,,0.20698459999948682,0
time_to_target,pdp_100,lr206,1,,3,256,hybrid_alns,,,,,,,,,,0.21320589999959338,0
fixed_budget,pdp_100,lr207,1,51,3,256,ropke_distance_fixed_k,2,903.06,inf,17876172.02120413,inf,inf,inf,22.735973200000444,0,,
fixed_budget,pdp_100,lr207,1,51,3,256,qaoa,2,903.06,inf,15544034.691369629,inf,inf,inf,22.029482799998732,0,,
fixed_budget,pdp_100,lr207,1,51,3,256,efficient_su2,2,903.06,inf,14464072.977231255,inf,inf,inf,22.46167989999958,0,,
fixed_budget,pdp_100,lr207,1,51,3,256,hybrid_alns,2,903.06,inf,13076301.586662691,inf,inf,inf,21.848967800000537,0,,
time_to_target,pdp_100,lr207,1,,3,256,ropke_distance_fixed_k,,,,,,,,,,0.4615623999998206,0
time_to_target,pdp_100,lr207,1,,3,256,qaoa,,,,,,,,,,0.4433982999998989,0
time_to_target,pdp_100,lr207,1,,3,256,efficient_su2,,,,,,,,,,0.42837539999891305,0
time_to_target,pdp_100,lr207,1,,3,256,hybrid_alns,,,,,,,,,,0.434877100000449,0
fixed_budget,pdp_100,lr208,1,50,3,256,ropke_distance_fixed_k,2,734.85,inf,3625703.059517868,inf,inf,inf,20.914504899999883,0,,
fixed_budget,pdp_100,lr208,1,50,3,256,qaoa,2,734.85,inf,3685747.8794360016,inf,inf,inf,20.615874400000394,0,,
fixed_budget,pdp_100,lr208,1,50,3,256,efficient_su2,2,734.85,inf,3854015.648535782,inf,inf,inf,20.749665999999706,0,,
fixed_budget,pdp_100,lr208,1,50,3,256,hybrid_alns,2,734.85,inf,3975839.2178524444,inf,inf,inf,20.551090599999952,0,,
time_to_target,pdp_100,lr208,1,,3,256,ropke_distance_fixed_k,,,,,,,,,,0.3989454000002297,0
time_to_target,pdp_100,lr208,1,,3,256,qaoa,,,,,,,,,,0.4128680000012537,0
time_to_target,pdp_100,lr208,1,,3,256,efficient_su2,,,,,,,,,,0.3996260000003531,0
time_to_target,pdp_100,lr208,1,,3,256,hybrid_alns,,,,,,,,,,0.4265101999990293,0
fixed_budget,pdp_100,lr209,1,51,3,256,ropke_distance_fixed_k,3,930.59,inf,2600943.8253226555,inf,inf,inf,10.759870500000034,0,,
fixed_budget,pdp_100,lr209,1,51,3,256,qaoa,3,930.59,inf,3395626.1909263274,inf,inf,inf,10.69333270000061,0,,
fixed_budget,pdp_100,lr209,1,51,3,256,efficient_su2,3,930.59,inf,3229653.0670080194,inf,inf,inf,11.009471100000155,0,,
fixed_budget,pdp_100,lr209,1,51,3,256,hybrid_alns,3,930.59,inf,4310685.14705821,inf,inf,inf,10.882206800000858,0,,
time_to_target,pdp_100,lr209,1,,3,256,ropke_distance_fixed_k,,,,,,,,,,0.22228379999978642,0
time_to_target,pdp_100,lr209,1,,3,256,qaoa,,,,,,,,,,0.20304100000066683,0
time_to_target,pdp_100,lr209,1,,3,256,efficient_su2,,,,,,,,,,0.20595789999970293,0
time_to_target,pdp_100,lr209,1,,3,256,hybrid_alns,,,,,,,,,,0.2279515000009269,0
fixed_budget,pdp_100,lr210,1,51,3,256,ropke_distance_fixed_k,3,964.22,inf,145253.35171596345,inf,inf,inf,10.993602499998815,0,,
fixed_budget,pdp_100,lr210,1,51,3,256,qaoa,3,964.22,inf,260410.8122736809,inf,inf,inf,10.74162299999989,0,,
fixed_budget,pdp_100,lr210,1,51,3,256,efficient_su2,3,964.22,inf,260410.8122736809,inf,inf,inf,11.119556600000578,0,,
fixed_budget,pdp_100,lr210,1,51,3,256,hybrid_alns,3,964.22,inf,257382.77384946763,inf,inf,inf,11.262292399998842,0,,
time_to_target,pdp_100,lr210,1,,3,256,ropke_distance_fixed_k,,,,,,,,,,0.21380820000013046,0
time_to_target,pdp_100,lr210,1,,3,256,qaoa,,,,,,,,,,0.20640970000022207,0
time_to_target,pdp_100,lr210,1,,3,256,efficient_su2,,,,,,,,,,0.20637650000026042,0
time_to_target,pdp_100,lr210,1,,3,256,hybrid_alns,,,,,,,,,,0.2043816000004881,0
fixed_budget,pdp_100,lr211,1,50,3,256,ropke_distance_fixed_k,2,911.52,inf,18928082.163648814,inf,inf,inf,21.113239500000418,0,,
fixed_budget,pdp_100,lr211,1,50,3,256,qaoa,2,911.52,inf,17888252.557484843,inf,inf,inf,21.228776500000095,0,,
fixed_budget,pdp_100,lr211,1,50,3,256,efficient_su2,2,911.52,inf,21842796.18012924,inf,inf,inf,20.755044000001362,0,,
fixed_budget,pdp_100,lr211,1,50,3,256,hybrid_alns,2,911.52,inf,16142093.087410327,inf,inf,inf,21.069622700000764,0,,
time_to_target,pdp_100,lr211,1,,3,256,ropke_distance_fixed_k,,,,,,,,,,0.4033939000000828,0
time_to_target,pdp_100,lr211,1,,3,256,qaoa,,,,,,,,,,0.4035018999984459,0
time_to_target,pdp_100,lr211,1,,3,256,efficient_su2,,,,,,,,,,0.41227299999991374,0
time_to_target,pdp_100,lr211,1,,3,256,hybrid_alns,,,,,,,,,,0.45701220000046305,0
fixed_budget,pdp_100,lrc101,1,53,3,256,ropke_distance_fixed_k,14,1708.8,inf,2521407.0961101423,inf,inf,inf,1.67476920000081,0,,
fixed_budget,pdp_100,lrc101,1,53,3,256,qaoa,14,1708.8,inf,2314257.084337861,inf,inf,inf,1.6376489999984187,0,,
fixed_budget,pdp_100,lrc101,1,53,3,256,efficient_su2,14,1708.8,inf,2682593.527675667,inf,inf,inf,1.7167654999993829,0,,
fixed_budget,pdp_100,lrc101,1,53,3,256,hybrid_alns,14,1708.8,inf,2618833.555690561,inf,inf,inf,1.6915165000009438,0,,
time_to_target,pdp_100,lrc101,1,,3,256,ropke_distance_fixed_k,,,,,,,,,,0.02744650000022375,0
time_to_target,pdp_100,lrc101,1,,3,256,qaoa,,,,,,,,,,0.03936739999880956,0
time_to_target,pdp_100,lrc101,1,,3,256,efficient_su2,,,,,,,,,,0.04660249999869848,0
time_to_target,pdp_100,lrc101,1,,3,256,hybrid_alns,,,,,,,,,,0.03830350000134786,0
fixed_budget,pdp_100,lrc102,1,53,3,256,ropke_distance_fixed_k,12,1558.07,inf,2847172.4045611387,inf,inf,inf,1.8670731999991403,0,,
fixed_budget,pdp_100,lrc102,1,53,3,256,qaoa,12,1558.07,inf,2879184.9099457418,inf,inf,inf,1.7908182999999553,0,,
fixed_budget,pdp_100,lrc102,1,53,3,256,efficient_su2,12,1558.07,inf,2879184.9099457418,inf,inf,inf,1.785549500000343,0,,
fixed_budget,pdp_100,lrc102,1,53,3,256,hybrid_alns,12,1558.07,inf,2879184.9099457418,inf,inf,inf,1.863239499998599,0,,
time_to_target,pdp_100,lrc102,1,,3,256,ropke_distance_fixed_k,,,,,,,,,,0.031085900000107358,0
time_to_target,pdp_100,lrc102,1,,3,256,qaoa,,,,,,,,,,0.043730899998990935,0
time_to_target,pdp_100,lrc102,1,,3,256,efficient_su2,,,,,,,,,,0.03173389999938081,0
time_to_target,pdp_100,lrc102,1,,3,256,hybrid_alns,,,,,,,,,,0.03125939999881666,0
fixed_budget,pdp_100,lrc103,1,53,3,256,ropke_distance_fixed_k,11,1258.74,inf,1643796.3677759212,inf,inf,inf,2.0768437999995513,0,,
fixed_budget,pdp_100,lrc103,1,53,3,256,qaoa,11,1258.74,inf,1643796.3677759212,inf,inf,inf,2.076028999999835,0,,
fixed_budget,pdp_100,lrc103,1,53,3,256,efficient_su2,11,1258.74,inf,1621795.3891525103,inf,inf,inf,2.224658699999054,0,,
fixed_budget,pdp_100,lrc103,1,53,3,256,hybrid_alns,11,1258.74,inf,1643796.3677759212,inf,inf,inf,2.0617979999988165,0,,
time_to_target,pdp_100,lrc103,1,,3,256,ropke_distance_fixed_k,,,,,,,,,,0.039695400000709924,0
time_to_target,pdp_100,lrc103,1,,3,256,qaoa,,,,,,,,,,0.05065939999985858,0
time_to_target,pdp_100,lrc103,1,,3,256,efficient_su2,,,,,,,,,,0.03815039999972214,0
time_to_target,pdp_100,lrc103,1,,3,256,hybrid_alns,,,,,,,,,,0.03799619999881543,0
fixed_budget,pdp_100,lrc104,1,54,3,256,ropke_distance_fixed_k,10,1128.4,inf,4131090.0924280304,inf,inf,inf,2.2734175000005052,0,,
fixed_budget,pdp_100,lrc104,1,54,3,256,qaoa,10,1128.4,inf,4451811.680331322,inf,inf,inf,2.164385999998558,0,,
fixed_budget,pdp_100,lrc104,1,54,3,256,efficient_su2,10,1128.4,inf,4430742.595570512,inf,inf,inf,2.2456086999991385,0,,
fixed_budget,pdp_100,lrc104,1,54,3,256,hybrid_alns,10,1128.4,inf,4327514.263563661,inf,inf,inf,2.380032500001107,0,,
time_to_target,pdp_100,lrc104,1,,3,256,ropke_distance_fixed_k,,,,,,,,,,0.03893720000087342,0
time_to_target,pdp_100,lrc104,1,,3,256,qaoa,,,,,,,,,,0.04192169999987527,0
time_to_target,pdp_100,lrc104,1,,3,256,efficient_su2,,,,,,,,,,0.052218799999536714,0
time_to_target,pdp_100,lrc104,1,,3,256,hybrid_alns,,,,,,,,,,0.05129529999976512,0
fixed_budget,pdp_100,lrc105,1,54,3,256,ropke_distance_fixed_k,13,1637.62,inf,2415696.313654856,inf,inf,inf,1.7508927999988373,0,,
fixed_budget,pdp_100,lrc105,1,54,3,256,qaoa,13,1637.62,inf,2415696.313654856,inf,inf,inf,1.9110129000000597,0,,
fixed_budget,pdp_100,lrc105,1,54,3,256,efficient_su2,13,1637.62,inf,2415696.313654856,inf,inf,inf,1.8410441999985778,0,,
fixed_budget,pdp_100,lrc105,1,54,3,256,hybrid_alns,13,1637.62,inf,2252424.120170729,inf,inf,inf,1.7621402999993734,0,,
time_to_target,pdp_100,lrc105,1,,3,256,ropke_distance_fixed_k,,,,,,,,,,0.02942859999893699,0
time_to_target,pdp_100,lrc105,1,,3,256,qaoa,,,,,,,,,,0.03275199999916367,0
time_to_target,pdp_100,lrc105,1,,3,256,efficient_su2,,,,,,,,,,0.03093539999827044,0
time_to_target,pdp_100,lrc105,1,,3,256,hybrid_alns,,,,,,,,,,0.04394320000028529,0
fixed_budget,pdp_100,lrc106,1,53,3,256,ropke_distance_fixed_k,11,1424.73,inf,5578423.914481998,inf,inf,inf,2.046146699998644,0,,
fixed_budget,pdp_100,lrc106,1,53,3,256,qaoa,11,1424.73,inf,6056368.381648546,inf,inf,inf,2.1084594999992987,0,,
fixed_budget,pdp_100,lrc106,1,53,3,256,efficient_su2,11,1424.73,inf,4973156.3616457125,inf,inf,inf,2.041607999999542,0,,
fixed_budget,pdp_100,lrc106,1,53,3,256,hybrid_alns,11,1424.73,inf,6455644.189951088,inf,inf,inf,2.0341173999986495,0,,
time_to_target,pdp_100,lrc106,1,,3,256,ropke_distance_fixed_k,,,,,,,,,,0.036235300000043935,0
time_to_target,pdp_100,lrc106,1,,3,256,qaoa,,,,,,,,,,0.03595130000030622,0
time_to_target,pdp_100,lrc106,1,,3,256,efficient_su2,,,,,,,,,,0.03774460000022373,0
time_to_target,pdp_100,lrc106,1,,3,256,hybrid_alns,,,,,,,,,,0.03397439999935159,0
fixed_budget,pdp_100,lrc107,1,53,3,256,ropke_distance_fixed_k,11,1230.14,inf,4027432.029378685,inf,inf,inf,1.8749238000000332,0,,
fixed_budget,pdp_100,lrc107,1,53,3,256,qaoa,11,1230.14,inf,4789794.024138256,inf,inf,inf,1.9204537000005075,0,,
fixed_budget,pdp_100,lrc107,1,53,3,256,efficient_su2,11,1230.14,inf,4030478.7670326363,inf,inf,inf,1.9812985999997181,0,,
fixed_budget,pdp_100,lrc107,1,53,3,256,hybrid_alns,11,1230.14,inf,4584222.919463503,inf,inf,inf,2.223736400001144,0,,
time_to_target,pdp_100,lrc107,1,,3,256,ropke_distance_fixed_k,,,,,,,,,,0.03637650000018766,0
time_to_target,pdp_100,lrc107,1,,3,256,qaoa,,,,,,,,,,0.03432009999960428,0
time_to_target,pdp_100,lrc107,1,,3,256,efficient_su2,,,,,,,,,,0.033927200000107405,0
time_to_target,pdp_100,lrc107,1,,3,256,hybrid_alns,,,,,,,,,,0.033951500001421664,0
fixed_budget,pdp_100,lrc108,1,52,3,256,ropke_distance_fixed_k,10,1147.43,inf,5681702.64462417,inf,inf,inf,2.0472929000006843,0,,
fixed_budget,pdp_100,lrc108,1,52,3,256,qaoa,10,1147.43,inf,4926993.121424107,inf,inf,inf,2.1204030999997485,0,,
fixed_budget,pdp_100,lrc108,1,52,3,256,efficient_su2,10,1147.43,inf,4612900.493043404,inf,inf,inf,2.0555507999997644,0,,
fixed_budget,pdp_100,lrc108,1,52,3,256,hybrid_alns,10,1147.43,inf,4765993.456250737,inf,inf,inf,1.9886757999993279,0,,
time_to_target,pdp_100,lrc108,1,,3,256,ropke_distance_fixed_k,,,,,,,,,,0.03957520000039949,0
time_to_target,pdp_100,lrc108,1,,3,256,qaoa,,,,,,,,,,0.03982510000059847,0
time_to_target,pdp_100,lrc108,1,,3,256,efficient_su2,,,,,,,,,,0.03823730000112846,0
time_to_target,pdp_100,lrc108,1,,3,256,hybrid_alns,,,,,,,,,,0.037718899999163114,0
fixed_budget,pdp_100,lrc201,1,51,3,256,ropke_distance_fixed_k,4,1406.94,inf,6505171.700108712,inf,inf,inf,6.696123099998658,0,,
fixed_budget,pdp_100,lrc201,1,51,3,256,qaoa,4,1406.94,inf,6685411.377674431,inf,inf,inf,6.96267059999991,0,,
fixed_budget,pdp_100,lrc201,1,51,3,256,efficient_su2,4,1406.94,inf,2622174.546169356,inf,inf,inf,6.7526228000006085,0,,
fixed_budget,pdp_100,lrc201,1,51,3,256,hybrid_alns,4,1406.94,inf,4995972.367308268,inf,inf,inf,7.034344699999565,0,,
time_to_target,pdp_100,lrc201,1,,3,256,ropke_distance_fixed_k,,,,,,,,,,0.1372360999994271,0
time_to_target,pdp_100,lrc201,1,,3,256,qaoa,,,,,,,,,,0.13110760000017763,0
time_to_target,pdp_100,lrc201,1,,3,256,efficient_su2,,,,,,,,,,0.13697529999990365,0
time_to_target,pdp_100,lrc201,1,,3,256,hybrid_alns,,,,,,,,,,0.13256039999942004,0
fixed_budget,pdp_100,lrc202,1,51,3,256,ropke_distance_fixed_k,3,1374.27,inf,12474600.249944009,inf,inf,inf,10.843471000000136,0,,
fixed_budget,pdp_100,lrc202,1,51,3,256,qaoa,3,1374.27,inf,11619288.599163245,inf,inf,inf,10.776037999999971,0,,
fixed_budget,pdp_100,lrc202,1,51,3,256,efficient_su2,3,1374.27,inf,12227267.68478458,inf,inf,inf,11.203395900000032,0,,
fixed_budget,pdp_100,lrc202,1,51,3,256,hybrid_alns,3,1374.27,inf,12327385.735330716,inf,inf,inf,10.911148000001049,0,,
time_to_target,pdp_100,lrc202,1,,3,256,ropke_distance_fixed_k,,,,,,,,,,0.2063586000003852,0
time_to_target,pdp_100,lrc202,1,,3,256,qaoa,,,,,,,,,,0.21795829999973648,0
time_to_target,pdp_100,lrc202,1,,3,256,efficient_su2,,,,,,,,,,0.2084601999995357,0
time_to_target,pdp_100,lrc202,1,,3,256,hybrid_alns,,,,,,,,,,0.20785969999997178,0
fixed_budget,pdp_100,lrc203,1,51,3,256,ropke_distance_fixed_k,3,1089.07,inf,1759145.3129545143,inf,inf,inf,11.047855099999651,0,,
fixed_budget,pdp_100,lrc203,1,51,3,256,qaoa,3,1089.07,inf,1727615.151987969,inf,inf,inf,11.08322009999938,0,,
fixed_budget,pdp_100,lrc203,1,51,3,256,efficient_su2,3,1089.07,inf,2301707.8867663527,inf,inf,inf,10.971337899998616,0,,
fixed_budget,pdp_100,lrc203,1,51,3,256,hybrid_alns,3,1089.07,inf,2301707.8867663527,inf,inf,inf,11.185145999999804,0,,
time_to_target,pdp_100,lrc203,1,,3,256,ropke_distance_fixed_k,,,,,,,,,,0.22613709999859566,0
time_to_target,pdp_100,lrc203,1,,3,256,qaoa,,,,,,,,,,0.20507659999930183,0
time_to_target,pdp_100,lrc203,1,,3,256,efficient_su2,,,,,,,,,,0.23322509999889007,0
time_to_target,pdp_100,lrc203,1,,3,256,hybrid_alns,,,,,,,,,,0.2050901000002341,0
fixed_budget,pdp_100,lrc204,1,51,3,256,ropke_distance_fixed_k,3,818.66,1756.9870767856614,1756.9870767856614,1756.9870767856614,0.0,1.146174329740871,11.470849199999066,1,,
fixed_budget,pdp_100,lrc204,1,51,3,256,qaoa,3,818.66,inf,73377.59550370394,1756.9870767856614,inf,inf,11.642666699999609,0,,
fixed_budget,pdp_100,lrc204,1,51,3,256,efficient_su2,3,818.66,inf,73377.59550370394,1756.9870767856614,inf,inf,11.527375900001061,0,,
fixed_budget,pdp_100,lrc204,1,51,3,256,hybrid_alns,3,818.66,inf,4134.157043404059,1756.9870767856614,inf,inf,11.444849200001045,0,,
time_to_target,pdp_100,lrc204,1,,3,256,ropke_distance_fixed_k,,,,,,,,,,10.797426199998881,46
time_to_target,pdp_100,lrc204,1,,3,256,qaoa,,,,,,,,,,inf,inf
time_to_target,pdp_100,lrc204,1,,3,256,efficient_su2,,,,,,,,,,inf,inf
time_to_target,pdp_100,lrc204,1,,3,256,hybrid_alns,,,,,,,,,,inf,inf
fixed_budget,pdp_100,lrc205,1,51,3,256,ropke_distance_fixed_k,4,1302.2,inf,2589631.865969761,inf,inf,inf,6.813223500001186,0,,
fixed_budget,pdp_100,lrc205,1,51,3,256,qaoa,4,1302.2,inf,3420327.129647418,inf,inf,inf,6.984394400000383,0,,
fixed_budget,pdp_100,lrc205,1,51,3,256,efficient_su2,4,1302.2,inf,3244323.196040827,inf,inf,inf,7.172167400000035,0,,
fixed_budget,pdp_100,lrc205,1,51,3,256,hybrid_alns,4,1302.2,inf,3413278.491272671,inf,inf,inf,7.104591299999811,0,,
time_to_target,pdp_100,lrc205,1,,3,256,ropke_distance_fixed_k,,,,,,,,,,0.13380300000062562,0
time_to_target,pdp_100,lrc205,1,,3,256,qaoa,,,,,,,,,,0.12969230000089738,0
time_to_target,pdp_100,lrc205,1,,3,256,efficient_su2,,,,,,,,,,0.1270598000010068,0
time_to_target,pdp_100,lrc205,1,,3,256,hybrid_alns,,,,,,,,,,0.15001399999891873,0
fixed_budget,pdp_100,lrc206,1,51,3,256,ropke_distance_fixed_k,3,1159.03,inf,15066686.79200912,inf,inf,inf,10.947771700000885,0,,
fixed_budget,pdp_100,lrc206,1,51,3,256,qaoa,3,1159.03,inf,14841765.30154751,inf,inf,inf,11.250498000001244,0,,
fixed_budget,pdp_100,lrc206,1,51,3,256,efficient_su2,3,1159.03,inf,15311656.207883704,inf,inf,inf,11.017251699999179,0,,
fixed_budget,pdp_100,lrc206,1,51,3,256,hybrid_alns,3,1159.03,inf,13741332.287308661,inf,inf,inf,10.894579100000556,0,,
time_to_target,pdp_100,lrc206,1,,3,256,ropke_distance_fixed_k,,,,,,,,,,0.24813780000113184,0
time_to_target,pdp_100,lrc206,1,,3,256,qaoa,,,,,,,,,,0.24056020000170975,0
time_to_target,pdp_100,lrc206,1,,3,256,efficient_su2,,,,,,,,,,0.2153149999994639,0
time_to_target,pdp_100,lrc206,1,,3,256,hybrid_alns,,,,,,,,,,0.24606889999995474,0
fixed_budget,pdp_100,lrc207,1,51,3,256,ropke_distance_fixed_k,3,1062.05,inf,9063704.180435808,inf,inf,inf,10.87826270000005,0,,
fixed_budget,pdp_100,lrc207,1,51,3,256,qaoa,3,1062.05,inf,13393857.149623247,inf,inf,inf,10.967002100000173,0,,
fixed_budget,pdp_100,lrc207,1,51,3,256,efficient_su2,3,1062.05,inf,12919673.119642213,inf,inf,inf,11.2013122999997,0,,
fixed_budget,pdp_100,lrc207,1,51,3,256,hybrid_alns,3,1062.05,inf,12476432.158561869,inf,inf,inf,10.723434099998485,0,,
time_to_target,pdp_100,lrc207,1,,3,256,ropke_distance_fixed_k,,,,,,,,,,0.2070875999997952,0
time_to_target,pdp_100,lrc207,1,,3,256,qaoa,,,,,,,,,,0.224126700000852,0
time_to_target,pdp_100,lrc207,1,,3,256,efficient_su2,,,,,,,,,,0.20505899999989197,0
time_to_target,pdp_100,lrc207,1,,3,256,hybrid_alns,,,,,,,,,,0.22878119999950286,0
fixed_budget,pdp_100,lrc208,1,51,3,256,ropke_distance_fixed_k,3,852.76,inf,4097885.426801587,inf,inf,inf,11.305580399999599,0,,
fixed_budget,pdp_100,lrc208,1,51,3,256,qaoa,3,852.76,inf,4270499.590891776,inf,inf,inf,11.100447700000586,0,,
fixed_budget,pdp_100,lrc208,1,51,3,256,efficient_su2,3,852.76,inf,6300718.347345757,inf,inf,inf,11.155620699999417,0,,
fixed_budget,pdp_100,lrc208,1,51,3,256,hybrid_alns,3,852.76,inf,3577088.4218782503,inf,inf,inf,11.3080489999993,0,,
time_to_target,pdp_100,lrc208,1,,3,256,ropke_distance_fixed_k,,,,,,,,,,0.20482339999944088,0
time_to_target,pdp_100,lrc208,1,,3,256,qaoa,,,,,,,,,,0.2142961000008654,0
time_to_target,pdp_100,lrc208,1,,3,256,efficient_su2,,,,,,,,,,0.22204229999988456,0
time_to_target,pdp_100,lrc208,1,,3,256,hybrid_alns,,,,,,,,,,0.21048940000036964,0
fixed_budget,pdp_100,lc101,1,53,4,256,ropke_distance_fixed_k,10,828.94,828.9368669428341,828.9368669428341,828.9368669428341,0.0,-3.7795946220431313e-06,2.82202529999995,1,,
fixed_budget,pdp_100,lc101,1,53,4,256,qaoa,10,828.94,828.9368669428341,828.9368669428341,828.9368669428341,0.0,-3.7795946220431313e-06,2.8796452000005957,1,,
fixed_budget,pdp_100,lc101,1,53,4,256,efficient_su2,10,828.94,828.9368669428341,828.9368669428341,828.9368669428341,0.0,-3.7795946220431313e-06,2.9178770999988046,1,,
fixed_budget,pdp_100,lc101,1,53,4,256,hybrid_alns,10,828.94,828.9368669428341,828.9368669428341,828.9368669428341,0.0,-3.7795946220431313e-06,2.8445142000000487,1,,
time_to_target,pdp_100,lc101,1,,4,256,ropke_distance_fixed_k,,,,,,,,,,0.060127500000817236,0
time_to_target,pdp_100,lc101,1,,4,256,qaoa,,,,,,,,,,0.0499643000002834,0
time_to_target,pdp_100,lc101,1,,4,256,efficient_su2,,,,,,,,,,0.052953899999920395,0
time_to_target,pdp_100,lc101,1,,4,256,hybrid_alns,,,,,,,,,,0.05156650000026275,0
fixed_budget,pdp_100,lc102,1,53,4,256,ropke_distance_fixed_k,10,828.94,inf,6835206.567871202,inf,inf,inf,2.8389682000015455,0,,
fixed_budget,pdp_100,lc102,1,53,4,256,qaoa,10,828.94,inf,6152265.753842496,inf,inf,inf,3.1222477999999683,0,,
fixed_budget,pdp_100,lc102,1,53,4,256,efficient_su2,10,828.94,inf,6803026.71354425,inf,inf,inf,3.009605699999156,0,,
fixed_budget,pdp_100,lc102,1,53,4,256,hybrid_alns,10,828.94,inf,6835206.567871202,inf,inf,inf,2.8674663999991026,0,,
time_to_target,pdp_100,lc102,1,,4,256,ropke_distance_fixed_k,,,,,,,,,,0.05661740000141435,0
time_to_target,pdp_100,lc102,1,,4,256,qaoa,,,,,,,,,,0.06518010000036156,0
time_to_target,pdp_100,lc102,1,,4,256,efficient_su2,,,,,,,,,,0.05386009999892849,0
time_to_target,pdp_100,lc102,1,,4,256,hybrid_alns,,,,,,,,,,0.0513130999988789,0
fixed_budget,pdp_100,lc103,1,52,4,256,ropke_distance_fixed_k,9,1035.35,inf,4189014.37767134,inf,inf,inf,2.9210100999989663,0,,
fixed_budget,pdp_100,lc103,1,52,4,256,qaoa,9,1035.35,inf,4189014.37767134,inf,inf,inf,3.007513500000641,0,,
fixed_budget,pdp_100,lc103,1,52,4,256,efficient_su2,9,1035.35,inf,4189014.37767134,inf,inf,inf,3.0217933999992965,0,,
fixed_budget,pdp_100,lc103,1,52,4,256,hybrid_alns,9,1035.35,inf,4189014.37767134,inf,inf,inf,3.0392145000005257,0,,
time_to_target,pdp_100,lc103,1,,4,256,ropke_distance_fixed_k,,,,,,,,,,0.056070399999953224,0
time_to_target,pdp_100,lc103,1,,4,256,qaoa,,,,,,,,,,0.06642740000097547,0
time_to_target,pdp_100,lc103,1,,4,256,efficient_su2,,,,,,,,,,0.061320799999521114,0
time_to_target,pdp_100,lc103,1,,4,256,hybrid_alns,,,,,,,,,,0.054766400000517024,0
fixed_budget,pdp_100,lc104,1,53,4,256,ropke_distance_fixed_k,9,860.01,inf,1313573.8896566955,inf,inf,inf,3.1535097999985737,0,,
fixed_budget,pdp_100,lc104,1,53,4,256,qaoa,9,860.01,inf,1313573.8896566955,inf,inf,inf,3.171871000002284,0,,
fixed_budget,pdp_100,lc104,1,53,4,256,efficient_su2,9,860.01,inf,1313573.8896566955,inf,inf,inf,3.2280552000011085,0,,
fixed_budget,pdp_100,lc104,1,53,4,256,hybrid_alns,9,860.01,inf,1313573.8896566955,inf,inf,inf,3.3085081999997783,0,,
time_to_target,pdp_100,lc104,1,,4,256,ropke_distance_fixed_k,,,,,,,,,,0.06935130000056233,0
time_to_target,pdp_100,lc104,1,,4,256,qaoa,,,,,,,,,,0.05589890000192099,0
time_to_target,pdp_100,lc104,1,,4,256,efficient_su2,,,,,,,,,,0.059493900000234134,0
time_to_target,pdp_100,lc104,1,,4,256,hybrid_alns,,,,,,,,,,0.05569839999952819,0
fixed_budget,pdp_100,lc105,1,53,4,256,ropke_distance_fixed_k,10,828.94,inf,14440834.334984712,inf,inf,inf,2.829093500000454,0,,
fixed_budget,pdp_100,lc105,1,53,4,256,qaoa,10,828.94,inf,14821160.912271824,inf,inf,inf,2.834774800001469,0,,
fixed_budget,pdp_100,lc105,1,53,4,256,efficient_su2,10,828.94,inf,14821160.912271824,inf,inf,inf,2.9061417000011716,0,,
fixed_budget,pdp_100,lc105,1,53,4,256,hybrid_alns,10,828.94,inf,14821160.912271824,inf,inf,inf,2.9732651999984228,0,,
time_to_target,pdp_100,lc105,1,,4,256,ropke_distance_fixed_k,,,,,,,,,,0.048155899999983376,0
time_to_target,pdp_100,lc105,1,,4,256,qaoa,,,,,,,,,,0.05420800000138115,0
time_to_target,pdp_100,lc105,1,,4,256,efficient_su2,,,,,,,,,,0.048299099998985184,0
time_to_target,pdp_100,lc105,1,,4,256,hybrid_alns,,,,,,,,,,0.049547300000995165,0
fixed_budget,pdp_100,lc106,1,53,4,256,ropke_distance_fixed_k,10,828.94,inf,6870545.35975884,inf,inf,inf,2.815410500003054,0,,
fixed_budget,pdp_100,lc106,1,53,4,256,qaoa,10,828.94,inf,6406182.822506855,inf,inf,inf,3.0402279999980237,0,,
fixed_budget,pdp_100,lc106,1,53,4,256,efficient_su2,10,828.94,inf,7399122.480212065,inf,inf,inf,2.943543999997928,0,,
fixed_budget,pdp_100,lc106,1,53,4,256,hybrid_alns,10,828.94,inf,7399122.480212065,inf,inf,inf,3.0389730999995663,0,,
time_to_target,pdp_100,lc106,1,,4,256,ropke_distance_fixed_k,,,,,,,,,,0.06378910000057658,0
time_to_target,pdp_100,lc106,1,,4,256,qaoa,,,,,,,,,,0.06579199999760021,0
time_to_target,pdp_100,lc106,1,,4,256,efficient_su2,,,,,,,,,,0.054756699999416014,0
time_to_target,pdp_100,lc106,1,,4,256,hybrid_alns,,,,,,,,,,0.051088300002447795,0
fixed_budget,pdp_100,lc107,1,53,4,256,ropke_distance_fixed_k,10,828.94,inf,10042155.685847528,inf,inf,inf,2.8917958000020008,0,,
fixed_budget,pdp_100,lc107,1,53,4,256,qaoa,10,828.94,inf,9931900.720405692,inf,inf,inf,2.995169400001032,0,,
fixed_budget,pdp_100,lc107,1,53,4,256,efficient_su2,10,828.94,inf,10042155.685847528,inf,inf,inf,2.892663899998297,0,,
fixed_budget,pdp_100,lc107,1,53,4,256,hybrid_alns,10,828.94,inf,10042155.685847528,inf,inf,inf,2.9187061000011454,0,,
time_to_target,pdp_100,lc107,1,,4,256,ropke_distance_fixed_k,,,,,,,,,,0.06630450000011479,0
time_to_target,pdp_100,lc107,1,,4,256,qaoa,,,,,,,,,,0.053386899999168236,0
time_to_target,pdp_100,lc107,1,,4,256,efficient_su2,,,,,,,,,,0.0557318999999552,0
time_to_target,pdp_100,lc107,1,,4,256,hybrid_alns,,,,,,,,,,0.0655034000010346,0
fixed_budget,pdp_100,lc108,1,53,4,256,ropke_distance_fixed_k,10,826.44,inf,7241379.46757529,inf,inf,inf,2.818203499999072,0,,
fixed_budget,pdp_100,lc108,1,53,4,256,qaoa,10,826.44,inf,7241379.46757529,inf,inf,inf,2.838802999998734,0,,
fixed_budget,pdp_100,lc108,1,53,4,256,efficient_su2,10,826.44,inf,7241379.46757529,inf,inf,inf,2.926138099999662,0,,
fixed_budget,pdp_100,lc108,1,53,4,256,hybrid_alns,10,826.44,inf,6920658.056695924,inf,inf,inf,2.793328299998393,0,,
time_to_target,pdp_100,lc108,1,,4,256,ropke_distance_fixed_k,,,,,,,,,,0.055189599999721395,0
time_to_target,pdp_100,lc108,1,,4,256,qaoa,,,,,,,,,,0.05288789999758592,0
time_to_target,pdp_100,lc108,1,,4,256,efficient_su2,,,,,,,,,,0.06506209999861312,0
time_to_target,pdp_100,lc108,1,,4,256,hybrid_alns,,,,,,,,,,0.05077969999911147,0
fixed_budget,pdp_100,lc109,1,53,4,256,ropke_distance_fixed_k,9,1000.6,inf,8228381.479505691,inf,inf,inf,3.1155658999996376,0,,
fixed_budget,pdp_100,lc109,1,53,4,256,qaoa,9,1000.6,inf,8228381.479505691,inf,inf,inf,3.23667260000002,0,,
fixed_budget,pdp_100,lc109,1,53,4,256,efficient_su2,9,1000.6,inf,8228381.479505691,inf,inf,inf,3.1810378999980458,0,,
fixed_budget,pdp_100,lc109,1,53,4,256,hybrid_alns,9,1000.6,inf,8228381.479505691,inf,inf,inf,3.111159599997336,0,,
time_to_target,pdp_100,lc109,1,,4,256,ropke_distance_fixed_k,,,,,,,,,,0.057940599999710685,0
time_to_target,pdp_100,lc109,1,,4,256,qaoa,,,,,,,,,,0.0578659000020707,0
time_to_target,pdp_100,lc109,1,,4,256,efficient_su2,,,,,,,,,,0.057267899999715155,0
time_to_target,pdp_100,lc109,1,,4,256,hybrid_alns,,,,,,,,,,0.05932519999987562,0
fixed_budget,pdp_100,lc201,1,51,4,256,ropke_distance_fixed_k,3,591.56,591.5565566715015,591.5565566715015,591.5565566715015,0.0,-5.820759514514365e-06,13.277189499996894,1,,
fixed_budget,pdp_100,lc201,1,51,4,256,qaoa,3,591.56,591.5565566715015,591.5565566715015,591.5565566715015,0.0,-5.820759514514365e-06,13.458617400003277,1,,
fixed_budget,pdp_100,lc201,1,51,4,256,efficient_su2,3,591.56,591.5565566715015,591.5565566715015,591.5565566715015,0.0,-5.820759514514365e-06,13.667556600001262,1,,
fixed_budget,pdp_100,lc201,1,51,4,256,hybrid_alns,3,591.56,591.5565566715015,591.5565566715015,591.5565566715015,0.0,-5.820759514514365e-06,13.226749900000868,1,,
time_to_target,pdp_100,lc201,1,,4,256,ropke_distance_fixed_k,,,,,,,,,,0.25272299999778625,0
time_to_target,pdp_100,lc201,1,,4,256,qaoa,,,,,,,,,,0.26686830000107875,0
time_to_target,pdp_100,lc201,1,,4,256,efficient_su2,,,,,,,,,,0.2549031000016839,0
time_to_target,pdp_100,lc201,1,,4,256,hybrid_alns,,,,,,,,,,0.25864110000111395,0
fixed_budget,pdp_100,lc202,1,51,4,256,ropke_distance_fixed_k,3,591.56,591.5565566715015,591.5565566715015,591.5565566715015,0.0,-5.820759514514365e-06,13.451059900002292,1,,
fixed_budget,pdp_100,lc202,1,51,4,256,qaoa,3,591.56,591.5565566715015,591.5565566715015,591.5565566715015,0.0,-5.820759514514365e-06,13.273368800000753,1,,
fixed_budget,pdp_100,lc202,1,51,4,256,efficient_su2,3,591.56,591.5565566715015,591.5565566715015,591.5565566715015,0.0,-5.820759514514365e-06,13.463308999998844,1,,
fixed_budget,pdp_100,lc202,1,51,4,256,hybrid_alns,3,591.56,591.5565566715015,591.5565566715015,591.5565566715015,0.0,-5.820759514514365e-06,13.26152219999858,1,,
time_to_target,pdp_100,lc202,1,,4,256,ropke_distance_fixed_k,,,,,,,,,,0.25649450000128127,0
time_to_target,pdp_100,lc202,1,,4,256,qaoa,,,,,,,,,,0.25816670000131126,0
time_to_target,pdp_100,lc202,1,,4,256,efficient_su2,,,,,,,,,,0.256461599998147,0
time_to_target,pdp_100,lc202,1,,4,256,hybrid_alns,,,,,,,,,,0.2675621999987925,0
fixed_budget,pdp_100,lc203,1,51,4,256,ropke_distance_fixed_k,3,591.17,inf,10542057.202443276,inf,inf,inf,13.643416000002617,0,,
fixed_budget,pdp_100,lc203,1,51,4,256,qaoa,3,591.17,inf,10542057.202443276,inf,inf,inf,13.676267899998493,0,,
fixed_budget,pdp_100,lc203,1,51,4,256,efficient_su2,3,591.17,inf,11051048.810603557,inf,inf,inf,13.49585599999773,0,,
fixed_budget,pdp_100,lc203,1,51,4,256,hybrid_alns,3,591.17,inf,10542057.202443276,inf,inf,inf,13.731955799998104,0,,
time_to_target,pdp_100,lc203,1,,4,256,ropke_distance_fixed_k,,,,,,,,,,0.2614945000022999,0
time_to_target,pdp_100,lc203,1,,4,256,qaoa,,,,,,,,,,0.2544662000000244,0
time_to_target,pdp_100,lc203,1,,4,256,efficient_su2,,,,,,,,,,0.29000099999757367,0
time_to_target,pdp_100,lc203,1,,4,256,hybrid_alns,,,,,,,,,,0.30945449999853736,0
fixed_budget,pdp_100,lc204,1,51,4,256,ropke_distance_fixed_k,3,590.6,inf,1850704.106332381,inf,inf,inf,13.390893300002062,0,,
fixed_budget,pdp_100,lc204,1,51,4,256,qaoa,3,590.6,inf,1850704.106332381,inf,inf,inf,13.611734199999773,0,,
fixed_budget,pdp_100,lc204,1,51,4,256,efficient_su2,3,590.6,inf,1850704.106332381,inf,inf,inf,13.49493060000168,0,,
fixed_budget,pdp_100,lc204,1,51,4,256,hybrid_alns,3,590.6,inf,1850704.106332381,inf,inf,inf,13.789899999999761,0,,
time_to_target,pdp_100,lc204,1,,4,256,ropke_distance_fixed_k,,,,,,,,,,0.2672347000006994,0
time_to_target,pdp_100,lc204,1,,4,256,qaoa,,,,,,,,,,0.2694900999995298,0
time_to_target,pdp_100,lc204,1,,4,256,efficient_su2,,,,,,,,,,0.25747550000232877,0
time_to_target,pdp_100,lc204,1,,4,256,hybrid_alns,,,,,,,,,,0.2706303000013577,0
fixed_budget,pdp_100,lc205,1,51,4,256,ropke_distance_fixed_k,3,588.88,inf,83042013.40989396,inf,inf,inf,13.883199399999285,0,,
fixed_budget,pdp_100,lc205,1,51,4,256,qaoa,3,588.88,inf,72855939.89673112,inf,inf,inf,13.876180899998872,0,,
fixed_budget,pdp_100,lc205,1,51,4,256,efficient_su2,3,588.88,inf,65914273.71133051,inf,inf,inf,13.969950500002597,0,,
fixed_budget,pdp_100,lc205,1,51,4,256,hybrid_alns,3,588.88,inf,71472741.86595751,inf,inf,inf,13.681165599999076,0,,
time_to_target,pdp_100,lc205,1,,4,256,ropke_distance_fixed_k,,,,,,,,,,0.25988280000092345,0
time_to_target,pdp_100,lc205,1,,4,256,qaoa,,,,,,,,,,0.28585630000088713,0
time_to_target,pdp_100,lc205,1,,4,256,efficient_su2,,,,,,,,,,0.28082809999978053,0
time_to_target,pdp_100,lc205,1,,4,256,hybrid_alns,,,,,,,,,,0.2791213000018615,0
fixed_budget,pdp_100,lc206,1,51,4,256,ropke_distance_fixed_k,3,588.49,inf,39552202.03373626,inf,inf,inf,13.690649700001813,0,,
fixed_budget,pdp_100,lc206,1,51,4,256,qaoa,3,588.49,inf,36629477.724889964,inf,inf,inf,13.923125600002095,0,,
fixed_budget,pdp_100,lc206,1,51,4,256,efficient_su2,3,588.49,inf,38933511.29407328,inf,inf,inf,13.799369399999705,0,,
fixed_budget,pdp_100,lc206,1,51,4,256,hybrid_alns,3,588.49,inf,39400934.976896815,inf,inf,inf,13.90773409999747,0,,
time_to_target,pdp_100,lc206,1,,4,256,ropke_distance_fixed_k,,,,,,,,,,0.314226200000121,0
time_to_target,pdp_100,lc206,1,,4,256,qaoa,,,,,,,,,,0.2825003000034485,0
time_to_target,pdp_100,lc206,1,,4,256,efficient_su2,,,,,,,,,,0.2810624999983702,0
time_to_target,pdp_100,lc206,1,,4,256,hybrid_alns,,,,,,,,,,0.29663309999887133,0
fixed_budget,pdp_100,lc207,1,51,4,256,ropke_distance_fixed_k,3,588.29,inf,18796099.03114853,inf,inf,inf,13.451110800000606,0,,
fixed_budget,pdp_100,lc207,1,51,4,256,qaoa,3,588.29,inf,15156373.978298057,inf,inf,inf,13.952887399998872,0,,
fixed_budget,pdp_100,lc207,1,51,4,256,efficient_su2,3,588.29,inf,19224457.408220775,inf,inf,inf,13.69666529999813,0,,
fixed_budget,pdp_100,lc207,1,51,4,256,hybrid_alns,3,588.29,inf,19224457.408220775,inf,inf,inf,13.511456899999757,0,,
time_to_target,pdp_100,lc207,1,,4,256,ropke_distance_fixed_k,,,,,,,,,,0.29276670000035665,0
time_to_target,pdp_100,lc207,1,,4,256,qaoa,,,,,,,,,,0.2563598999986425,0
time_to_target,pdp_100,lc207,1,,4,256,efficient_su2,,,,,,,,,,0.2701065000001108,0
time_to_target,pdp_100,lc207,1,,4,256,hybrid_alns,,,,,,,,,,0.27376839999851654,0
fixed_budget,pdp_100,lc208,1,51,4,256,ropke_distance_fixed_k,3,588.32,inf,22369950.32625052,inf,inf,inf,13.605962300000101,0,,
fixed_budget,pdp_100,lc208,1,51,4,256,qaoa,3,588.32,inf,35887954.37844248,inf,inf,inf,13.83534299999883,0,,
fixed_budget,pdp_100,lc208,1,51,4,256,efficient_su2,3,588.32,inf,21221174.24633374,inf,inf,inf,13.55002219999733,0,,
fixed_budget,pdp_100,lc208,1,51,4,256,hybrid_alns,3,588.32,inf,33850495.64271237,inf,inf,inf,13.811125600001105,0,,
time_to_target,pdp_100,lc208,1,,4,256,ropke_distance_fixed_k,,,,,,,,,,0.2864411000009568,0
time_to_target,pdp_100,lc208,1,,4,256,qaoa,,,,,,,,,,0.2891784999992524,0
time_to_target,pdp_100,lc208,1,,4,256,efficient_su2,,,,,,,,,,0.2701381000006222,0
time_to_target,pdp_100,lc208,1,,4,256,hybrid_alns,,,,,,,,,,0.29590960000132327,0
fixed_budget,pdp_100,lr101,1,53,4,256,ropke_distance_fixed_k,19,1650.8,inf,568226.6635259885,inf,inf,inf,1.5955551999977615,0,,
fixed_budget,pdp_100,lr101,1,53,4,256,qaoa,19,1650.8,inf,568226.6635259885,inf,inf,inf,1.6396789999998873,0,,
fixed_budget,pdp_100,lr101,1,53,4,256,efficient_su2,19,1650.8,inf,452512.05262399244,inf,inf,inf,1.8117985999997472,0,,
fixed_budget,pdp_100,lr101,1,53,4,256,hybrid_alns,19,1650.8,inf,568226.6635259885,inf,inf,inf,1.6902673999975377,0,,
time_to_target,pdp_100,lr101,1,,4,256,ropke_distance_fixed_k,,,,,,,,,,0.027220599997235695,0
time_to_target,pdp_100,lr101,1,,4,256,qaoa,,,,,,,,,,0.028817000002163695,0
time_to_target,pdp_100,lr101,1,,4,256,efficient_su2,,,,,,,,,,0.040287799998623086,0
time_to_target,pdp_100,lr101,1,,4,256,hybrid_alns,,,,,,,,,,0.024081799998384668,0
fixed_budget,pdp_100,lr102,1,55,4,256,ropke_distance_fixed_k,17,1487.57,inf,51098.801177267276,inf,inf,inf,2.0293068000028143,0,,
fixed_budget,pdp_100,lr102,1,55,4,256,qaoa,17,1487.57,inf,51098.801177267276,inf,inf,inf,2.0237004999980854,0,,
fixed_budget,pdp_100,lr102,1,55,4,256,efficient_su2,17,1487.57,inf,51098.801177267276,inf,inf,inf,2.0643455000026734,0,,
fixed_budget,pdp_100,lr102,1,55,4,256,hybrid_alns,17,1487.57,inf,51098.801177267276,inf,inf,inf,2.004983099999663,0,,
time_to_target,pdp_100,lr102,1,,4,256,ropke_distance_fixed_k,,,,,,,,,,0.03492190000179107,0
time_to_target,pdp_100,lr102,1,,4,256,qaoa,,,,,,,,,,0.051216500000009546,0
time_to_target,pdp_100,lr102,1,,4,256,efficient_su2,,,,,,,,,,0.05084730000089621,0
time_to_target,pdp_100,lr102,1,,4,256,hybrid_alns,,,,,,,,,,0.03218420000121114,0
fixed_budget,pdp_100,lr103,1,52,4,256,ropke_distance_fixed_k,13,1292.68,inf,1307935.3799382285,inf,inf,inf,2.0049075999995694,0,,
fixed_budget,pdp_100,lr103,1,52,4,256,qaoa,13,1292.68,inf,1307935.3799382285,inf,inf,inf,2.196249500000704,0,,
fixed_budget,pdp_100,lr103,1,52,4,256,efficient_su2,13,1292.68,inf,1307935.3799382285,inf,inf,inf,2.2340932000006433,0,,
fixed_budget,pdp_100,lr103,1,52,4,256,hybrid_alns,13,1292.68,inf,1307935.3799382285,inf,inf,inf,2.0697352000024694,0,,
time_to_target,pdp_100,lr103,1,,4,256,ropke_distance_fixed_k,,,,,,,,,,0.04951649999929941,0
time_to_target,pdp_100,lr103,1,,4,256,qaoa,,,,,,,,,,0.04775399999925867,0
time_to_target,pdp_100,lr103,1,,4,256,efficient_su2,,,,,,,,,,0.03600709999955143,0
time_to_target,pdp_100,lr103,1,,4,256,hybrid_alns,,,,,,,,,,0.03563600000052247,0
fixed_budget,pdp_100,lr104,1,52,4,256,ropke_distance_fixed_k,9,1013.39,inf,3805397.3065616004,inf,inf,inf,3.0116460000026564,0,,
fixed_budget,pdp_100,lr104,1,52,4,256,qaoa,9,1013.39,inf,3805397.3065616004,inf,inf,inf,3.13179239999954,0,,
fixed_budget,pdp_100,lr104,1,52,4,256,efficient_su2,9,1013.39,inf,3805397.3065616004,inf,inf,inf,3.2030277000012575,0,,
fixed_budget,pdp_100,lr104,1,52,4,256,hybrid_alns,9,1013.39,inf,3805397.3065616004,inf,inf,inf,3.2391223999984504,0,,
time_to_target,pdp_100,lr104,1,,4,256,ropke_distance_fixed_k,,,,,,,,,,0.07033180000144057,0
time_to_target,pdp_100,lr104,1,,4,256,qaoa,,,,,,,,,,0.054756800000177464,0
time_to_target,pdp_100,lr104,1,,4,256,efficient_su2,,,,,,,,,,0.05442430000039167,0
time_to_target,pdp_100,lr104,1,,4,256,hybrid_alns,,,,,,,,,,0.05811129999710829,0
fixed_budget,pdp_100,lr105,1,53,4,256,ropke_distance_fixed_k,14,1377.11,inf,1124721.975981535,inf,inf,inf,1.9903670999992755,0,,
fixed_budget,pdp_100,lr105,1,53,4,256,qaoa,14,1377.11,inf,1139371.541355167,inf,inf,inf,2.060592900001211,0,,
fixed_budget,pdp_100,lr105,1,53,4,256,efficient_su2,14,1377.11,inf,1232221.1856514919,inf,inf,inf,2.1454795000026934,0,,
fixed_budget,pdp_100,lr105,1,53,4,256,hybrid_alns,14,1377.11,inf,768515.3451928573,inf,inf,inf,2.12411609999981,0,,
time_to_target,pdp_100,lr105,1,,4,256,ropke_distance_fixed_k,,,,,,,,,,0.03773010000077193,0
time_to_target,pdp_100,lr105,1,,4,256,qaoa,,,,,,,,,,0.03778240000247024,0
time_to_target,pdp_100,lr105,1,,4,256,efficient_su2,,,,,,,,,,0.048911300000327174,0
time_to_target,pdp_100,lr105,1,,4,256,hybrid_alns,,,,,,,,,,0.04060590000153752,0
fixed_budget,pdp_100,lr106,1,52,4,256,ropke_distance_fixed_k,12,1252.62,inf,1926959.9843473407,inf,inf,inf,2.2882146000010835,0,,
fixed_budget,pdp_100,lr106,1,52,4,256,qaoa,12,1252.62,inf,1632456.963114718,inf,inf,inf,2.2039973999999347,0,,
fixed_budget,pdp_100,lr106,1,52,4,256,efficient_su2,12,1252.62,inf,1398374.2499150198,inf,inf,inf,2.3975922000026912,0,,
fixed_budget,pdp_100,lr106,1,52,4,256,hybrid_alns,12,1252.62,inf,1549542.2785410872,inf,inf,inf,2.379196999998385,0,,
time_to_target,pdp_100,lr106,1,,4,256,ropke_distance_fixed_k,,,,,,,,,,0.03762690000075963,0
time_to_target,pdp_100,lr106,1,,4,256,qaoa,,,,,,,,,,0.041906500002369285,0
time_to_target,pdp_100,lr106,1,,4,256,efficient_su2,,,,,,,,,,0.041132300000754185,0
time_to_target,pdp_100,lr106,1,,4,256,hybrid_alns,,,,,,,,,,0.054364200001145946,0
fixed_budget,pdp_100,lr107,1,52,4,256,ropke_distance_fixed_k,10,1111.31,inf,2554943.261547028,inf,inf,inf,3.024826699998812,0,,
fixed_budget,pdp_100,lr107,1,52,4,256,qaoa,10,1111.31,inf,2895745.789343648,inf,inf,inf,2.8275521000032313,0,,
fixed_budget,pdp_100,lr107,1,52,4,256,efficient_su2,10,1111.31,inf,2824047.896770924,inf,inf,inf,2.89479030000075,0,,
fixed_budget,pdp_100,lr107,1,52,4,256,hybrid_alns,10,1111.31,inf,2922812.7410410736,inf,inf,inf,2.8312175999999454,0,,
time_to_target,pdp_100,lr107,1,,4,256,ropke_distance_fixed_k,,,,,,,,,,0.0504438999996637,0
time_to_target,pdp_100,lr107,1,,4,256,qaoa,,,,,,,,,,0.06444830000327784,0
time_to_target,pdp_100,lr107,1,,4,256,efficient_su2,,,,,,,,,,0.049772400001529604,0
time_to_target,pdp_100,lr107,1,,4,256,hybrid_alns,,,,,,,,,,0.053655200001230696,0
fixed_budget,pdp_100,lr108,1,50,4,256,ropke_distance_fixed_k,9,968.97,inf,6021034.292330276,inf,inf,inf,2.8172779000015,0,,
fixed_budget,pdp_100,lr108,1,50,4,256,qaoa,9,968.97,inf,5996178.256445536,inf,inf,inf,2.799628600001597,0,,
fixed_budget,pdp_100,lr108,1,50,4,256,efficient_su2,9,968.97,inf,6294979.638397027,inf,inf,inf,2.843857500000013,0,,
fixed_budget,pdp_100,lr108,1,50,4,256,hybrid_alns,9,968.97,inf,5244375.717132334,inf,inf,inf,2.6280208000025596,0,,
time_to_target,pdp_100,lr108,1,,4,256,ropke_distance_fixed_k,,,,,,,,,,0.061557500001072185,0
time_to_target,pdp_100,lr108,1,,4,256,qaoa,,,,,,,,,,0.052148400001897244,0
time_to_target,pdp_100,lr108,1,,4,256,efficient_su2,,,,,,,,,,0.04817669999829377,0
time_to_target,pdp_100,lr108,1,,4,256,hybrid_alns,,,,,,,,,,0.05070970000087982,0
fixed_budget,pdp_100,lr109,1,53,4,256,ropke_distance_fixed_k,11,1208.96,inf,2720686.2558292793,inf,inf,inf,2.5197417000017595,0,,
fixed_budget,pdp_100,lr109,1,53,4,256,qaoa,11,1208.96,inf,2720686.2558292793,inf,inf,inf,2.488154900001973,0,,
fixed_budget,pdp_100,lr109,1,53,4,256,efficient_su2,11,1208.96,inf,2720686.2558292793,inf,inf,inf,2.5275703000006615,0,,
fixed_budget,pdp_100,lr109,1,53,4,256,hybrid_alns,11,1208.96,inf,2720686.2558292793,inf,inf,inf,2.5653927999992447,0,,
time_to_target,pdp_100,lr109,1,,4,256,ropke_distance_fixed_k,,,,,,,,,,0.05871530000149505,0
time_to_target,pdp_100,lr109,1,,4,256,qaoa,,,,,,,,,,0.04787570000189589,0
time_to_target,pdp_100,lr109,1,,4,256,efficient_su2,,,,,,,,,,0.04754110000067158,0
time_to_target,pdp_100,lr109,1,,4,256,hybrid_alns,,,,,,,,,,0.0415986999978486,0
fixed_budget,pdp_100,lr110,1,52,4,256,ropke_distance_fixed_k,10,1159.35,inf,6049512.943912213,inf,inf,inf,2.7171152000009897,0,,
fixed_budget,pdp_100,lr110,1,52,4,256,qaoa,10,1159.35,inf,6261637.554660496,inf,inf,inf,2.79415930000323,0,,
fixed_budget,pdp_100,lr110,1,52,4,256,efficient_su2,10,1159.35,inf,5803853.086661343,inf,inf,inf,2.744152100000065,0,,
fixed_budget,pdp_100,lr110,1,52,4,256,hybrid_alns,10,1159.35,inf,6261637.554660496,inf,inf,inf,2.9038110000001325,0,,
time_to_target,pdp_100,lr110,1,,4,256,ropke_distance_fixed_k,,,,,,,,,,0.0484522000006109,0
time_to_target,pdp_100,lr110,1,,4,256,qaoa,,,,,,,,,,0.049336400003085146,0
time_to_target,pdp_100,lr110,1,,4,256,efficient_su2,,,,,,,,,,0.04982469999958994,0
time_to_target,pdp_100,lr110,1,,4,256,hybrid_alns,,,,,,,,,,0.08531550000043353,0
fixed_budget,pdp_100,lr111,1,54,4,256,ropke_distance_fixed_k,10,1108.9,inf,5155344.518481427,inf,inf,inf,3.277575699998124,0,,
fixed_budget,pdp_100,lr111,1,54,4,256,qaoa,10,1108.9,inf,5155344.518481427,inf,inf,inf,3.2329091999999946,0,,
fixed_budget,pdp_100,lr111,1,54,4,256,efficient_su2,10,1108.9,inf,4934854.019584282,inf,inf,inf,3.1631498000024294,0,,
fixed_budget,pdp_100,lr111,1,54,4,256,hybrid_alns,10,1108.9,inf,5007785.207204553,inf,inf,inf,3.057607700000517,0,,
time_to_target,pdp_100,lr111,1,,4,256,ropke_distance_fixed_k,,,,,,,,,,0.0573365999989619,0
time_to_target,pdp_100,lr111,1,,4,256,qaoa,,,,,,,,,,0.07054290000087349,0
time_to_target,pdp_100,lr111,1,,4,256,efficient_su2,,,,,,,,,,0.07170340000084252,0
time_to_target,pdp_100,lr111,1,,4,256,hybrid_alns,,,,,,,,,,0.05923780000011902,0
fixed_budget,pdp_100,lr112,1,53,4,256,ropke_distance_fixed_k,9,1003.77,inf,8595544.252171086,inf,inf,inf,3.2693885000007867,0,,
fixed_budget,pdp_100,lr112,1,53,4,256,qaoa,9,1003.77,inf,8150961.963808702,inf,inf,inf,3.1467802000006486,0,,
fixed_budget,pdp_100,lr112,1,53,4,256,efficient_su2,9,1003.77,inf,8595544.252171086,inf,inf,inf,3.424550600000657,0,,
fixed_budget,pdp_100,lr112,1,53,4,256,hybrid_alns,9,1003.77,inf,8024846.030880857,inf,inf,inf,3.2066171999977087,0,,
time_to_target,pdp_100,lr112,1,,4,256,ropke_distance_fixed_k,,,,,,,,,,0.06659700000091107,0
time_to_target,pdp_100,lr112,1,,4,256,qaoa,,,,,,,,,,0.06231570000090869,0
time_to_target,pdp_100,lr112,1,,4,256,efficient_su2,,,,,,,,,,0.06757920000018203,0
time_to_target,pdp_100,lr112,1,,4,256,hybrid_alns,,,,,,,,,,0.05507269999725395,0
fixed_budget,pdp_100,lr201,1,51,4,256,ropke_distance_fixed_k,4,1253.23,inf,1145469.1223547522,inf,inf,inf,8.65536830000201,0,,
fixed_budget,pdp_100,lr201,1,51,4,256,qaoa,4,1253.23,inf,1116453.6415632092,inf,inf,inf,8.82559079999919,0,,
fixed_budget,pdp_100,lr201,1,51,4,256,efficient_su2,4,1253.23,inf,885616.3983151923,inf,inf,inf,8.60978249999971,0,,
fixed_budget,pdp_100,lr201,1,51,4,256,hybrid_alns,4,1253.23,inf,1121176.9209032052,inf,inf,inf,8.608885000001465,0,,
time_to_target,pdp_100,lr201,1,,4,256,ropke_distance_fixed_k,,,,,,,,,,0.17951770000217948,0
time_to_target,pdp_100,lr201,1,,4,256,qaoa,,,,,,,,,,0.16682009999931324,0
time_to_target,pdp_100,lr201,1,,4,256,efficient_su2,,,,,,,,,,0.18619799999942188,0
time_to_target,pdp_100,lr201,1,,4,256,hybrid_alns,,,,,,,,,,0.18441170000005513,0
fixed_budget,pdp_100,lr202,1,50,4,256,ropke_distance_fixed_k,3,1197.67,inf,3572028.996853761,inf,inf,inf,12.919465599999967,0,,
fixed_budget,pdp_100,lr202,1,50,4,256,qaoa,3,1197.67,inf,3505243.2502069683,inf,inf,inf,12.71077940000032,0,,
fixed_budget,pdp_100,lr202,1,50,4,256,efficient_su2,3,1197.67,inf,3557976.718261033,inf,inf,inf,12.966068800000357,0,,
fixed_budget,pdp_100,lr202,1,50,4,256,hybrid_alns,3,1197.67,inf,3572028.996853761,inf,inf,inf,13.049774000002799,0,,
time_to_target,pdp_100,lr202,1,,4,256,ropke_distance_fixed_k,,,,,,,,,,0.27128889999949024,0
time_to_target,pdp_100,lr202,1,,4,256,qaoa,,,,,,,,,,0.24368630000026315,0
time_to_target,pdp_100,lr202,1,,4,256,efficient_su2,,,,,,,,,,0.2695836999992025,0
time_to_target,pdp_100,lr202,1,,4,256,hybrid_alns,,,,,,,,,,0.2435259000012593,0
fixed_budget,pdp_100,lr203,1,51,4,256,ropke_distance_fixed_k,3,949.4,inf,463652.2791671058,inf,inf,inf,13.574217400000634,0,,
fixed_budget,pdp_100,lr203,1,51,4,256,qaoa,3,949.4,inf,576866.3126868318,inf,inf,inf,13.562334400001419,0,,
fixed_budget,pdp_100,lr203,1,51,4,256,efficient_su2,3,949.4,inf,501124.6535681758,inf,inf,inf,13.639648100001068,0,,
fixed_budget,pdp_100,lr203,1,51,4,256,hybrid_alns,3,949.4,inf,452586.96477325424,inf,inf,inf,13.733845599999768,0,,
time_to_target,pdp_100,lr203,1,,4,256,ropke_distance_fixed_k,,,,,,,,,,0.2595044000008784,0
time_to_target,pdp_100,lr203,1,,4,256,qaoa,,,,,,,,,,0.27659029999995255,0
time_to_target,pdp_100,lr203,1,,4,256,efficient_su2,,,,,,,,,,0.2717856999988726,0
time_to_target,pdp_100,lr203,1,,4,256,hybrid_alns,,,,,,,,,,0.2900335999984236,0
fixed_budget,pdp_100,lr204,1,50,4,256,ropke_distance_fixed_k,2,849.05,inf,11714838.762927094,inf,inf,inf,26.051577899997937,0,,
fixed_budget,pdp_100,lr204,1,50,4,256,qaoa,2,849.05,inf,11714838.762927094,inf,inf,inf,26.058332300002803,0,,
fixed_budget,pdp_100,lr204,1,50,4,256,efficient_su2,2,849.05,inf,11341420.145338297,inf,inf,inf,26.019143199999235,0,,
fixed_budget,pdp_100,lr204,1,50,4,256,hybrid_alns,2,849.05,inf,11714838.762927094,inf,inf,inf,26.71975509999902,0,,
time_to_target,pdp_100,lr204,1,,4,256,ropke_distance_fixed_k,,,,,,,,,,0.5716359999969427,0
time_to_target,pdp_100,lr204,1,,4,256,qaoa,,,,,,,,,,0.5170370000014373,0
time_to_target,pdp_100,lr204,1,,4,256,efficient_su2,,,,,,,,,,0.525539000002027,0
time_to_target,pdp_100,lr204,1,,4,256,hybrid_alns,,,,,,,,,,0.5112060999999812,0
fixed_budget,pdp_100,lr205,1,51,4,256,ropke_distance_fixed_k,3,1054.02,inf,7390671.944843358,inf,inf,inf,13.699921200000972,0,,
fixed_budget,pdp_100,lr205,1,51,4,256,qaoa,3,1054.02,inf,7669168.990518073,inf,inf,inf,13.679140699998243,0,,
fixed_budget,pdp_100,lr205,1,51,4,256,efficient_su2,3,1054.02,inf,7669168.990518073,inf,inf,inf,13.594263599999977,0,,
fixed_budget,pdp_100,lr205,1,51,4,256,hybrid_alns,3,1054.02,inf,5407509.590700226,inf,inf,inf,13.884145799998805,0,,
time_to_target,pdp_100,lr205,1,,4,256,ropke_distance_fixed_k,,,,,,,,,,0.31464539999797125,0
time_to_target,pdp_100,lr205,1,,4,256,qaoa,,,,,,,,,,0.26339029999871855,0
time_to_target,pdp_100,lr205,1,,4,256,efficient_su2,,,,,,,,,,0.29198730000280193,0
time_to_target,pdp_100,lr205,1,,4,256,hybrid_alns,,,,,,,,,,0.2693632999980764,0
fixed_budget,pdp_100,lr206,1,50,4,256,ropke_distance_fixed_k,3,931.63,inf,1716902.1471166946,inf,inf,inf,13.403465300001699,0,,
fixed_budget,pdp_100,lr206,1,50,4,256,qaoa,3,931.63,inf,1716902.1471166946,inf,inf,inf,13.220911799999158,0,,
fixed_budget,pdp_100,lr206,1,50,4,256,efficient_su2,3,931.63,inf,1716902.1471166946,inf,inf,inf,13.151765699996758,0,,
fixed_budget,pdp_100,lr206,1,50,4,256,hybrid_alns,3,931.63,inf,1716902.1471166946,inf,inf,inf,12.972574700001132,0,,
time_to_target,pdp_100,lr206,1,,4,256,ropke_distance_fixed_k,,,,,,,,,,0.2653847000001406,0
time_to_target,pdp_100,lr206,1,,4,256,qaoa,,,,,,,,,,0.29324369999812916,0
time_to_target,pdp_100,lr206,1,,4,256,efficient_su2,,,,,,,,,,0.2906256999995094,0
time_to_target,pdp_100,lr206,1,,4,256,hybrid_alns,,,,,,,,,,0.25342190000083065,0
fixed_budget,pdp_100,lr207,1,51,4,256,ropke_distance_fixed_k,2,903.06,inf,13935462.917075327,inf,inf,inf,29.337789399996836,0,,
fixed_budget,pdp_100,lr207,1,51,4,256,qaoa,2,903.06,inf,14660706.510140276,inf,inf,inf,29.0779199000026,0,,
fixed_budget,pdp_100,lr207,1,51,4,256,efficient_su2,2,903.06,inf,17366466.62217895,inf,inf,inf,30.164355500000966,0,,
fixed_budget,pdp_100,lr207,1,51,4,256,hybrid_alns,2,903.06,inf,16333463.038390605,inf,inf,inf,29.552194799998688,0,,
time_to_target,pdp_100,lr207,1,,4,256,ropke_distance_fixed_k,,,,,,,,,,0.5350440000001981,0
time_to_target,pdp_100,lr207,1,,4,256,qaoa,,,,,,,,,,0.5761130000028061,0
time_to_target,pdp_100,lr207,1,,4,256,efficient_su2,,,,,,,,,,0.6364886000010301,0
time_to_target,pdp_100,lr207,1,,4,256,hybrid_alns,,,,,,,,,,0.5844422000009217,0
fixed_budget,pdp_100,lr208,1,50,4,256,ropke_distance_fixed_k,2,734.85,inf,4178333.3189451676,inf,inf,inf,27.70770679999987,0,,
fixed_budget,pdp_100,lr208,1,50,4,256,qaoa,2,734.85,inf,4033403.840460747,inf,inf,inf,26.484122800000478,0,,
fixed_budget,pdp_100,lr208,1,50,4,256,efficient_su2,2,734.85,inf,4178333.3189451676,inf,inf,inf,26.243833700002142,0,,
fixed_budget,pdp_100,lr208,1,50,4,256,hybrid_alns,2,734.85,inf,4178333.3189451676,inf,inf,inf,26.55692299999646,0,,
time_to_target,pdp_100,lr208,1,,4,256,ropke_distance_fixed_k,,,,,,,,,,0.6137393999997585,0
time_to_target,pdp_100,lr208,1,,4,256,qaoa,,,,,,,,,,0.5312678000009328,0
time_to_target,pdp_100,lr208,1,,4,256,efficient_su2,,,,,,,,,,0.49980090000099153,0
time_to_target,pdp_100,lr208,1,,4,256,hybrid_alns,,,,,,,,,,0.5461724999986473,0
fixed_budget,pdp_100,lr209,1,51,4,256,ropke_distance_fixed_k,3,930.59,inf,3858418.743821988,inf,inf,inf,13.91795209999691,0,,
fixed_budget,pdp_100,lr209,1,51,4,256,qaoa,3,930.59,inf,4629078.1290539075,inf,inf,inf,14.062104399999953,0,,
fixed_budget,pdp_100,lr209,1,51,4,256,efficient_su2,3,930.59,inf,4373929.711158998,inf,inf,inf,13.714718900002481,0,,
fixed_budget,pdp_100,lr209,1,51,4,256,hybrid_alns,3,930.59,inf,4148969.977049064,inf,inf,inf,13.43334060000052,0,,
time_to_target,pdp_100,lr209,1,,4,256,ropke_distance_fixed_k,,,,,,,,,,0.2582929999989574,0
time_to_target,pdp_100,lr209,1,,4,256,qaoa,,,,,,,,,,0.28685760000007576,0
time_to_target,pdp_100,lr209,1,,4,256,efficient_su2,,,,,,,,,,0.25884050000240677,0
time_to_target,pdp_100,lr209,1,,4,256,hybrid_alns,,,,,,,,,,0.2588413999983459,0
fixed_budget,pdp_100,lr210,1,51,4,256,ropke_distance_fixed_k,3,964.22,inf,260410.8122736809,inf,inf,inf,13.438598500000808,0,,
fixed_budget,pdp_100,lr210,1,51,4,256,qaoa,3,964.22,inf,249604.12002450865,inf,inf,inf,13.529362799999944,0,,
fixed_budget,pdp_100,lr210,1,51,4,256,efficient_su2,3,964.22,inf,260410.8122736809,inf,inf,inf,13.482274400001188,0,,
fixed_budget,pdp_100,lr210,1,51,4,256,hybrid_alns,3,964.22,inf,249604.12002450865,inf,inf,inf,13.306784599997627,0,,
time_to_target,pdp_100,lr210,1,,4,256,ropke_distance_fixed_k,,,,,,,,,,0.27648100000078557,0
time_to_target,pdp_100,lr210,1,,4,256,qaoa,,,,,,,,,,0.2553367000000435,0
time_to_target,pdp_100,lr210,1,,4,256,efficient_su2,,,,,,,,,,0.27780490000077407,0
time_to_target,pdp_100,lr210,1,,4,256,hybrid_alns,,,,,,,,,,0.25781999999890104,0
fixed_budget,pdp_100,lr211,1,50,4,256,ropke_distance_fixed_k,2,911.52,inf,20711289.953452364,inf,inf,inf,25.93010669999785,0,,
fixed_budget,pdp_100,lr211,1,50,4,256,qaoa,2,911.52,inf,14998978.908188391,inf,inf,inf,25.743964599998435,0,,
fixed_budget,pdp_100,lr211,1,50,4,256,efficient_su2,2,911.52,inf,16606378.016979441,inf,inf,inf,26.38920119999966,0,,
fixed_budget,pdp_100,lr211,1,50,4,256,hybrid_alns,2,911.52,inf,18183354.11431239,inf,inf,inf,25.851238399998692,0,,
time_to_target,pdp_100,lr211,1,,4,256,ropke_distance_fixed_k,,,,,,,,,,0.4958671999993385,0
time_to_target,pdp_100,lr211,1,,4,256,qaoa,,,,,,,,,,0.5670657999980904,0
time_to_target,pdp_100,lr211,1,,4,256,efficient_su2,,,,,,,,,,0.5070135999994818,0
time_to_target,pdp_100,lr211,1,,4,256,hybrid_alns,,,,,,,,,,0.5358535000013944,0
fixed_budget,pdp_100,lrc101,1,53,4,256,ropke_distance_fixed_k,14,1708.8,inf,2678497.577469422,inf,inf,inf,2.186063999997714,0,,
fixed_budget,pdp_100,lrc101,1,53,4,256,qaoa,14,1708.8,inf,2662521.8099957025,inf,inf,inf,2.6802114000020083,0,,
fixed_budget,pdp_100,lrc101,1,53,4,256,efficient_su2,14,1708.8,inf,2648693.286114591,inf,inf,inf,2.258568400000513,0,,
fixed_budget,pdp_100,lrc101,1,53,4,256,hybrid_alns,14,1708.8,inf,2628677.853897224,inf,inf,inf,2.1361552999987907,0,,
time_to_target,pdp_100,lrc101,1,,4,256,ropke_distance_fixed_k,,,,,,,,,,0.051613399999041576,0
time_to_target,pdp_100,lrc101,1,,4,256,qaoa,,,,,,,,,,0.04863440000190167,0
time_to_target,pdp_100,lrc101,1,,4,256,efficient_su2,,,,,,,,,,0.05373930000132532,0
time_to_target,pdp_100,lrc101,1,,4,256,hybrid_alns,,,,,,,,,,0.03857820000121137,0
fixed_budget,pdp_100,lrc102,1,53,4,256,ropke_distance_fixed_k,12,1558.07,inf,2879184.9099457418,inf,inf,inf,2.406779999997525,0,,
fixed_budget,pdp_100,lrc102,1,53,4,256,qaoa,12,1558.07,inf,2140027.450423343,inf,inf,inf,2.3885365999994974,0,,
fixed_budget,pdp_100,lrc102,1,53,4,256,efficient_su2,12,1558.07,inf,2763104.864981412,inf,inf,inf,2.352268999999069,0,,
fixed_budget,pdp_100,lrc102,1,53,4,256,hybrid_alns,12,1558.07,inf,2879184.9099457418,inf,inf,inf,2.341039399998408,0,,
time_to_target,pdp_100,lrc102,1,,4,256,ropke_distance_fixed_k,,,,,,,,,,0.04243009999845526,0
time_to_target,pdp_100,lrc102,1,,4,256,qaoa,,,,,,,,,,0.05656979999912437,0
time_to_target,pdp_100,lrc102,1,,4,256,efficient_su2,,,,,,,,,,0.03968150000218884,0
time_to_target,pdp_100,lrc102,1,,4,256,hybrid_alns,,,,,,,,,,0.05115730000034091,0
fixed_budget,pdp_100,lrc103,1,53,4,256,ropke_distance_fixed_k,11,1258.74,inf,1579234.8951134752,inf,inf,inf,2.607656500000303,0,,
fixed_budget,pdp_100,lrc103,1,53,4,256,qaoa,11,1258.74,inf,1643796.3677759212,inf,inf,inf,2.7777146000007633,0,,
fixed_budget,pdp_100,lrc103,1,53,4,256,efficient_su2,11,1258.74,inf,1643796.3677759212,inf,inf,inf,2.7744977999973344,0,,
fixed_budget,pdp_100,lrc103,1,53,4,256,hybrid_alns,11,1258.74,inf,1643796.3677759212,inf,inf,inf,2.681350699996983,0,,
time_to_target,pdp_100,lrc103,1,,4,256,ropke_distance_fixed_k,,,,,,,,,,0.05028350000065984,0
time_to_target,pdp_100,lrc103,1,,4,256,qaoa,,,,,,,,,,0.0534220000008645,0
time_to_target,pdp_100,lrc103,1,,4,256,efficient_su2,,,,,,,,,,0.04754559999855701,0
time_to_target,pdp_100,lrc103,1,,4,256,hybrid_alns,,,,,,,,,,0.052574399996956345,0
fixed_budget,pdp_100,lrc104,1,54,4,256,ropke_distance_fixed_k,10,1128.4,inf,4472638.746032601,inf,inf,inf,3.088483899999119,0,,
fixed_budget,pdp_100,lrc104,1,54,4,256,qaoa,10,1128.4,inf,4472638.746032601,inf,inf,inf,2.9582137999968836,0,,
fixed_budget,pdp_100,lrc104,1,54,4,256,efficient_su2,10,1128.4,inf,4472638.746032601,inf,inf,inf,2.918811999999889,0,,
fixed_budget,pdp_100,lrc104,1,54,4,256,hybrid_alns,10,1128.4,inf,4472638.746032601,inf,inf,inf,3.11689899999692,0,,
time_to_target,pdp_100,lrc104,1,,4,256,ropke_distance_fixed_k,,,,,,,,,,0.05581040000106441,0
time_to_target,pdp_100,lrc104,1,,4,256,qaoa,,,,,,,,,,0.054410599997936515,0
time_to_target,pdp_100,lrc104,1,,4,256,efficient_su2,,,,,,,,,,0.06375889999981155,0
time_to_target,pdp_100,lrc104,1,,4,256,hybrid_alns,,,,,,,,,,0.061637899998459034,0
fixed_budget,pdp_100,lrc105,1,54,4,256,ropke_distance_fixed_k,13,1637.62,inf,2112560.077630716,inf,inf,inf,2.2578642000007676,0,,
fixed_budget,pdp_100,lrc105,1,54,4,256,qaoa,13,1637.62,inf,2216286.020642995,inf,inf,inf,2.4608277000006638,0,,
fixed_budget,pdp_100,lrc105,1,54,4,256,efficient_su2,13,1637.62,inf,2415696.313654856,inf,inf,inf,2.4437155999985407,0,,
fixed_budget,pdp_100,lrc105,1,54,4,256,hybrid_alns,13,1637.62,inf,1901303.9738660075,inf,inf,inf,2.3563290999991295,0,,
time_to_target,pdp_100,lrc105,1,,4,256,ropke_distance_fixed_k,,,,,,,,,,0.04851520000011078,0
time_to_target,pdp_100,lrc105,1,,4,256,qaoa,,,,,,,,,,0.04414380000162055,0
time_to_target,pdp_100,lrc105,1,,4,256,efficient_su2,,,,,,,,,,0.06359709999742336,0
time_to_target,pdp_100,lrc105,1,,4,256,hybrid_alns,,,,,,,,,,0.04162300000098185,0
fixed_budget,pdp_100,lrc106,1,53,4,256,ropke_distance_fixed_k,11,1424.73,inf,6500603.852739348,inf,inf,inf,2.743860999999015,0,,
fixed_budget,pdp_100,lrc106,1,53,4,256,qaoa,11,1424.73,inf,5765359.454701549,inf,inf,inf,2.714242500002001,0,,
fixed_budget,pdp_100,lrc106,1,53,4,256,efficient_su2,11,1424.73,inf,5640686.47079207,inf,inf,inf,2.711042599999928,0,,
fixed_budget,pdp_100,lrc106,1,53,4,256,hybrid_alns,11,1424.73,inf,6850117.420665479,inf,inf,inf,2.614100700000563,0,,
time_to_target,pdp_100,lrc106,1,,4,256,ropke_distance_fixed_k,,,,,,,,,,0.05016329999853042,0
time_to_target,pdp_100,lrc106,1,,4,256,qaoa,,,,,,,,,,0.04723110000122688,0
time_to_target,pdp_100,lrc106,1,,4,256,efficient_su2,,,,,,,,,,0.05038409999906435,0
time_to_target,pdp_100,lrc106,1,,4,256,hybrid_alns,,,,,,,,,,0.047856000001047505,0
fixed_budget,pdp_100,lrc107,1,53,4,256,ropke_distance_fixed_k,11,1230.14,inf,5444022.8657565415,inf,inf,inf,2.4630080000024464,0,,
fixed_budget,pdp_100,lrc107,1,53,4,256,qaoa,11,1230.14,inf,5294967.246246627,inf,inf,inf,2.682909199997084,0,,
fixed_budget,pdp_100,lrc107,1,53,4,256,efficient_su2,11,1230.14,inf,5292164.0926925745,inf,inf,inf,2.518301000000065,0,,
fixed_budget,pdp_100,lrc107,1,53,4,256,hybrid_alns,11,1230.14,inf,5059790.127482675,inf,inf,inf,2.5639699999992445,0,,
time_to_target,pdp_100,lrc107,1,,4,256,ropke_distance_fixed_k,,,,,,,,,,0.053698899999290006,0
time_to_target,pdp_100,lrc107,1,,4,256,qaoa,,,,,,,,,,0.049895599997398676,0
time_to_target,pdp_100,lrc107,1,,4,256,efficient_su2,,,,,,,,,,0.04538179999872227,0
time_to_target,pdp_100,lrc107,1,,4,256,hybrid_alns,,,,,,,,,,0.047457100001338404,0
fixed_budget,pdp_100,lrc108,1,52,4,256,ropke_distance_fixed_k,10,1147.43,inf,4943667.1053845165,inf,inf,inf,2.6866829999999027,0,,
fixed_budget,pdp_100,lrc108,1,52,4,256,qaoa,10,1147.43,inf,5671255.170941177,inf,inf,inf,2.7831822999978613,0,,
fixed_budget,pdp_100,lrc108,1,52,4,256,efficient_su2,10,1147.43,inf,5667998.832386118,inf,inf,inf,2.743116399997234,0,,
fixed_budget,pdp_100,lrc108,1,52,4,256,hybrid_alns,10,1147.43,inf,5780126.635646844,inf,inf,inf,2.697627300000022,0,,
time_to_target,pdp_100,lrc108,1,,4,256,ropke_distance_fixed_k,,,,,,,,,,0.05646369999885792,0
time_to_target,pdp_100,lrc108,1,,4,256,qaoa,,,,,,,,,,0.052008099999511614,0
time_to_target,pdp_100,lrc108,1,,4,256,efficient_su2,,,,,,,,,,0.053019099999801256,0
time_to_target,pdp_100,lrc108,1,,4,256,hybrid_alns,,,,,,,,,,0.059723799997300375,0
fixed_budget,pdp_100,lrc201,1,51,4,256,ropke_distance_fixed_k,4,1406.94,inf,6037764.277491655,inf,inf,inf,8.593163900000945,0,,
fixed_budget,pdp_100,lrc201,1,51,4,256,qaoa,4,1406.94,inf,5571978.796511976,inf,inf,inf,8.584932800000388,0,,
fixed_budget,pdp_100,lrc201,1,51,4,256,efficient_su2,4,1406.94,inf,4418862.403895431,inf,inf,inf,8.694344999999885,0,,
fixed_budget,pdp_100,lrc201,1,51,4,256,hybrid_alns,4,1406.94,inf,6138259.057386247,inf,inf,inf,8.724259099999472,0,,
time_to_target,pdp_100,lrc201,1,,4,256,ropke_distance_fixed_k,,,,,,,,,,0.18027010000150767,0
time_to_target,pdp_100,lrc201,1,,4,256,qaoa,,,,,,,,,,0.177886600002239,0
time_to_target,pdp_100,lrc201,1,,4,256,efficient_su2,,,,,,,,,,0.17408900000009453,0
time_to_target,pdp_100,lrc201,1,,4,256,hybrid_alns,,,,,,,,,,0.16867550000097253,0
fixed_budget,pdp_100,lrc202,1,51,4,256,ropke_distance_fixed_k,3,1374.27,inf,12474600.249944009,inf,inf,inf,13.990952799998922,0,,
fixed_budget,pdp_100,lrc202,1,51,4,256,qaoa,3,1374.27,inf,12286582.519638881,inf,inf,inf,14.055256499999814,0,,
fixed_budget,pdp_100,lrc202,1,51,4,256,efficient_su2,3,1374.27,inf,12199974.338324655,inf,inf,inf,13.929431900000054,0,,
fixed_budget,pdp_100,lrc202,1,51,4,256,hybrid_alns,3,1374.27,inf,12474600.249944009,inf,inf,inf,13.62136300000202,0,,
time_to_target,pdp_100,lrc202,1,,4,256,ropke_distance_fixed_k,,,,,,,,,,0.2752811999998812,0
time_to_target,pdp_100,lrc202,1,,4,256,qaoa,,,,,,,,,,0.2636644000012893,0
time_to_target,pdp_100,lrc202,1,,4,256,efficient_su2,,,,,,,,,,0.2839764999989711,0
time_to_target,pdp_100,lrc202,1,,4,256,hybrid_alns,,,,,,,,,,0.25731290000112494,0
fixed_budget,pdp_100,lrc203,1,51,4,256,ropke_distance_fixed_k,3,1089.07,inf,2467692.493003616,inf,inf,inf,13.796310300000187,0,,
fixed_budget,pdp_100,lrc203,1,51,4,256,qaoa,3,1089.07,inf,2467692.493003616,inf,inf,inf,13.97929970000041,0,,
fixed_budget,pdp_100,lrc203,1,51,4,256,efficient_su2,3,1089.07,inf,2467692.493003616,inf,inf,inf,13.852864299999055,0,,
fixed_budget,pdp_100,lrc203,1,51,4,256,hybrid_alns,3,1089.07,inf,2467692.493003616,inf,inf,inf,13.733521800000744,0,,
time_to_target,pdp_100,lrc203,1,,4,256,ropke_distance_fixed_k,,,,,,,,,,0.295745799998258,0
time_to_target,pdp_100,lrc203,1,,4,256,qaoa,,,,,,,,,,0.2697379999990517,0
time_to_target,pdp_100,lrc203,1,,4,256,efficient_su2,,,,,,,,,,0.27095940000072005,0
time_to_target,pdp_100,lrc203,1,,4,256,hybrid_alns,,,,,,,,,,0.2887724000029266,0
fixed_budget,pdp_100,lrc204,1,51,4,256,ropke_distance_fixed_k,3,818.66,inf,73377.59550370394,inf,inf,inf,14.71748959999968,0,,
fixed_budget,pdp_100,lrc204,1,51,4,256,qaoa,3,818.66,inf,73377.59550370394,inf,inf,inf,14.521612500000629,0,,
fixed_budget,pdp_100,lrc204,1,51,4,256,efficient_su2,3,818.66,inf,73377.59550370394,inf,inf,inf,14.327722099998937,0,,
fixed_budget,pdp_100,lrc204,1,51,4,256,hybrid_alns,3,818.66,inf,73377.59550370394,inf,inf,inf,14.613403100000141,0,,
time_to_target,pdp_100,lrc204,1,,4,256,ropke_distance_fixed_k,,,,,,,,,,0.270531199999823,0
time_to_target,pdp_100,lrc204,1,,4,256,qaoa,,,,,,,,,,0.28163300000232994,0
time_to_target,pdp_100,lrc204,1,,4,256,efficient_su2,,,,,,,,,,0.265217299998767,0
time_to_target,pdp_100,lrc204,1,,4,256,hybrid_alns,,,,,,,,,,0.3083442000024661,0
fixed_budget,pdp_100,lrc205,1,51,4,256,ropke_distance_fixed_k,4,1302.2,inf,3372680.461287733,inf,inf,inf,8.654604399998789,0,,
fixed_budget,pdp_100,lrc205,1,51,4,256,qaoa,4,1302.2,inf,3420327.129647418,inf,inf,inf,8.787877999999182,0,,
fixed_budget,pdp_100,lrc205,1,51,4,256,efficient_su2,4,1302.2,inf,3420327.129647418,inf,inf,inf,8.927077299998928,0,,
fixed_budget,pdp_100,lrc205,1,51,4,256,hybrid_alns,4,1302.2,inf,3420327.129647418,inf,inf,inf,8.772735499998817,0,,
time_to_target,pdp_100,lrc205,1,,4,256,ropke_distance_fixed_k,,,,,,,,,,0.15810959999726037,0
time_to_target,pdp_100,lrc205,1,,4,256,qaoa,,,,,,,,,,0.17427789999783272,0
time_to_target,pdp_100,lrc205,1,,4,256,efficient_su2,,,,,,,,,,0.1666096999979345,0
time_to_target,pdp_100,lrc205,1,,4,256,hybrid_alns,,,,,,,,,,0.16370259999894188,0
fixed_budget,pdp_100,lrc206,1,51,4,256,ropke_distance_fixed_k,3,1159.03,inf,18908507.63097166,inf,inf,inf,13.567314899999474,0,,
fixed_budget,pdp_100,lrc206,1,51,4,256,qaoa,3,1159.03,inf,16433402.94438862,inf,inf,inf,13.921567199999117,0,,
fixed_budget,pdp_100,lrc206,1,51,4,256,efficient_su2,3,1159.03,inf,18843511.21521973,inf,inf,inf,13.63577449999866,0,,
fixed_budget,pdp_100,lrc206,1,51,4,256,hybrid_alns,3,1159.03,inf,18908507.63097166,inf,inf,inf,13.635404600001493,0,,
time_to_target,pdp_100,lrc206,1,,4,256,ropke_distance_fixed_k,,,,,,,,,,0.2706276000026264,0
time_to_target,pdp_100,lrc206,1,,4,256,qaoa,,,,,,,,,,0.26763579999897047,0
time_to_target,pdp_100,lrc206,1,,4,256,efficient_su2,,,,,,,,,,0.2625797999971837,0
time_to_target,pdp_100,lrc206,1,,4,256,hybrid_alns,,,,,,,,,,0.27237679999961983,0
fixed_budget,pdp_100,lrc207,1,51,4,256,ropke_distance_fixed_k,3,1062.05,inf,14895215.068536077,inf,inf,inf,13.429609399998299,0,,
fixed_budget,pdp_100,lrc207,1,51,4,256,qaoa,3,1062.05,inf,15577256.553891182,inf,inf,inf,13.555693100002827,0,,
fixed_budget,pdp_100,lrc207,1,51,4,256,efficient_su2,3,1062.05,inf,12658384.962184008,inf,inf,inf,14.097434999999678,0,,
fixed_budget,pdp_100,lrc207,1,51,4,256,hybrid_alns,3,1062.05,inf,14526520.236385724,inf,inf,inf,13.487581900000805,0,,
time_to_target,pdp_100,lrc207,1,,4,256,ropke_distance_fixed_k,,,,,,,,,,0.26337539999803994,0
time_to_target,pdp_100,lrc207,1,,4,256,qaoa,,,,,,,,,,0.2675054000028467,0
time_to_target,pdp_100,lrc207,1,,4,256,efficient_su2,,,,,,,,,,0.2976507999992464,0
time_to_target,pdp_100,lrc207,1,,4,256,hybrid_alns,,,,,,,,,,0.2589114000002155,0
fixed_budget,pdp_100,lrc208,1,51,4,256,ropke_distance_fixed_k,3,852.76,inf,3861298.5765807787,inf,inf,inf,14.17440809999971,0,,
fixed_budget,pdp_100,lrc208,1,51,4,256,qaoa,3,852.76,inf,3861298.5765807787,inf,inf,inf,14.000283900000795,0,,
fixed_budget,pdp_100,lrc208,1,51,4,256,efficient_su2,3,852.76,inf,3406888.555196924,inf,inf,inf,14.163028299997677,0,,
fixed_budget,pdp_100,lrc208,1,51,4,256,hybrid_alns,3,852.76,inf,3610148.5831029518,inf,inf,inf,14.226186399999278,0,,
time_to_target,pdp_100,lrc208,1,,4,256,ropke_distance_fixed_k,,,,,,,,,,0.2728194000010262,0
time_to_target,pdp_100,lrc208,1,,4,256,qaoa,,,,,,,,,,0.2797351000008348,0
time_to_target,pdp_100,lrc208,1,,4,256,efficient_su2,,,,,,,,,,0.2723353000001225,0
time_to_target,pdp_100,lrc208,1,,4,256,hybrid_alns,,,,,,,,,,0.26817400000072666,0
fixed_budget,pdp_100,lc101,1,53,5,256,ropke_distance_fixed_k,10,828.94,828.9368669428341,828.9368669428341,828.9368669428341,0.0,-3.7795946220431313e-06,3.4159094000024197,1,,
fixed_budget,pdp_100,lc101,1,53,5,256,qaoa,10,828.94,828.9368669428341,828.9368669428341,828.9368669428341,0.0,-3.7795946220431313e-06,3.5586481999998796,1,,
fixed_budget,pdp_100,lc101,1,53,5,256,efficient_su2,10,828.94,828.9368669428341,828.9368669428341,828.9368669428341,0.0,-3.7795946220431313e-06,3.6671304000010423,1,,
fixed_budget,pdp_100,lc101,1,53,5,256,hybrid_alns,10,828.94,828.9368669428341,828.9368669428341,828.9368669428341,0.0,-3.7795946220431313e-06,3.560274699997535,1,,
time_to_target,pdp_100,lc101,1,,5,256,ropke_distance_fixed_k,,,,,,,,,,0.10401330000240705,0
time_to_target,pdp_100,lc101,1,,5,256,qaoa,,,,,,,,,,0.08095209999737563,0
time_to_target,pdp_100,lc101,1,,5,256,efficient_su2,,,,,,,,,,0.06727470000259927,0
time_to_target,pdp_100,lc101,1,,5,256,hybrid_alns,,,,,,,,,,0.07088829999702284,0
fixed_budget,pdp_100,lc102,1,53,5,256,ropke_distance_fixed_k,10,828.94,inf,6835206.567871202,inf,inf,inf,3.3836426999987452,0,,
fixed_budget,pdp_100,lc102,1,53,5,256,qaoa,10,828.94,inf,6835206.567871202,inf,inf,inf,3.5277114999989863,0,,
fixed_budget,pdp_100,lc102,1,53,5,256,efficient_su2,10,828.94,inf,5658660.084211745,inf,inf,inf,3.756916000002093,0,,
fixed_budget,pdp_100,lc102,1,53,5,256,hybrid_alns,10,828.94,inf,6835206.567871202,inf,inf,inf,3.3505565999985265,0,,
time_to_target,pdp_100,lc102,1,,5,256,ropke_distance_fixed_k,,,,,,,,,,0.07310150000193971,0
time_to_target,pdp_100,lc102,1,,5,256,qaoa,,,,,,,,,,0.06401229999755742,0
time_to_target,pdp_100,lc102,1,,5,256,efficient_su2,,,,,,,,,,0.06595650000235764,0
time_to_target,pdp_100,lc102,1,,5,256,hybrid_alns,,,,,,,,,,0.06516710000141757,0
fixed_budget,pdp_100,lc103,1,52,5,256,ropke_distance_fixed_k,9,1035.35,inf,4189014.37767134,inf,inf,inf,3.6395096000014746,0,,
fixed_budget,pdp_100,lc103,1,52,5,256,qaoa,9,1035.35,inf,4189014.37767134,inf,inf,inf,3.7724620000008144,0,,
fixed_budget,pdp_100,lc103,1,52,5,256,efficient_su2,9,1035.35,inf,4189014.37767134,inf,inf,inf,3.8002210000013292,0,,
fixed_budget,pdp_100,lc103,1,52,5,256,hybrid_alns,9,1035.35,inf,4189014.37767134,inf,inf,inf,3.6166461000029813,0,,
time_to_target,pdp_100,lc103,1,,5,256,ropke_distance_fixed_k,,,,,,,,,,0.06911780000154977,0
time_to_target,pdp_100,lc103,1,,5,256,qaoa,,,,,,,,,,0.07814700000017183,0
time_to_target,pdp_100,lc103,1,,5,256,efficient_su2,,,,,,,,,,0.08209120000174153,0
time_to_target,pdp_100,lc103,1,,5,256,hybrid_alns,,,,,,,,,,0.0757307000021683,0
fixed_budget,pdp_100,lc104,1,53,5,256,ropke_distance_fixed_k,9,860.01,inf,1313573.8896566955,inf,inf,inf,3.808142999998381,0,,
fixed_budget,pdp_100,lc104,1,53,5,256,qaoa,9,860.01,inf,1313573.8896566955,inf,inf,inf,3.9275858999972115,0,,
fixed_budget,pdp_100,lc104,1,53,5,256,efficient_su2,9,860.01,inf,1313573.8896566955,inf,inf,inf,3.939319399996748,0,,
fixed_budget,pdp_100,lc104,1,53,5,256,hybrid_alns,9,860.01,inf,1313573.8896566955,inf,inf,inf,3.759257900001103,0,,
time_to_target,pdp_100,lc104,1,,5,256,ropke_distance_fixed_k,,,,,,,,,,0.07240729999830364,0
time_to_target,pdp_100,lc104,1,,5,256,qaoa,,,,,,,,,,0.07380429999830085,0
time_to_target,pdp_100,lc104,1,,5,256,efficient_su2,,,,,,,,,,0.088586399997439,0
time_to_target,pdp_100,lc104,1,,5,256,hybrid_alns,,,,,,,,,,0.08717859999887878,0
fixed_budget,pdp_100,lc105,1,53,5,256,ropke_distance_fixed_k,10,828.94,inf,14821160.912271824,inf,inf,inf,3.3867367999991984,0,,
fixed_budget,pdp_100,lc105,1,53,5,256,qaoa,10,828.94,inf,14821160.912271824,inf,inf,inf,3.635663900000509,0,,
fixed_budget,pdp_100,lc105,1,53,5,256,efficient_su2,10,828.94,inf,14821160.912271824,inf,inf,inf,3.7009693999971205,0,,
fixed_budget,pdp_100,lc105,1,53,5,256,hybrid_alns,10,828.94,inf,14821160.912271824,inf,inf,inf,3.714864400000806,0,,
time_to_target,pdp_100,lc105,1,,5,256,ropke_distance_fixed_k,,,,,,,,,,0.06452440000066417,0
time_to_target,pdp_100,lc105,1,,5,256,qaoa,,,,,,,,,,0.06860489999962738,0
time_to_target,pdp_100,lc105,1,,5,256,efficient_su2,,,,,,,,,,0.08254849999866565,0
time_to_target,pdp_100,lc105,1,,5,256,hybrid_alns,,,,,,,,,,0.06024249999973108,0
fixed_budget,pdp_100,lc106,1,53,5,256,ropke_distance_fixed_k,10,828.94,inf,6808628.766986206,inf,inf,inf,3.4276892000016232,0,,
fixed_budget,pdp_100,lc106,1,53,5,256,qaoa,10,828.94,inf,7399122.480212065,inf,inf,inf,3.576525500000571,0,,
fixed_budget,pdp_100,lc106,1,53,5,256,efficient_su2,10,828.94,inf,7399122.480212065,inf,inf,inf,3.483005800000683,0,,
fixed_budget,pdp_100,lc106,1,53,5,256,hybrid_alns,10,828.94,inf,7399122.480212065,inf,inf,inf,3.440532600001461,0,,
time_to_target,pdp_100,lc106,1,,5,256,ropke_distance_fixed_k,,,,,,,,,,0.07683400000314577,0
time_to_target,pdp_100,lc106,1,,5,256,qaoa,,,,,,,,,,0.06467239999983576,0
time_to_target,pdp_100,lc106,1,,5,256,efficient_su2,,,,,,,,,,0.06328840000060154,0
time_to_target,pdp_100,lc106,1,,5,256,hybrid_alns,,,,,,,,,,0.07647329999963404,0
fixed_budget,pdp_100,lc107,1,53,5,256,ropke_distance_fixed_k,10,828.94,inf,10042155.685847528,inf,inf,inf,3.448016700000153,0,,
fixed_budget,pdp_100,lc107,1,53,5,256,qaoa,10,828.94,inf,10042155.685847528,inf,inf,inf,3.6406252999986464,0,,
fixed_budget,pdp_100,lc107,1,53,5,256,efficient_su2,10,828.94,inf,10042155.685847528,inf,inf,inf,3.5448772000017925,0,,
fixed_budget,pdp_100,lc107,1,53,5,256,hybrid_alns,10,828.94,inf,10042155.685847528,inf,inf,inf,3.6840788000008615,0,,
time_to_target,pdp_100,lc107,1,,5,256,ropke_distance_fixed_k,,,,,,,,,,0.0720595000020694,0
time_to_target,pdp_100,lc107,1,,5,256,qaoa,,,,,,,,,,0.06869199999709963,0
time_to_target,pdp_100,lc107,1,,5,256,efficient_su2,,,,,,,,,,0.06632560000070953,0
time_to_target,pdp_100,lc107,1,,5,256,hybrid_alns,,,,,,,,,,0.0656083000030776,0
fixed_budget,pdp_100,lc108,1,53,5,256,ropke_distance_fixed_k,10,826.44,inf,7114694.795863391,inf,inf,inf,3.5496877999976277,0,,
fixed_budget,pdp_100,lc108,1,53,5,256,qaoa,10,826.44,inf,7241379.46757529,inf,inf,inf,3.5653636999995797,0,,
fixed_budget,pdp_100,lc108,1,53,5,256,efficient_su2,10,826.44,inf,7241379.46757529,inf,inf,inf,3.5939261999992596,0,,
fixed_budget,pdp_100,lc108,1,53,5,256,hybrid_alns,10,826.44,inf,7241379.46757529,inf,inf,inf,3.373299799997767,0,,
time_to_target,pdp_100,lc108,1,,5,256,ropke_distance_fixed_k,,,,,,,,,,0.06318710000050487,0
time_to_target,pdp_100,lc108,1,,5,256,qaoa,,,,,,,,,,0.06493739999859827,0
time_to_target,pdp_100,lc108,1,,5,256,efficient_su2,,,,,,,,,,0.07382380000126432,0
time_to_target,pdp_100,lc108,1,,5,256,hybrid_alns,,,,,,,,,,0.09222999999838066,0
fixed_budget,pdp_100,lc109,1,53,5,256,ropke_distance_fixed_k,9,1000.6,inf,8228381.479505691,inf,inf,inf,3.8533814000002167,0,,
fixed_budget,pdp_100,lc109,1,53,5,256,qaoa,9,1000.6,inf,8228381.479505691,inf,inf,inf,3.8538449999978184,0,,
fixed_budget,pdp_100,lc109,1,53,5,256,efficient_su2,9,1000.6,inf,8228381.479505691,inf,inf,inf,3.944838700001128,0,,
fixed_budget,pdp_100,lc109,1,53,5,256,hybrid_alns,9,1000.6,inf,8228381.479505691,inf,inf,inf,3.9790508999976737,0,,
time_to_target,pdp_100,lc109,1,,5,256,ropke_distance_fixed_k,,,,,,,,,,0.07764959999985876,0
time_to_target,pdp_100,lc109,1,,5,256,qaoa,,,,,,,,,,0.0881212999993295,0
time_to_target,pdp_100,lc109,1,,5,256,efficient_su2,,,,,,,,,,0.08881409999958123,0
time_to_target,pdp_100,lc109,1,,5,256,hybrid_alns,,,,,,,,,,0.0862264999996114,0
fixed_budget,pdp_100,lc201,1,51,5,256,ropke_distance_fixed_k,3,591.56,591.5565566715015,591.5565566715015,591.5565566715015,0.0,-5.820759514514365e-06,16.10928000000058,1,,
fixed_budget,pdp_100,lc201,1,51,5,256,qaoa,3,591.56,591.5565566715015,591.5565566715015,591.5565566715015,0.0,-5.820759514514365e-06,16.015601700000843,1,,
fixed_budget,pdp_100,lc201,1,51,5,256,efficient_su2,3,591.56,591.5565566715015,591.5565566715015,591.5565566715015,0.0,-5.820759514514365e-06,15.950647199999366,1,,
fixed_budget,pdp_100,lc201,1,51,5,256,hybrid_alns,3,591.56,591.5565566715015,591.5565566715015,591.5565566715015,0.0,-5.820759514514365e-06,16.111681300000782,1,,
time_to_target,pdp_100,lc201,1,,5,256,ropke_distance_fixed_k,,,,,,,,,,0.31267859999934444,0
time_to_target,pdp_100,lc201,1,,5,256,qaoa,,,,,,,,,,0.3278948000006494,0
time_to_target,pdp_100,lc201,1,,5,256,efficient_su2,,,,,,,,,,0.3199630999988585,0
time_to_target,pdp_100,lc201,1,,5,256,hybrid_alns,,,,,,,,,,0.31223180000233697,0
fixed_budget,pdp_100,lc202,1,51,5,256,ropke_distance_fixed_k,3,591.56,591.5565566715015,591.5565566715015,591.5565566715015,0.0,-5.820759514514365e-06,15.912819400000444,1,,
fixed_budget,pdp_100,lc202,1,51,5,256,qaoa,3,591.56,591.5565566715015,591.5565566715015,591.5565566715015,0.0,-5.820759514514365e-06,15.672441799997614,1,,
fixed_budget,pdp_100,lc202,1,51,5,256,efficient_su2,3,591.56,591.5565566715015,591.5565566715015,591.5565566715015,0.0,-5.820759514514365e-06,15.882939300001453,1,,
fixed_budget,pdp_100,lc202,1,51,5,256,hybrid_alns,3,591.56,591.5565566715015,591.5565566715015,591.5565566715015,0.0,-5.820759514514365e-06,15.628839099998004,1,,
time_to_target,pdp_100,lc202,1,,5,256,ropke_distance_fixed_k,,,,,,,,,,0.3189830000010261,0
time_to_target,pdp_100,lc202,1,,5,256,qaoa,,,,,,,,,,0.30115639999712585,0
time_to_target,pdp_100,lc202,1,,5,256,efficient_su2,,,,,,,,,,0.31480780000129016,0
time_to_target,pdp_100,lc202,1,,5,256,hybrid_alns,,,,,,,,,,0.3071922999988601,0
fixed_budget,pdp_100,lc203,1,51,5,256,ropke_distance_fixed_k,3,591.17,inf,11051048.810603557,inf,inf,inf,16.240624500002014,0,,
fixed_budget,pdp_100,lc203,1,51,5,256,qaoa,3,591.17,inf,11051048.810603557,inf,inf,inf,16.52244100000098,0,,
fixed_budget,pdp_100,lc203,1,51,5,256,efficient_su2,3,591.17,inf,11051048.810603557,inf,inf,inf,16.43725309999718,0,,
fixed_budget,pdp_100,lc203,1,51,5,256,hybrid_alns,3,591.17,inf,11051048.810603557,inf,inf,inf,16.173661699998775,0,,
time_to_target,pdp_100,lc203,1,,5,256,ropke_distance_fixed_k,,,,,,,,,,0.3315210000000661,0
time_to_target,pdp_100,lc203,1,,5,256,qaoa,,,,,,,,,,0.3041396000007808,0
time_to_target,pdp_100,lc203,1,,5,256,efficient_su2,,,,,,,,,,0.3505706999967515,0
time_to_target,pdp_100,lc203,1,,5,256,hybrid_alns,,,,,,,,,,0.3091910999974061,0
fixed_budget,pdp_100,lc204,1,51,5,256,ropke_distance_fixed_k,3,590.6,inf,1850704.106332381,inf,inf,inf,15.763262799999211,0,,
fixed_budget,pdp_100,lc204,1,51,5,256,qaoa,3,590.6,inf,1850704.106332381,inf,inf,inf,15.972756399998616,0,,
fixed_budget,pdp_100,lc204,1,51,5,256,efficient_su2,3,590.6,inf,1850704.106332381,inf,inf,inf,15.962723200002074,0,,
fixed_budget,pdp_100,lc204,1,51,5,256,hybrid_alns,3,590.6,inf,1850704.106332381,inf,inf,inf,15.920400999999401,0,,
time_to_target,pdp_100,lc204,1,,5,256,ropke_distance_fixed_k,,,,,,,,,,0.30563729999994393,0
time_to_target,pdp_100,lc204,1,,5,256,qaoa,,,,,,,,,,0.3218998999982432,0
time_to_target,pdp_100,lc204,1,,5,256,efficient_su2,,,,,,,,,,0.3111387000026298,0
time_to_target,pdp_100,lc204,1,,5,256,hybrid_alns,,,,,,,,,,0.3053698000003351,0
fixed_budget,pdp_100,lc205,1,51,5,256,ropke_distance_fixed_k,3,588.88,inf,107895243.78342193,inf,inf,inf,15.898187300001155,0,,
fixed_budget,pdp_100,lc205,1,51,5,256,qaoa,3,588.88,inf,98346257.59350143,inf,inf,inf,16.406237999999576,0,,
fixed_budget,pdp_100,lc205,1,51,5,256,efficient_su2,3,588.88,inf,76237106.75560535,inf,inf,inf,16.623928000000888,0,,
fixed_budget,pdp_100,lc205,1,51,5,256,hybrid_alns,3,588.88,inf,95046014.71446598,inf,inf,inf,16.104839499999798,0,,
time_to_target,pdp_100,lc205,1,,5,256,ropke_distance_fixed_k,,,,,,,,,,0.3116477000003215,0
time_to_target,pdp_100,lc205,1,,5,256,qaoa,,,,,,,,,,0.3240888000000268,0
time_to_target,pdp_100,lc205,1,,5,256,efficient_su2,,,,,,,,,,0.35247680000247783,0
time_to_target,pdp_100,lc205,1,,5,256,hybrid_alns,,,,,,,,,,0.3334395999991102,0
fixed_budget,pdp_100,lc206,1,51,5,256,ropke_distance_fixed_k,3,588.49,inf,38765144.202726535,inf,inf,inf,16.412043799999083,0,,
fixed_budget,pdp_100,lc206,1,51,5,256,qaoa,3,588.49,inf,38765144.202726535,inf,inf,inf,16.495082299999922,0,,
fixed_budget,pdp_100,lc206,1,51,5,256,efficient_su2,3,588.49,inf,38765144.202726535,inf,inf,inf,16.328381200000877,0,,
fixed_budget,pdp_100,lc206,1,51,5,256,hybrid_alns,3,588.49,inf,34570287.40465544,inf,inf,inf,16.02063679999992,0,,
time_to_target,pdp_100,lc206,1,,5,256,ropke_distance_fixed_k,,,,,,,,,,0.30767159999959404,0
time_to_target,pdp_100,lc206,1,,5,256,qaoa,,,,,,,,,,0.33524749999924097,0
time_to_target,pdp_100,lc206,1,,5,256,efficient_su2,,,,,,,,,,0.3100942999990366,0
time_to_target,pdp_100,lc206,1,,5,256,hybrid_alns,,,,,,,,,,0.3099914999984321,0
fixed_budget,pdp_100,lc207,1,51,5,256,ropke_distance_fixed_k,3,588.29,inf,19224457.408220775,inf,inf,inf,16.235252300000866,0,,
fixed_budget,pdp_100,lc207,1,51,5,256,qaoa,3,588.29,inf,19224457.408220775,inf,inf,inf,16.32663120000143,0,,
fixed_budget,pdp_100,lc207,1,51,5,256,efficient_su2,3,588.29,inf,19224457.408220775,inf,inf,inf,16.30841550000332,0,,
fixed_budget,pdp_100,lc207,1,51,5,256,hybrid_alns,3,588.29,inf,17983699.51477135,inf,inf,inf,16.155466799998976,0,,
time_to_target,pdp_100,lc207,1,,5,256,ropke_distance_fixed_k,,,,,,,,,,0.34516119999898365,0
time_to_target,pdp_100,lc207,1,,5,256,qaoa,,,,,,,,,,0.3207098000020778,0
time_to_target,pdp_100,lc207,1,,5,256,efficient_su2,,,,,,,,,,0.3403827000001911,0
time_to_target,pdp_100,lc207,1,,5,256,hybrid_alns,,,,,,,,,,0.32428430000072694,0
fixed_budget,pdp_100,lc208,1,51,5,256,ropke_distance_fixed_k,3,588.32,inf,31622189.39426611,inf,inf,inf,16.591732599998068,0,,
fixed_budget,pdp_100,lc208,1,51,5,256,qaoa,3,588.32,inf,37702031.679405145,inf,inf,inf,16.36884149999969,0,,
fixed_budget,pdp_100,lc208,1,51,5,256,efficient_su2,3,588.32,inf,31999766.77632628,inf,inf,inf,16.366033100002824,0,,
fixed_budget,pdp_100,lc208,1,51,5,256,hybrid_alns,3,588.32,inf,36825735.6071876,inf,inf,inf,16.175057399999787,0,,
time_to_target,pdp_100,lc208,1,,5,256,ropke_distance_fixed_k,,,,,,,,,,0.36256589999902644,0
time_to_target,pdp_100,lc208,1,,5,256,qaoa,,,,,,,,,,0.31474320000052103,0
time_to_target,pdp_100,lc208,1,,5,256,efficient_su2,,,,,,,,,,0.3398068999995303,0
time_to_target,pdp_100,lc208,1,,5,256,hybrid_alns,,,,,,,,,,0.3632411999969918,0
fixed_budget,pdp_100,lr101,1,53,5,256,ropke_distance_fixed_k,19,1650.8,inf,427086.72506035125,inf,inf,inf,1.932721599998331,0,,
fixed_budget,pdp_100,lr101,1,53,5,256,qaoa,19,1650.8,inf,511866.7242152821,inf,inf,inf,2.127012699998886,0,,
fixed_budget,pdp_100,lr101,1,53,5,256,efficient_su2,19,1650.8,inf,568226.6635259885,inf,inf,inf,2.2770961000023817,0,,
fixed_budget,pdp_100,lr101,1,53,5,256,hybrid_alns,19,1650.8,inf,568226.6635259885,inf,inf,inf,2.031044399998791,0,,
time_to_target,pdp_100,lr101,1,,5,256,ropke_distance_fixed_k,,,,,,,,,,0.029606000000057975,0
time_to_target,pdp_100,lr101,1,,5,256,qaoa,,,,,,,,,,0.049651299999823095,0
time_to_target,pdp_100,lr101,1,,5,256,efficient_su2,,,,,,,,,,0.035581700001785066,0
time_to_target,pdp_100,lr101,1,,5,256,hybrid_alns,,,,,,,,,,0.03714449999824865,0
fixed_budget,pdp_100,lr102,1,55,5,256,ropke_distance_fixed_k,17,1487.57,inf,51098.801177267276,inf,inf,inf,2.4172245000008843,0,,
fixed_budget,pdp_100,lr102,1,55,5,256,qaoa,17,1487.57,inf,51098.801177267276,inf,inf,inf,2.782756299999164,0,,
fixed_budget,pdp_100,lr102,1,55,5,256,efficient_su2,17,1487.57,inf,51098.801177267276,inf,inf,inf,2.628678100001707,0,,
fixed_budget,pdp_100,lr102,1,55,5,256,hybrid_alns,17,1487.57,inf,51098.801177267276,inf,inf,inf,2.4447757999987516,0,,
time_to_target,pdp_100,lr102,1,,5,256,ropke_distance_fixed_k,,,,,,,,,,0.042086699999345,0
time_to_target,pdp_100,lr102,1,,5,256,qaoa,,,,,,,,,,0.043662899999617366,0
time_to_target,pdp_100,lr102,1,,5,256,efficient_su2,,,,,,,,,,0.06163180000294233,0
time_to_target,pdp_100,lr102,1,,5,256,hybrid_alns,,,,,,,,,,0.0554374999992433,0
fixed_budget,pdp_100,lr103,1,52,5,256,ropke_distance_fixed_k,13,1292.68,inf,1307935.3799382285,inf,inf,inf,2.561477499999455,0,,
fixed_budget,pdp_100,lr103,1,52,5,256,qaoa,13,1292.68,inf,1033804.398132586,inf,inf,inf,2.5717353999971237,0,,
fixed_budget,pdp_100,lr103,1,52,5,256,efficient_su2,13,1292.68,inf,1307935.3799382285,inf,inf,inf,2.718297400002484,0,,
fixed_budget,pdp_100,lr103,1,52,5,256,hybrid_alns,13,1292.68,inf,1307935.3799382285,inf,inf,inf,2.541405299998587,0,,
time_to_target,pdp_100,lr103,1,,5,256,ropke_distance_fixed_k,,,,,,,,,,0.042107199999009026,0
time_to_target,pdp_100,lr103,1,,5,256,qaoa,,,,,,,,,,0.0497417000005953,0
time_to_target,pdp_100,lr103,1,,5,256,efficient_su2,,,,,,,,,,0.05886570000075153,0
time_to_target,pdp_100,lr103,1,,5,256,hybrid_alns,,,,,,,,,,0.0576930999995966,0
fixed_budget,pdp_100,lr104,1,52,5,256,ropke_distance_fixed_k,9,1013.39,inf,3805397.3065616004,inf,inf,inf,3.7667027000024973,0,,
fixed_budget,pdp_100,lr104,1,52,5,256,qaoa,9,1013.39,inf,3771532.987910579,inf,inf,inf,4.022241999999096,0,,
fixed_budget,pdp_100,lr104,1,52,5,256,efficient_su2,9,1013.39,inf,3805397.3065616004,inf,inf,inf,3.797393099997862,0,,
fixed_budget,pdp_100,lr104,1,52,5,256,hybrid_alns,9,1013.39,inf,3805397.3065616004,inf,inf,inf,3.931317599999602,0,,
time_to_target,pdp_100,lr104,1,,5,256,ropke_distance_fixed_k,,,,,,,,,,0.06925010000122711,0
time_to_target,pdp_100,lr104,1,,5,256,qaoa,,,,,,,,,,0.08971670000028098,0
time_to_target,pdp_100,lr104,1,,5,256,efficient_su2,,,,,,,,,,0.07084909999684896,0
time_to_target,pdp_100,lr104,1,,5,256,hybrid_alns,,,,,,,,,,0.06498730000021169,0
fixed_budget,pdp_100,lr105,1,53,5,256,ropke_distance_fixed_k,14,1377.11,inf,1225773.8100976583,inf,inf,inf,2.4358078000004753,0,,
fixed_budget,pdp_100,lr105,1,53,5,256,qaoa,14,1377.11,inf,922686.5872942611,inf,inf,inf,2.5781998000020394,0,,
fixed_budget,pdp_100,lr105,1,53,5,256,efficient_su2,14,1377.11,inf,1139369.6233359063,inf,inf,inf,2.4291310000007797,0,,
fixed_budget,pdp_100,lr105,1,53,5,256,hybrid_alns,14,1377.11,inf,1139369.6233359063,inf,inf,inf,2.5213345999982266,0,,
time_to_target,pdp_100,lr105,1,,5,256,ropke_distance_fixed_k,,,,,,,,,,0.045869500001572305,0
time_to_target,pdp_100,lr105,1,,5,256,qaoa,,,,,,,,,,0.05782560000079684,0
time_to_target,pdp_100,lr105,1,,5,256,efficient_su2,,,,,,,,,,0.045250200000737095,0
time_to_target,pdp_100,lr105,1,,5,256,hybrid_alns,,,,,,,,,,0.04694050000034622,0
fixed_budget,pdp_100,lr106,1,52,5,256,ropke_distance_fixed_k,12,1252.62,inf,1926959.9843473407,inf,inf,inf,2.634593800001312,0,,
fixed_budget,pdp_100,lr106,1,52,5,256,qaoa,12,1252.62,inf,1926959.9843473407,inf,inf,inf,2.8964448000006087,0,,
fixed_budget,pdp_100,lr106,1,52,5,256,efficient_su2,12,1252.62,inf,1926959.9843473407,inf,inf,inf,2.864437700001872,0,,
fixed_budget,pdp_100,lr106,1,52,5,256,hybrid_alns,12,1252.62,inf,1926959.9843473407,inf,inf,inf,2.8180494000007457,0,,
time_to_target,pdp_100,lr106,1,,5,256,ropke_distance_fixed_k,,,,,,,,,,0.060006899999279995,0
time_to_target,pdp_100,lr106,1,,5,256,qaoa,,,,,,,,,,0.06524590000117314,0
time_to_target,pdp_100,lr106,1,,5,256,efficient_su2,,,,,,,,,,0.06526400000075228,0
time_to_target,pdp_100,lr106,1,,5,256,hybrid_alns,,,,,,,,,,0.06419549999918672,0
fixed_budget,pdp_100,lr107,1,52,5,256,ropke_distance_fixed_k,10,1111.31,inf,2922812.7410410736,inf,inf,inf,3.358390600002167,0,,
fixed_budget,pdp_100,lr107,1,52,5,256,qaoa,10,1111.31,inf,2922812.7410410736,inf,inf,inf,3.4533387000010407,0,,
fixed_budget,pdp_100,lr107,1,52,5,256,efficient_su2,10,1111.31,inf,2922812.7410410736,inf,inf,inf,3.4790336999976716,0,,
fixed_budget,pdp_100,lr107,1,52,5,256,hybrid_alns,10,1111.31,inf,2922812.7410410736,inf,inf,inf,3.608777600002213,0,,
time_to_target,pdp_100,lr107,1,,5,256,ropke_distance_fixed_k,,,,,,,,,,0.07477950000247802,0
time_to_target,pdp_100,lr107,1,,5,256,qaoa,,,,,,,,,,0.07530350000160979,0
time_to_target,pdp_100,lr107,1,,5,256,efficient_su2,,,,,,,,,,0.07011829999828478,0
time_to_target,pdp_100,lr107,1,,5,256,hybrid_alns,,,,,,,,,,0.07611830000314512,0
fixed_budget,pdp_100,lr108,1,50,5,256,ropke_distance_fixed_k,9,968.97,inf,6211668.2927123085,inf,inf,inf,3.2303060999984154,0,,
fixed_budget,pdp_100,lr108,1,50,5,256,qaoa,9,968.97,inf,5979101.880782831,inf,inf,inf,3.3705522999989626,0,,
fixed_budget,pdp_100,lr108,1,50,5,256,efficient_su2,9,968.97,inf,6219041.915444401,inf,inf,inf,3.4130490999996255,0,,
fixed_budget,pdp_100,lr108,1,50,5,256,hybrid_alns,9,968.97,inf,5845545.661871407,inf,inf,inf,3.2676434999993944,0,,
time_to_target,pdp_100,lr108,1,,5,256,ropke_distance_fixed_k,,,,,,,,,,0.06695199999739998,0
time_to_target,pdp_100,lr108,1,,5,256,qaoa,,,,,,,,,,0.0727097999988473,0
time_to_target,pdp_100,lr108,1,,5,256,efficient_su2,,,,,,,,,,0.06522779999795603,0
time_to_target,pdp_100,lr108,1,,5,256,hybrid_alns,,,,,,,,,,0.06417890000011539,0
fixed_budget,pdp_100,lr109,1,53,5,256,ropke_distance_fixed_k,11,1208.96,inf,2720686.2558292793,inf,inf,inf,2.933932399999321,0,,
fixed_budget,pdp_100,lr109,1,53,5,256,qaoa,11,1208.96,inf,2720686.2558292793,inf,inf,inf,3.1638132000007317,0,,
fixed_budget,pdp_100,lr109,1,53,5,256,efficient_su2,11,1208.96,inf,2720686.2558292793,inf,inf,inf,3.2363913000008324,0,,
fixed_budget,pdp_100,lr109,1,53,5,256,hybrid_alns,11,1208.96,inf,2720686.2558292793,inf,inf,inf,3.121817999999621,0,,
time_to_target,pdp_100,lr109,1,,5,256,ropke_distance_fixed_k,,,,,,,,,,0.058533699997497024,0
time_to_target,pdp_100,lr109,1,,5,256,qaoa,,,,,,,,,,0.07039660000009462,0
time_to_target,pdp_100,lr109,1,,5,256,efficient_su2,,,,,,,,,,0.09567080000124406,0
time_to_target,pdp_100,lr109,1,,5,256,hybrid_alns,,,,,,,,,,0.07009549999929732,0
fixed_budget,pdp_100,lr110,1,52,5,256,ropke_distance_fixed_k,10,1159.35,inf,6261637.554660496,inf,inf,inf,3.318918900000426,0,,
fixed_budget,pdp_100,lr110,1,52,5,256,qaoa,10,1159.35,inf,6017005.5904774135,inf,inf,inf,3.4258888000003935,0,,
fixed_budget,pdp_100,lr110,1,52,5,256,efficient_su2,10,1159.35,inf,6156572.00091788,inf,inf,inf,3.2690087000009953,0,,
fixed_budget,pdp_100,lr110,1,52,5,256,hybrid_alns,10,1159.35,inf,6261637.554660496,inf,inf,inf,3.3291050999978324,0,,
time_to_target,pdp_100,lr110,1,,5,256,ropke_distance_fixed_k,,,,,,,,,,0.05276159999993979,0
time_to_target,pdp_100,lr110,1,,5,256,qaoa,,,,,,,,,,0.06466789999831235,0
time_to_target,pdp_100,lr110,1,,5,256,efficient_su2,,,,,,,,,,0.06479360000230372,0
time_to_target,pdp_100,lr110,1,,5,256,hybrid_alns,,,,,,,,,,0.06456879999677767,0
fixed_budget,pdp_100,lr111,1,54,5,256,ropke_distance_fixed_k,10,1108.9,inf,5155344.518481427,inf,inf,inf,3.70985699999801,0,,
fixed_budget,pdp_100,lr111,1,54,5,256,qaoa,10,1108.9,inf,5155344.518481427,inf,inf,inf,3.9713981000022613,0,,
fixed_budget,pdp_100,lr111,1,54,5,256,efficient_su2,10,1108.9,inf,5114233.91768679,inf,inf,inf,3.815006799999537,0,,
fixed_budget,pdp_100,lr111,1,54,5,256,hybrid_alns,10,1108.9,inf,5155344.518481427,inf,inf,inf,3.868332800000644,0,,
time_to_target,pdp_100,lr111,1,,5,256,ropke_distance_fixed_k,,,,,,,,,,0.06995109999843407,0
time_to_target,pdp_100,lr111,1,,5,256,qaoa,,,,,,,,,,0.07120919999942998,0
time_to_target,pdp_100,lr111,1,,5,256,efficient_su2,,,,,,,,,,0.084877500001312,0
time_to_target,pdp_100,lr111,1,,5,256,hybrid_alns,,,,,,,,,,0.10388230000171461,0
fixed_budget,pdp_100,lr112,1,53,5,256,ropke_distance_fixed_k,9,1003.77,inf,8750317.832524102,inf,inf,inf,3.826317499999277,0,,
fixed_budget,pdp_100,lr112,1,53,5,256,qaoa,9,1003.77,inf,8750317.832524102,inf,inf,inf,3.991517099999328,0,,
fixed_budget,pdp_100,lr112,1,53,5,256,efficient_su2,9,1003.77,inf,8750317.832524102,inf,inf,inf,3.9775362000000314,0,,
fixed_budget,pdp_100,lr112,1,53,5,256,hybrid_alns,9,1003.77,inf,8725146.378664194,inf,inf,inf,3.906807999999728,0,,
time_to_target,pdp_100,lr112,1,,5,256,ropke_distance_fixed_k,,,,,,,,,,0.07820509999874048,0
time_to_target,pdp_100,lr112,1,,5,256,qaoa,,,,,,,,,,0.07681410000077449,0
time_to_target,pdp_100,lr112,1,,5,256,efficient_su2,,,,,,,,,,0.07180929999958607,0
time_to_target,pdp_100,lr112,1,,5,256,hybrid_alns,,,,,,,,,,0.07780610000190791,0
fixed_budget,pdp_100,lr201,1,51,5,256,ropke_distance_fixed_k,4,1253.23,inf,1046026.2644519244,inf,inf,inf,10.086278499999025,0,,
fixed_budget,pdp_100,lr201,1,51,5,256,qaoa,4,1253.23,inf,1145469.1223547522,inf,inf,inf,10.590631099999882,0,,
fixed_budget,pdp_100,lr201,1,51,5,256,efficient_su2,4,1253.23,inf,1145469.1223547522,inf,inf,inf,10.63928190000297,0,,
fixed_budget,pdp_100,lr201,1,51,5,256,hybrid_alns,4,1253.23,inf,1145469.1223547522,inf,inf,inf,10.336346199997934,0,,
time_to_target,pdp_100,lr201,1,,5,256,ropke_distance_fixed_k,,,,,,,,,,0.22533779999866965,0
time_to_target,pdp_100,lr201,1,,5,256,qaoa,,,,,,,,,,0.19319759999780217,0
time_to_target,pdp_100,lr201,1,,5,256,efficient_su2,,,,,,,,,,0.19631120000121882,0
time_to_target,pdp_100,lr201,1,,5,256,hybrid_alns,,,,,,,,,,0.1943972000008216,0
fixed_budget,pdp_100,lr202,1,50,5,256,ropke_distance_fixed_k,3,1197.67,inf,2581923.213621744,inf,inf,inf,15.480895799999416,0,,
fixed_budget,pdp_100,lr202,1,50,5,256,qaoa,3,1197.67,inf,3572028.996853761,inf,inf,inf,15.322170899999037,0,,
fixed_budget,pdp_100,lr202,1,50,5,256,efficient_su2,3,1197.67,inf,3572028.996853761,inf,inf,inf,15.353354999999283,0,,
fixed_budget,pdp_100,lr202,1,50,5,256,hybrid_alns,3,1197.67,inf,3572028.996853761,inf,inf,inf,15.539798400001018,0,,
time_to_target,pdp_100,lr202,1,,5,256,ropke_distance_fixed_k,,,,,,,,,,0.297794400001294,0
time_to_target,pdp_100,lr202,1,,5,256,qaoa,,,,,,,,,,0.3246015000004263,0
time_to_target,pdp_100,lr202,1,,5,256,efficient_su2,,,,,,,,,,0.32511800000065705,0
time_to_target,pdp_100,lr202,1,,5,256,hybrid_alns,,,,,,,,,,0.2913683000006131,0
fixed_budget,pdp_100,lr203,1,51,5,256,ropke_distance_fixed_k,3,949.4,inf,490138.3280013145,inf,inf,inf,16.129630600000382,0,,
fixed_budget,pdp_100,lr203,1,51,5,256,qaoa,3,949.4,inf,634410.9500480383,inf,inf,inf,16.06939770000099,0,,
fixed_budget,pdp_100,lr203,1,51,5,256,efficient_su2,3,949.4,inf,609536.6401626144,inf,inf,inf,16.692886999997427,0,,
fixed_budget,pdp_100,lr203,1,51,5,256,hybrid_alns,3,949.4,inf,510343.61495792377,inf,inf,inf,16.286383799997566,0,,
time_to_target,pdp_100,lr203,1,,5,256,ropke_distance_fixed_k,,,,,,,,,,0.30360750000181724,0
time_to_target,pdp_100,lr203,1,,5,256,qaoa,,,,,,,,,,0.30166920000192476,0
time_to_target,pdp_100,lr203,1,,5,256,efficient_su2,,,,,,,,,,0.30966739999712445,0
time_to_target,pdp_100,lr203,1,,5,256,hybrid_alns,,,,,,,,,,0.34117219999825465,0
fixed_budget,pdp_100,lr204,1,50,5,256,ropke_distance_fixed_k,2,849.05,inf,10748173.221350111,inf,inf,inf,31.47041480000189,0,,
fixed_budget,pdp_100,lr204,1,50,5,256,qaoa,2,849.05,inf,11714838.762927094,inf,inf,inf,31.173672799999622,0,,
fixed_budget,pdp_100,lr204,1,50,5,256,efficient_su2,2,849.05,inf,11247277.228599522,inf,inf,inf,31.819006499998068,0,,
fixed_budget,pdp_100,lr204,1,50,5,256,hybrid_alns,2,849.05,inf,10682075.096347023,inf,inf,inf,30.942364099999395,0,,
time_to_target,pdp_100,lr204,1,,5,256,ropke_distance_fixed_k,,,,,,,,,,0.6583055000010063,0
time_to_target,pdp_100,lr204,1,,5,256,qaoa,,,,,,,,,,0.6580658999992011,0
time_to_target,pdp_100,lr204,1,,5,256,efficient_su2,,,,,,,,,,0.638960499996756,0
time_to_target,pdp_100,lr204,1,,5,256,hybrid_alns,,,,,,,,,,0.5934452999972564,0
fixed_budget,pdp_100,lr205,1,51,5,256,ropke_distance_fixed_k,3,1054.02,inf,7669168.990518073,inf,inf,inf,16.283096999999543,0,,
fixed_budget,pdp_100,lr205,1,51,5,256,qaoa,3,1054.02,inf,6861170.767496914,inf,inf,inf,16.913884600002348,0,,
fixed_budget,pdp_100,lr205,1,51,5,256,efficient_su2,3,1054.02,inf,7669168.990518073,inf,inf,inf,16.188662900000054,0,,
fixed_budget,pdp_100,lr205,1,51,5,256,hybrid_alns,3,1054.02,inf,7669168.990518073,inf,inf,inf,16.120865400000184,0,,
time_to_target,pdp_100,lr205,1,,5,256,ropke_distance_fixed_k,,,,,,,,,,0.32922059999691555,0
time_to_target,pdp_100,lr205,1,,5,256,qaoa,,,,,,,,,,0.3102180000023509,0
time_to_target,pdp_100,lr205,1,,5,256,efficient_su2,,,,,,,,,,0.3512224000005517,0
time_to_target,pdp_100,lr205,1,,5,256,hybrid_alns,,,,,,,,,,0.3713102000001527,0
fixed_budget,pdp_100,lr206,1,50,5,256,ropke_distance_fixed_k,3,931.63,inf,1716902.1471166946,inf,inf,inf,15.974788700001227,0,,
fixed_budget,pdp_100,lr206,1,50,5,256,qaoa,3,931.63,inf,1716902.1471166946,inf,inf,inf,15.906440599999769,0,,
fixed_budget,pdp_100,lr206,1,50,5,256,efficient_su2,3,931.63,inf,1716902.1471166946,inf,inf,inf,15.73583619999772,0,,
fixed_budget,pdp_100,lr206,1,50,5,256,hybrid_alns,3,931.63,inf,1574681.5312438747,inf,inf,inf,15.717635299999529,0,,
time_to_target,pdp_100,lr206,1,,5,256,ropke_distance_fixed_k,,,,,,,,,,0.3046189000015147,0
time_to_target,pdp_100,lr206,1,,5,256,qaoa,,,,,,,,,,0.33429049999904237,0
time_to_target,pdp_100,lr206,1,,5,256,efficient_su2,,,,,,,,,,0.3329733999999007,0
time_to_target,pdp_100,lr206,1,,5,256,hybrid_alns,,,,,,,,,,0.33161660000041593,0
fixed_budget,pdp_100,lr207,1,51,5,256,ropke_distance_fixed_k,2,903.06,inf,18895896.866766587,inf,inf,inf,34.72184859999834,0,,
fixed_budget,pdp_100,lr207,1,51,5,256,qaoa,2,903.06,inf,13757175.49250884,inf,inf,inf,33.35463950000121,0,,
fixed_budget,pdp_100,lr207,1,51,5,256,efficient_su2,2,903.06,inf,21884413.08855354,inf,inf,inf,33.59520419999899,0,,
fixed_budget,pdp_100,lr207,1,51,5,256,hybrid_alns,2,903.06,inf,15849301.893907145,inf,inf,inf,34.26797949999673,0,,
time_to_target,pdp_100,lr207,1,,5,256,ropke_distance_fixed_k,,,,,,,,,,0.6456294999989041,0
time_to_target,pdp_100,lr207,1,,5,256,qaoa,,,,,,,,,,0.6283247000028496,0
time_to_target,pdp_100,lr207,1,,5,256,efficient_su2,,,,,,,,,,0.7093180000010761,0
time_to_target,pdp_100,lr207,1,,5,256,hybrid_alns,,,,,,,,,,0.7601633999984188,0
fixed_budget,pdp_100,lr208,1,50,5,256,ropke_distance_fixed_k,2,734.85,inf,4178333.3189451676,inf,inf,inf,30.863386300003185,0,,
fixed_budget,pdp_100,lr208,1,50,5,256,qaoa,2,734.85,inf,4178333.3189451676,inf,inf,inf,31.210545199999615,0,,
fixed_budget,pdp_100,lr208,1,50,5,256,efficient_su2,2,734.85,inf,4178333.3189451676,inf,inf,inf,31.263391200001934,0,,
fixed_budget,pdp_100,lr208,1,50,5,256,hybrid_alns,2,734.85,inf,4178333.3189451676,inf,inf,inf,31.055000899999868,0,,
time_to_target,pdp_100,lr208,1,,5,256,ropke_distance_fixed_k,,,,,,,,,,0.6409488999997848,0
time_to_target,pdp_100,lr208,1,,5,256,qaoa,,,,,,,,,,0.6367143999996188,0
time_to_target,pdp_100,lr208,1,,5,256,efficient_su2,,,,,,,,,,0.6364307000003464,0
time_to_target,pdp_100,lr208,1,,5,256,hybrid_alns,,,,,,,,,,0.6108760999995866,0
fixed_budget,pdp_100,lr209,1,51,5,256,ropke_distance_fixed_k,3,930.59,inf,4629078.1290539075,inf,inf,inf,16.48231040000246,0,,
fixed_budget,pdp_100,lr209,1,51,5,256,qaoa,3,930.59,inf,4629078.1290539075,inf,inf,inf,16.690535000001546,0,,
fixed_budget,pdp_100,lr209,1,51,5,256,efficient_su2,3,930.59,inf,4600681.973778937,inf,inf,inf,16.571846700000606,0,,
fixed_budget,pdp_100,lr209,1,51,5,256,hybrid_alns,3,930.59,inf,4629078.1290539075,inf,inf,inf,16.264248999999836,0,,
time_to_target,pdp_100,lr209,1,,5,256,ropke_distance_fixed_k,,,,,,,,,,0.30904300000111107,0
time_to_target,pdp_100,lr209,1,,5,256,qaoa,,,,,,,,,,0.30683540000245557,0
time_to_target,pdp_100,lr209,1,,5,256,efficient_su2,,,,,,,,,,0.32710969999970985,0
time_to_target,pdp_100,lr209,1,,5,256,hybrid_alns,,,,,,,,,,0.31147199999759323,0
fixed_budget,pdp_100,lr210,1,51,5,256,ropke_distance_fixed_k,3,964.22,inf,260410.8122736809,inf,inf,inf,16.44661509999787,0,,
fixed_budget,pdp_100,lr210,1,51,5,256,qaoa,3,964.22,inf,260410.8122736809,inf,inf,inf,16.352109700001165,0,,
fixed_budget,pdp_100,lr210,1,51,5,256,efficient_su2,3,964.22,inf,260410.8122736809,inf,inf,inf,16.09905500000241,0,,
fixed_budget,pdp_100,lr210,1,51,5,256,hybrid_alns,3,964.22,inf,260410.8122736809,inf,inf,inf,16.238498200000322,0,,
time_to_target,pdp_100,lr210,1,,5,256,ropke_distance_fixed_k,,,,,,,,,,0.33301120000032824,0
time_to_target,pdp_100,lr210,1,,5,256,qaoa,,,,,,,,,,0.3078163999998651,0
time_to_target,pdp_100,lr210,1,,5,256,efficient_su2,,,,,,,,,,0.3056596999995236,0
time_to_target,pdp_100,lr210,1,,5,256,hybrid_alns,,,,,,,,,,0.31278480000037234,0
fixed_budget,pdp_100,lr211,1,50,5,256,ropke_distance_fixed_k,2,911.52,inf,21842796.18012924,inf,inf,inf,30.62888220000241,0,,
fixed_budget,pdp_100,lr211,1,50,5,256,qaoa,2,911.52,inf,17430996.162217822,inf,inf,inf,31.38909799999965,0,,
fixed_budget,pdp_100,lr211,1,50,5,256,efficient_su2,2,911.52,inf,21842796.18012924,inf,inf,inf,30.88816880000013,0,,
fixed_budget,pdp_100,lr211,1,50,5,256,hybrid_alns,2,911.52,inf,21480376.98745593,inf,inf,inf,30.76361270000052,0,,
time_to_target,pdp_100,lr211,1,,5,256,ropke_distance_fixed_k,,,,,,,,,,0.6224292000006244,0
time_to_target,pdp_100,lr211,1,,5,256,qaoa,,,,,,,,,,0.6130562999969698,0
time_to_target,pdp_100,lr211,1,,5,256,efficient_su2,,,,,,,,,,0.6104006000023219,0
time_to_target,pdp_100,lr211,1,,5,256,hybrid_alns,,,,,,,,,,0.5884716000000481,0
fixed_budget,pdp_100,lrc101,1,53,5,256,ropke_distance_fixed_k,14,1708.8,inf,2667081.2271666625,inf,inf,inf,2.51844649999839,0,,
fixed_budget,pdp_100,lrc101,1,53,5,256,qaoa,14,1708.8,inf,2565179.006397921,inf,inf,inf,2.6686281000002054,0,,
fixed_budget,pdp_100,lrc101,1,53,5,256,efficient_su2,14,1708.8,inf,2682593.527675667,inf,inf,inf,2.692402900000161,0,,
fixed_budget,pdp_100,lrc101,1,53,5,256,hybrid_alns,14,1708.8,inf,2682593.527675667,inf,inf,inf,2.4857440999985556,0,,
time_to_target,pdp_100,lrc101,1,,5,256,ropke_distance_fixed_k,,,,,,,,,,0.059157799998502014,0
time_to_target,pdp_100,lrc101,1,,5,256,qaoa,,,,,,,,,,0.059164999998756684,0
time_to_target,pdp_100,lrc101,1,,5,256,efficient_su2,,,,,,,,,,0.056401900001219474,0
time_to_target,pdp_100,lrc101,1,,5,256,hybrid_alns,,,,,,,,,,0.058828299999731826,0
fixed_budget,pdp_100,lrc102,1,53,5,256,ropke_distance_fixed_k,12,1558.07,inf,2778838.3479686636,inf,inf,inf,2.7276429000012286,0,,
fixed_budget,pdp_100,lrc102,1,53,5,256,qaoa,12,1558.07,inf,2879184.9099457418,inf,inf,inf,3.017665399998805,0,,
fixed_budget,pdp_100,lrc102,1,53,5,256,efficient_su2,12,1558.07,inf,2879184.9099457418,inf,inf,inf,2.947529000000941,0,,
fixed_budget,pdp_100,lrc102,1,53,5,256,hybrid_alns,12,1558.07,inf,2879184.9099457418,inf,inf,inf,2.8784859999977925,0,,
time_to_target,pdp_100,lrc102,1,,5,256,ropke_distance_fixed_k,,,,,,,,,,0.052000800002133474,0
time_to_target,pdp_100,lrc102,1,,5,256,qaoa,,,,,,,,,,0.06600479999906383,0
time_to_target,pdp_100,lrc102,1,,5,256,efficient_su2,,,,,,,,,,0.054616200002783444,0
time_to_target,pdp_100,lrc102,1,,5,256,hybrid_alns,,,,,,,,,,0.05048739999983809,0
fixed_budget,pdp_100,lrc103,1,53,5,256,ropke_distance_fixed_k,11,1258.74,inf,1643796.3677759212,inf,inf,inf,3.2044007000004058,0,,
fixed_budget,pdp_100,lrc103,1,53,5,256,qaoa,11,1258.74,inf,1643796.3677759212,inf,inf,inf,3.3567777999996906,0,,
fixed_budget,pdp_100,lrc103,1,53,5,256,efficient_su2,11,1258.74,inf,1643796.3677759212,inf,inf,inf,3.392475000000559,0,,
fixed_budget,pdp_100,lrc103,1,53,5,256,hybrid_alns,11,1258.74,inf,1643796.3677759212,inf,inf,inf,3.348716800002876,0,,
time_to_target,pdp_100,lrc103,1,,5,256,ropke_distance_fixed_k,,,,,,,,,,0.05788750000283471,0
time_to_target,pdp_100,lrc103,1,,5,256,qaoa,,,,,,,,,,0.06588660000124946,0
time_to_target,pdp_100,lrc103,1,,5,256,efficient_su2,,,,,,,,,,0.06401249999908032,0
time_to_target,pdp_100,lrc103,1,,5,256,hybrid_alns,,,,,,,,,,0.08876750000126776,0
fixed_budget,pdp_100,lrc104,1,54,5,256,ropke_distance_fixed_k,10,1128.4,inf,4472638.746032601,inf,inf,inf,3.4759916000002704,0,,
fixed_budget,pdp_100,lrc104,1,54,5,256,qaoa,10,1128.4,inf,4328094.557339328,inf,inf,inf,3.6367170000012266,0,,
fixed_budget,pdp_100,lrc104,1,54,5,256,efficient_su2,10,1128.4,inf,4472638.746032601,inf,inf,inf,3.6798345999995945,0,,
fixed_budget,pdp_100,lrc104,1,54,5,256,hybrid_alns,10,1128.4,inf,4472638.746032601,inf,inf,inf,3.6383906999981264,0,,
time_to_target,pdp_100,lrc104,1,,5,256,ropke_distance_fixed_k,,,,,,,,,,0.07274340000003576,0
time_to_target,pdp_100,lrc104,1,,5,256,qaoa,,,,,,,,,,0.07331870000052731,0
time_to_target,pdp_100,lrc104,1,,5,256,efficient_su2,,,,,,,,,,0.07284399999844027,0
time_to_target,pdp_100,lrc104,1,,5,256,hybrid_alns,,,,,,,,,,0.06611319999865373,0
fixed_budget,pdp_100,lrc105,1,54,5,256,ropke_distance_fixed_k,13,1637.62,inf,2415696.313654856,inf,inf,inf,2.8698693000005733,0,,
fixed_budget,pdp_100,lrc105,1,54,5,256,qaoa,13,1637.62,inf,2216286.020642995,inf,inf,inf,2.965965599996707,0,,
fixed_budget,pdp_100,lrc105,1,54,5,256,efficient_su2,13,1637.62,inf,2216286.020642995,inf,inf,inf,2.9977111000007426,0,,
fixed_budget,pdp_100,lrc105,1,54,5,256,hybrid_alns,13,1637.62,inf,1926271.8974331655,inf,inf,inf,2.8672771000019566,0,,
time_to_target,pdp_100,lrc105,1,,5,256,ropke_distance_fixed_k,,,,,,,,,,0.05076349999944796,0
time_to_target,pdp_100,lrc105,1,,5,256,qaoa,,,,,,,,,,0.055535599996801466,0
time_to_target,pdp_100,lrc105,1,,5,256,efficient_su2,,,,,,,,,,0.061635300000489224,0
time_to_target,pdp_100,lrc105,1,,5,256,hybrid_alns,,,,,,,,,,0.05546730000060052,0
fixed_budget,pdp_100,lrc106,1,53,5,256,ropke_distance_fixed_k,11,1424.73,inf,6408663.096436127,inf,inf,inf,3.2171359999993,0,,
fixed_budget,pdp_100,lrc106,1,53,5,256,qaoa,11,1424.73,inf,6457476.094811743,inf,inf,inf,3.249382099998911,0,,
fixed_budget,pdp_100,lrc106,1,53,5,256,efficient_su2,11,1424.73,inf,5952349.34728078,inf,inf,inf,3.2561956999998074,0,,
fixed_budget,pdp_100,lrc106,1,53,5,256,hybrid_alns,11,1424.73,inf,7032429.397711863,inf,inf,inf,3.1820417000017187,0,,
time_to_target,pdp_100,lrc106,1,,5,256,ropke_distance_fixed_k,,,,,,,,,,0.05905650000204332,0
time_to_target,pdp_100,lrc106,1,,5,256,qaoa,,,,,,,,,,0.0651529999995546,0
time_to_target,pdp_100,lrc106,1,,5,256,efficient_su2,,,,,,,,,,0.06431109999903128,0
time_to_target,pdp_100,lrc106,1,,5,256,hybrid_alns,,,,,,,,,,0.06638320000274689,0
fixed_budget,pdp_100,lrc107,1,53,5,256,ropke_distance_fixed_k,11,1230.14,inf,5288773.263555128,inf,inf,inf,3.121586199999001,0,,
fixed_budget,pdp_100,lrc107,1,53,5,256,qaoa,11,1230.14,inf,5751583.629402446,inf,inf,inf,3.0669946000016353,0,,
fixed_budget,pdp_100,lrc107,1,53,5,256,efficient_su2,11,1230.14,inf,5751583.629402446,inf,inf,inf,3.0464771000006294,0,,
fixed_budget,pdp_100,lrc107,1,53,5,256,hybrid_alns,11,1230.14,inf,5580179.190873851,inf,inf,inf,3.0815475000017614,0,,
time_to_target,pdp_100,lrc107,1,,5,256,ropke_distance_fixed_k,,,,,,,,,,0.05498739999893587,0
time_to_target,pdp_100,lrc107,1,,5,256,qaoa,,,,,,,,,,0.059104100000695325,0
time_to_target,pdp_100,lrc107,1,,5,256,efficient_su2,,,,,,,,,,0.06530949999796576,0
time_to_target,pdp_100,lrc107,1,,5,256,hybrid_alns,,,,,,,,,,0.05530370000269613,0
fixed_budget,pdp_100,lrc108,1,52,5,256,ropke_distance_fixed_k,10,1147.43,inf,5736582.616967715,inf,inf,inf,3.2803671000001486,0,,
fixed_budget,pdp_100,lrc108,1,52,5,256,qaoa,10,1147.43,inf,4927729.791167557,inf,inf,inf,3.36717359999966,0,,
fixed_budget,pdp_100,lrc108,1,52,5,256,efficient_su2,10,1147.43,inf,5949158.313548022,inf,inf,inf,3.5075015000002168,0,,
fixed_budget,pdp_100,lrc108,1,52,5,256,hybrid_alns,10,1147.43,inf,6787889.351053162,inf,inf,inf,3.189606100000674,0,,
time_to_target,pdp_100,lrc108,1,,5,256,ropke_distance_fixed_k,,,,,,,,,,0.06548130000010133,0
time_to_target,pdp_100,lrc108,1,,5,256,qaoa,,,,,,,,,,0.06839349999791011,0
time_to_target,pdp_100,lrc108,1,,5,256,efficient_su2,,,,,,,,,,0.07878479999999399,0
time_to_target,pdp_100,lrc108,1,,5,256,hybrid_alns,,,,,,,,,,0.05552499999976135,0
fixed_budget,pdp_100,lrc201,1,51,5,256,ropke_distance_fixed_k,4,1406.94,inf,6700500.485394245,inf,inf,inf,10.123539500000334,0,,
fixed_budget,pdp_100,lrc201,1,51,5,256,qaoa,4,1406.94,inf,6556203.673230335,inf,inf,inf,10.25269489999846,0,,
fixed_budget,pdp_100,lrc201,1,51,5,256,efficient_su2,4,1406.94,inf,6700500.485394245,inf,inf,inf,10.430566400002135,0,,
fixed_budget,pdp_100,lrc201,1,51,5,256,hybrid_alns,4,1406.94,inf,6700500.485394245,inf,inf,inf,10.234116600000561,0,,
time_to_target,pdp_100,lrc201,1,,5,256,ropke_distance_fixed_k,,,,,,,,,,0.189113799999177,0
time_to_target,pdp_100,lrc201,1,,5,256,qaoa,,,,,,,,,,0.19689669999934267,0
time_to_target,pdp_100,lrc201,1,,5,256,efficient_su2,,,,,,,,,,0.18952150000041001,0
time_to_target,pdp_100,lrc201,1,,5,256,hybrid_alns,,,,,,,,,,0.1977033000002848,0
fixed_budget,pdp_100,lrc202,1,51,5,256,ropke_distance_fixed_k,3,1374.27,inf,12474600.249944009,inf,inf,inf,15.946362700000464,0,,
fixed_budget,pdp_100,lrc202,1,51,5,256,qaoa,3,1374.27,inf,12474600.249944009,inf,inf,inf,16.048446599997988,0,,
fixed_budget,pdp_100,lrc202,1,51,5,256,efficient_su2,3,1374.27,inf,12474600.249944009,inf,inf,inf,16.308358000002045,0,,
fixed_budget,pdp_100,lrc202,1,51,5,256,hybrid_alns,3,1374.27,inf,12474600.249944009,inf,inf,inf,16.19175250000262,0,,
time_to_target,pdp_100,lrc202,1,,5,256,ropke_distance_fixed_k,,,,,,,,,,0.36176699999850825,0
time_to_target,pdp_100,lrc202,1,,5,256,qaoa,,,,,,,,,,0.3270234999981767,0
time_to_target,pdp_100,lrc202,1,,5,256,efficient_su2,,,,,,,,,,0.32865270000183955,0
time_to_target,pdp_100,lrc202,1,,5,256,hybrid_alns,,,,,,,,,,0.3653626000013901,0
fixed_budget,pdp_100,lrc203,1,51,5,256,ropke_distance_fixed_k,3,1089.07,inf,2467692.493003616,inf,inf,inf,17.361286200000905,0,,
fixed_budget,pdp_100,lrc203,1,51,5,256,qaoa,3,1089.07,inf,2467692.493003616,inf,inf,inf,16.32733139999982,0,,
fixed_budget,pdp_100,lrc203,1,51,5,256,efficient_su2,3,1089.07,inf,2467692.493003616,inf,inf,inf,16.491435200001433,0,,
fixed_budget,pdp_100,lrc203,1,51,5,256,hybrid_alns,3,1089.07,inf,2467692.493003616,inf,inf,inf,16.073189199996705,0,,
time_to_target,pdp_100,lrc203,1,,5,256,ropke_distance_fixed_k,,,,,,,,,,0.3258797999988019,0
time_to_target,pdp_100,lrc203,1,,5,256,qaoa,,,,,,,,,,0.3510050000004412,0
time_to_target,pdp_100,lrc203,1,,5,256,efficient_su2,,,,,,,,,,0.3235772000007273,0
time_to_target,pdp_100,lrc203,1,,5,256,hybrid_alns,,,,,,,,,,0.318737699999474,0
fixed_budget,pdp_100,lrc204,1,51,5,256,ropke_distance_fixed_k,3,818.66,inf,73377.59550370394,inf,inf,inf,17.792769700001372,0,,
fixed_budget,pdp_100,lrc204,1,51,5,256,qaoa,3,818.66,inf,73377.59550370394,inf,inf,inf,17.36108499999682,0,,
fixed_budget,pdp_100,lrc204,1,51,5,256,efficient_su2,3,818.66,inf,73377.59550370394,inf,inf,inf,17.940935300001,0,,
fixed_budget,pdp_100,lrc204,1,51,5,256,hybrid_alns,3,818.66,inf,73377.59550370394,inf,inf,inf,17.261218999999983,0,,
time_to_target,pdp_100,lrc204,1,,5,256,ropke_distance_fixed_k,,,,,,,,,,0.31855949999953737,0
time_to_target,pdp_100,lrc204,1,,5,256,qaoa,,,,,,,,,,0.34481830000004265,0
time_to_target,pdp_100,lrc204,1,,5,256,efficient_su2,,,,,,,,,,0.38288359999933164,0
time_to_target,pdp_100,lrc204,1,,5,256,hybrid_alns,,,,,,,,,,0.3189969999984896,0
fixed_budget,pdp_100,lrc205,1,51,5,256,ropke_distance_fixed_k,4,1302.2,inf,2626858.703565585,inf,inf,inf,10.381618699997489,0,,
fixed_budget,pdp_100,lrc205,1,51,5,256,qaoa,4,1302.2,inf,3420327.129647418,inf,inf,inf,11.032823000001372,0,,
fixed_budget,pdp_100,lrc205,1,51,5,256,efficient_su2,4,1302.2,inf,3420327.129647418,inf,inf,inf,10.61654169999747,0,,
fixed_budget,pdp_100,lrc205,1,51,5,256,hybrid_alns,4,1302.2,inf,3420327.129647418,inf,inf,inf,10.554113800000778,0,,
time_to_target,pdp_100,lrc205,1,,5,256,ropke_distance_fixed_k,,,,,,,,,,0.2128405000003113,0
time_to_target,pdp_100,lrc205,1,,5,256,qaoa,,,,,,,,,,0.201654000000417,0
time_to_target,pdp_100,lrc205,1,,5,256,efficient_su2,,,,,,,,,,0.21999189999769442,0
time_to_target,pdp_100,lrc205,1,,5,256,hybrid_alns,,,,,,,,,,0.21219600000040373,0
fixed_budget,pdp_100,lrc206,1,51,5,256,ropke_distance_fixed_k,3,1159.03,inf,18051821.98937867,inf,inf,inf,16.455057099999976,0,,
fixed_budget,pdp_100,lrc206,1,51,5,256,qaoa,3,1159.03,inf,18908507.63097166,inf,inf,inf,16.487794799999392,0,,
fixed_budget,pdp_100,lrc206,1,51,5,256,efficient_su2,3,1159.03,inf,18908507.63097166,inf,inf,inf,16.339792900002067,0,,
fixed_budget,pdp_100,lrc206,1,51,5,256,hybrid_alns,3,1159.03,inf,18051821.98937867,inf,inf,inf,17.210226899998815,0,,
time_to_target,pdp_100,lrc206,1,,5,256,ropke_distance_fixed_k,,,,,,,,,,0.3474845999990066,0
time_to_target,pdp_100,lrc206,1,,5,256,qaoa,,,,,,,,,,0.3272504000015033,0
time_to_target,pdp_100,lrc206,1,,5,256,efficient_su2,,,,,,,,,,0.3133307000025525,0
time_to_target,pdp_100,lrc206,1,,5,256,hybrid_alns,,,,,,,,,,0.31627129999833414,0
fixed_budget,pdp_100,lrc207,1,51,5,256,ropke_distance_fixed_k,3,1062.05,inf,15577256.553891182,inf,inf,inf,16.23376250000001,0,,
fixed_budget,pdp_100,lrc207,1,51,5,256,qaoa,3,1062.05,inf,15577256.553891182,inf,inf,inf,16.55072790000122,0,,
fixed_budget,pdp_100,lrc207,1,51,5,256,efficient_su2,3,1062.05,inf,15577256.553891182,inf,inf,inf,16.134509600000456,0,,
fixed_budget,pdp_100,lrc207,1,51,5,256,hybrid_alns,3,1062.05,inf,14171825.571151748,inf,inf,inf,16.355088199998136,0,,
time_to_target,pdp_100,lrc207,1,,5,256,ropke_distance_fixed_k,,,,,,,,,,0.33636090000072727,0
time_to_target,pdp_100,lrc207,1,,5,256,qaoa,,,,,,,,,,0.3095794000000751,0
time_to_target,pdp_100,lrc207,1,,5,256,efficient_su2,,,,,,,,,,0.3263690999992832,0
time_to_target,pdp_100,lrc207,1,,5,256,hybrid_alns,,,,,,,,,,0.34542420000070706,0
fixed_budget,pdp_100,lrc208,1,51,5,256,ropke_distance_fixed_k,3,852.76,inf,6300718.347345757,inf,inf,inf,17.038878999999724,0,,
fixed_budget,pdp_100,lrc208,1,51,5,256,qaoa,3,852.76,inf,6300718.347345757,inf,inf,inf,16.679666799998813,0,,
fixed_budget,pdp_100,lrc208,1,51,5,256,efficient_su2,3,852.76,inf,5569206.11667799,inf,inf,inf,16.685630500000116,0,,
fixed_budget,pdp_100,lrc208,1,51,5,256,hybrid_alns,3,852.76,inf,6300718.347345757,inf,inf,inf,16.8530546999973,0,,
time_to_target,pdp_100,lrc208,1,,5,256,ropke_distance_fixed_k,,,,,,,,,,0.33520010000211187,0
time_to_target,pdp_100,lrc208,1,,5,256,qaoa,,,,,,,,,,0.3455514999986917,0
time_to_target,pdp_100,lrc208,1,,5,256,efficient_su2,,,,,,,,,,0.34968020000087563,0
time_to_target,pdp_100,lrc208,1,,5,256,hybrid_alns,,,,,,,,,,0.3241413999967335,0
fixed_budget,pdp_100,lc101,1,53,2,1024,ropke_distance_fixed_k,10,828.94,828.9368669428341,828.9368669428341,828.9368669428341,0.0,-3.7795946220431313e-06,1.6307072999989032,1,,
fixed_budget,pdp_100,lc101,1,53,2,1024,qaoa,10,828.94,828.9368669428341,828.9368669428341,828.9368669428341,0.0,-3.7795946220431313e-06,1.5434738000003563,1,,
fixed_budget,pdp_100,lc101,1,53,2,1024,efficient_su2,10,828.94,828.9368669428341,828.9368669428341,828.9368669428341,0.0,-3.7795946220431313e-06,1.6895944000025338,1,,
fixed_budget,pdp_100,lc101,1,53,2,1024,hybrid_alns,10,828.94,828.9368669428341,828.9368669428341,828.9368669428341,0.0,-3.7795946220431313e-06,1.791062600001169,1,,
time_to_target,pdp_100,lc101,1,,2,1024,ropke_distance_fixed_k,,,,,,,,,,0.036828200001764344,0
time_to_target,pdp_100,lc101,1,,2,1024,qaoa,,,,,,,,,,0.027082900000095833,0
time_to_target,pdp_100,lc101,1,,2,1024,efficient_su2,,,,,,,,,,0.03763480000270647,0
time_to_target,pdp_100,lc101,1,,2,1024,hybrid_alns,,,,,,,,,,0.0366788000028464,0
fixed_budget,pdp_100,lc102,1,53,2,1024,ropke_distance_fixed_k,10,828.94,inf,6077636.052245008,inf,inf,inf,1.4934362000021792,0,,
fixed_budget,pdp_100,lc102,1,53,2,1024,qaoa,10,828.94,inf,6077657.088585625,inf,inf,inf,1.6890770999998495,0,,
fixed_budget,pdp_100,lc102,1,53,2,1024,efficient_su2,10,828.94,inf,6077690.408470815,inf,inf,inf,1.6769279000000097,0,,
fixed_budget,pdp_100,lc102,1,53,2,1024,hybrid_alns,10,828.94,inf,6580590.009914727,inf,inf,inf,1.5779227999992145,0,,
time_to_target,pdp_100,lc102,1,,2,1024,ropke_distance_fixed_k,,,,,,,,,,0.036487100001977524,0
time_to_target,pdp_100,lc102,1,,2,1024,qaoa,,,,,,,,,,0.026184199999988778,0
time_to_target,pdp_100,lc102,1,,2,1024,efficient_su2,,,,,,,,,,0.037307399998098845,0
time_to_target,pdp_100,lc102,1,,2,1024,hybrid_alns,,,,,,,,,,0.0381956999990507,0
fixed_budget,pdp_100,lc103,1,52,2,1024,ropke_distance_fixed_k,9,1035.35,inf,3882638.579436924,inf,inf,inf,1.6829490000018268,0,,
fixed_budget,pdp_100,lc103,1,52,2,1024,qaoa,9,1035.35,inf,4189014.37767134,inf,inf,inf,1.6320549999982177,0,,
fixed_budget,pdp_100,lc103,1,52,2,1024,efficient_su2,9,1035.35,inf,4189014.37767134,inf,inf,inf,1.687041600001976,0,,
fixed_budget,pdp_100,lc103,1,52,2,1024,hybrid_alns,9,1035.35,inf,4189014.37767134,inf,inf,inf,1.7120880000002217,0,,
time_to_target,pdp_100,lc103,1,,2,1024,ropke_distance_fixed_k,,,,,,,,,,0.029634800001076655,0
time_to_target,pdp_100,lc103,1,,2,1024,qaoa,,,,,,,,,,0.03823239999837824,0
time_to_target,pdp_100,lc103,1,,2,1024,efficient_su2,,,,,,,,,,0.02855700000145589,0
time_to_target,pdp_100,lc103,1,,2,1024,hybrid_alns,,,,,,,,,,0.029514500001823762,0
fixed_budget,pdp_100,lc104,1,53,2,1024,ropke_distance_fixed_k,9,860.01,inf,1272148.3912837612,inf,inf,inf,1.685971499999141,0,,
fixed_budget,pdp_100,lc104,1,53,2,1024,qaoa,9,860.01,inf,1242522.9520767815,inf,inf,inf,1.660309300001245,0,,
fixed_budget,pdp_100,lc104,1,53,2,1024,efficient_su2,9,860.01,inf,1242573.4106702735,inf,inf,inf,1.6465193000003637,0,,
fixed_budget,pdp_100,lc104,1,53,2,1024,hybrid_alns,9,860.01,inf,1242573.4106702735,inf,inf,inf,1.6741505000027246,0,,
time_to_target,pdp_100,lc104,1,,2,1024,ropke_distance_fixed_k,,,,,,,,,,0.029042599999229424,0
time_to_target,pdp_100,lc104,1,,2,1024,qaoa,,,,,,,,,,0.03035490000183927,0
time_to_target,pdp_100,lc104,1,,2,1024,efficient_su2,,,,,,,,,,0.02920050000102492,0
time_to_target,pdp_100,lc104,1,,2,1024,hybrid_alns,,,,,,,,,,0.03055350000067847,0
fixed_budget,pdp_100,lc105,1,53,2,1024,ropke_distance_fixed_k,10,828.94,inf,14821160.912271824,inf,inf,inf,1.5145836000010604,0,,
fixed_budget,pdp_100,lc105,1,53,2,1024,qaoa,10,828.94,inf,14821160.912271824,inf,inf,inf,1.5042819999980566,0,,
fixed_budget,pdp_100,lc105,1,53,2,1024,efficient_su2,10,828.94,inf,14821160.912271824,inf,inf,inf,1.4972355000027164,0,,
fixed_budget,pdp_100,lc105,1,53,2,1024,hybrid_alns,10,828.94,inf,14821160.912271824,inf,inf,inf,1.4151050000000396,0,,
time_to_target,pdp_100,lc105,1,,2,1024,ropke_distance_fixed_k,,,,,,,,,,0.035971900000731694,0
time_to_target,pdp_100,lc105,1,,2,1024,qaoa,,,,,,,,,,0.036939300000085495,0
time_to_target,pdp_100,lc105,1,,2,1024,efficient_su2,,,,,,,,,,0.03626370000347379,0
time_to_target,pdp_100,lc105,1,,2,1024,hybrid_alns,,,,,,,,,,0.02582280000206083,0
fixed_budget,pdp_100,lc106,1,53,2,1024,ropke_distance_fixed_k,10,828.94,inf,6033881.672801232,inf,inf,inf,1.55734830000074,0,,
fixed_budget,pdp_100,lc106,1,53,2,1024,qaoa,10,828.94,inf,6934604.140325746,inf,inf,inf,1.5171340000015334,0,,
fixed_budget,pdp_100,lc106,1,53,2,1024,efficient_su2,10,828.94,inf,5686586.287154417,inf,inf,inf,1.535794799998257,0,,
fixed_budget,pdp_100,lc106,1,53,2,1024,hybrid_alns,10,828.94,inf,5686586.287154417,inf,inf,inf,1.4787343999996665,0,,
time_to_target,pdp_100,lc106,1,,2,1024,ropke_distance_fixed_k,,,,,,,,,,0.03550320000067586,0
time_to_target,pdp_100,lc106,1,,2,1024,qaoa,,,,,,,,,,0.033530400000017835,0
time_to_target,pdp_100,lc106,1,,2,1024,efficient_su2,,,,,,,,,,0.030193200000212528,0
time_to_target,pdp_100,lc106,1,,2,1024,hybrid_alns,,,,,,,,,,0.031459199999517296,0
fixed_budget,pdp_100,lc107,1,53,2,1024,ropke_distance_fixed_k,10,828.94,inf,9803046.241453739,inf,inf,inf,1.6285582999989856,0,,
fixed_budget,pdp_100,lc107,1,53,2,1024,qaoa,10,828.94,inf,9692792.855907686,inf,inf,inf,1.5316275999975915,0,,
fixed_budget,pdp_100,lc107,1,53,2,1024,efficient_su2,10,828.94,inf,9514973.21249508,inf,inf,inf,1.5403719000023557,0,,
fixed_budget,pdp_100,lc107,1,53,2,1024,hybrid_alns,10,828.94,inf,9451867.064432722,inf,inf,inf,1.553381800000352,0,,
time_to_target,pdp_100,lc107,1,,2,1024,ropke_distance_fixed_k,,,,,,,,,,0.026291599999240134,0
time_to_target,pdp_100,lc107,1,,2,1024,qaoa,,,,,,,,,,0.03869639999902574,0
time_to_target,pdp_100,lc107,1,,2,1024,efficient_su2,,,,,,,,,,0.026924900001176866,0
time_to_target,pdp_100,lc107,1,,2,1024,hybrid_alns,,,,,,,,,,0.028512500000942964,0
fixed_budget,pdp_100,lc108,1,53,2,1024,ropke_distance_fixed_k,10,826.44,inf,7241379.46757529,inf,inf,inf,1.4615037000003213,0,,
fixed_budget,pdp_100,lc108,1,53,2,1024,qaoa,10,826.44,inf,7241379.46757529,inf,inf,inf,1.539768599999661,0,,
fixed_budget,pdp_100,lc108,1,53,2,1024,efficient_su2,10,826.44,inf,7241379.46757529,inf,inf,inf,1.4629327000002377,0,,
fixed_budget,pdp_100,lc108,1,53,2,1024,hybrid_alns,10,826.44,inf,7241379.46757529,inf,inf,inf,1.5618938000006892,0,,
time_to_target,pdp_100,lc108,1,,2,1024,ropke_distance_fixed_k,,,,,,,,,,0.025671800001873635,0
time_to_target,pdp_100,lc108,1,,2,1024,qaoa,,,,,,,,,,0.028045700000802753,0
time_to_target,pdp_100,lc108,1,,2,1024,efficient_su2,,,,,,,,,,0.026282199996785494,0
time_to_target,pdp_100,lc108,1,,2,1024,hybrid_alns,,,,,,,,,,0.03635690000010072,0
fixed_budget,pdp_100,lc109,1,53,2,1024,ropke_distance_fixed_k,9,1000.6,inf,8066401.118808375,inf,inf,inf,1.7363497000005736,0,,
fixed_budget,pdp_100,lc109,1,53,2,1024,qaoa,9,1000.6,inf,8228381.479505691,inf,inf,inf,1.6894307999973535,0,,
fixed_budget,pdp_100,lc109,1,53,2,1024,efficient_su2,9,1000.6,inf,8228381.479505691,inf,inf,inf,1.7644542000016372,0,,
fixed_budget,pdp_100,lc109,1,53,2,1024,hybrid_alns,9,1000.6,inf,8228381.479505691,inf,inf,inf,1.6811675000026298,0,,
time_to_target,pdp_100,lc109,1,,2,1024,ropke_distance_fixed_k,,,,,,,,,,0.029832899999746587,0
time_to_target,pdp_100,lc109,1,,2,1024,qaoa,,,,,,,,,,0.03070569999908912,0
time_to_target,pdp_100,lc109,1,,2,1024,efficient_su2,,,,,,,,,,0.035274500001833076,0
time_to_target,pdp_100,lc109,1,,2,1024,hybrid_alns,,,,,,,,,,0.02959740000005695,0
fixed_budget,pdp_100,lc201,1,51,2,1024,ropke_distance_fixed_k,3,591.56,591.5565566715015,591.5565566715015,591.5565566715015,0.0,-5.820759514514365e-06,7.465130100001261,1,,
fixed_budget,pdp_100,lc201,1,51,2,1024,qaoa,3,591.56,591.5565566715015,591.5565566715015,591.5565566715015,0.0,-5.820759514514365e-06,7.563569499998266,1,,
fixed_budget,pdp_100,lc201,1,51,2,1024,efficient_su2,3,591.56,591.5565566715015,591.5565566715015,591.5565566715015,0.0,-5.820759514514365e-06,7.573241899997811,1,,
fixed_budget,pdp_100,lc201,1,51,2,1024,hybrid_alns,3,591.56,591.5565566715015,591.5565566715015,591.5565566715015,0.0,-5.820759514514365e-06,7.471898399999191,1,,
time_to_target,pdp_100,lc201,1,,2,1024,ropke_distance_fixed_k,,,,,,,,,,0.14717880000171135,0
time_to_target,pdp_100,lc201,1,,2,1024,qaoa,,,,,,,,,,0.14717150000069523,0
time_to_target,pdp_100,lc201,1,,2,1024,efficient_su2,,,,,,,,,,0.1451164999998582,0
time_to_target,pdp_100,lc201,1,,2,1024,hybrid_alns,,,,,,,,,,0.1495465999978478,0
fixed_budget,pdp_100,lc202,1,51,2,1024,ropke_distance_fixed_k,3,591.56,591.5565566715015,591.5565566715015,591.5565566715015,0.0,-5.820759514514365e-06,7.354035600001225,1,,
fixed_budget,pdp_100,lc202,1,51,2,1024,qaoa,3,591.56,591.5565566715015,591.5565566715015,591.5565566715015,0.0,-5.820759514514365e-06,7.495077700001275,1,,
fixed_budget,pdp_100,lc202,1,51,2,1024,efficient_su2,3,591.56,591.5565566715015,591.5565566715015,591.5565566715015,0.0,-5.820759514514365e-06,7.576799000002211,1,,
fixed_budget,pdp_100,lc202,1,51,2,1024,hybrid_alns,3,591.56,591.5565566715015,591.5565566715015,591.5565566715015,0.0,-5.820759514514365e-06,7.448766700003034,1,,
time_to_target,pdp_100,lc202,1,,2,1024,ropke_distance_fixed_k,,,,,,,,,,0.14531979999810574,0
time_to_target,pdp_100,lc202,1,,2,1024,qaoa,,,,,,,,,,0.14692629999990459,0
time_to_target,pdp_100,lc202,1,,2,1024,efficient_su2,,,,,,,,,,0.14155190000019502,0
time_to_target,pdp_100,lc202,1,,2,1024,hybrid_alns,,,,,,,,,,0.14304290000291076,0
fixed_budget,pdp_100,lc203,1,51,2,1024,ropke_distance_fixed_k,3,591.17,inf,11051048.810603557,inf,inf,inf,7.496309800000745,0,,
fixed_budget,pdp_100,lc203,1,51,2,1024,qaoa,3,591.17,inf,8405683.107501823,inf,inf,inf,7.562400800001342,0,,
fixed_budget,pdp_100,lc203,1,51,2,1024,efficient_su2,3,591.17,inf,9107414.991901137,inf,inf,inf,7.4073943000003055,0,,
fixed_budget,pdp_100,lc203,1,51,2,1024,hybrid_alns,3,591.17,inf,9447243.841231015,inf,inf,inf,7.401769399999466,0,,
time_to_target,pdp_100,lc203,1,,2,1024,ropke_distance_fixed_k,,,,,,,,,,0.1492790000011155,0
time_to_target,pdp_100,lc203,1,,2,1024,qaoa,,,,,,,,,,0.1427499000019452,0
time_to_target,pdp_100,lc203,1,,2,1024,efficient_su2,,,,,,,,,,0.14316150000013295,0
time_to_target,pdp_100,lc203,1,,2,1024,hybrid_alns,,,,,,,,,,0.15566069999840693,0
fixed_budget,pdp_100,lc204,1,51,2,1024,ropke_distance_fixed_k,3,590.6,inf,1850704.106332381,inf,inf,inf,7.307649700000184,0,,
fixed_budget,pdp_100,lc204,1,51,2,1024,qaoa,3,590.6,inf,1657125.2357647407,inf,inf,inf,7.315492900001118,0,,
fixed_budget,pdp_100,lc204,1,51,2,1024,efficient_su2,3,590.6,inf,1850704.106332381,inf,inf,inf,7.477942800000164,0,,
fixed_budget,pdp_100,lc204,1,51,2,1024,hybrid_alns,3,590.6,inf,1850704.106332381,inf,inf,inf,7.416105000000243,0,,
time_to_target,pdp_100,lc204,1,,2,1024,ropke_distance_fixed_k,,,,,,,,,,0.1504705000006652,0
time_to_target,pdp_100,lc204,1,,2,1024,qaoa,,,,,,,,,,0.1421593999984907,0
time_to_target,pdp_100,lc204,1,,2,1024,efficient_su2,,,,,,,,,,0.15879639999911888,0
time_to_target,pdp_100,lc204,1,,2,1024,hybrid_alns,,,,,,,,,,0.14234420000138925,0
fixed_budget,pdp_100,lc205,1,51,2,1024,ropke_distance_fixed_k,3,588.88,inf,62880274.94069882,inf,inf,inf,7.5843193999971845,0,,
fixed_budget,pdp_100,lc205,1,51,2,1024,qaoa,3,588.88,inf,63527435.6536863,inf,inf,inf,7.816173000002891,0,,
fixed_budget,pdp_100,lc205,1,51,2,1024,efficient_su2,3,588.88,inf,66812284.39177276,inf,inf,inf,7.7142114999987825,0,,
fixed_budget,pdp_100,lc205,1,51,2,1024,hybrid_alns,3,588.88,inf,82130198.75641026,inf,inf,inf,7.535655299998325,0,,
time_to_target,pdp_100,lc205,1,,2,1024,ropke_distance_fixed_k,,,,,,,,,,0.1451534999978321,0
time_to_target,pdp_100,lc205,1,,2,1024,qaoa,,,,,,,,,,0.14215909999984433,0
time_to_target,pdp_100,lc205,1,,2,1024,efficient_su2,,,,,,,,,,0.1476777999996557,0
time_to_target,pdp_100,lc205,1,,2,1024,hybrid_alns,,,,,,,,,,0.14333669999905396,0
fixed_budget,pdp_100,lc206,1,51,2,1024,ropke_distance_fixed_k,3,588.49,inf,28032734.38868706,inf,inf,inf,7.607487400000537,0,,
fixed_budget,pdp_100,lc206,1,51,2,1024,qaoa,3,588.49,inf,27086301.429038435,inf,inf,inf,7.71555360000275,0,,
fixed_budget,pdp_100,lc206,1,51,2,1024,efficient_su2,3,588.49,inf,32188502.269798584,inf,inf,inf,7.551330099999177,0,,
fixed_budget,pdp_100,lc206,1,51,2,1024,hybrid_alns,3,588.49,inf,23193907.848602377,inf,inf,inf,7.5879114999988815,0,,
time_to_target,pdp_100,lc206,1,,2,1024,ropke_distance_fixed_k,,,,,,,,,,0.15117270000337157,0
time_to_target,pdp_100,lc206,1,,2,1024,qaoa,,,,,,,,,,0.14430020000145305,0
time_to_target,pdp_100,lc206,1,,2,1024,efficient_su2,,,,,,,,,,0.1425944000002346,0
time_to_target,pdp_100,lc206,1,,2,1024,hybrid_alns,,,,,,,,,,0.16015580000021146,0
fixed_budget,pdp_100,lc207,1,51,2,1024,ropke_distance_fixed_k,3,588.29,inf,19060383.118936725,inf,inf,inf,7.4890854999976,0,,
fixed_budget,pdp_100,lc207,1,51,2,1024,qaoa,3,588.29,inf,8693836.810476119,inf,inf,inf,7.549899499997991,0,,
fixed_budget,pdp_100,lc207,1,51,2,1024,efficient_su2,3,588.29,inf,17947915.93860945,inf,inf,inf,7.424482000002172,0,,
fixed_budget,pdp_100,lc207,1,51,2,1024,hybrid_alns,3,588.29,inf,13498618.482119616,inf,inf,inf,7.473225400000956,0,,
time_to_target,pdp_100,lc207,1,,2,1024,ropke_distance_fixed_k,,,,,,,,,,0.1457057999978133,0
time_to_target,pdp_100,lc207,1,,2,1024,qaoa,,,,,,,,,,0.1523553000006359,0
time_to_target,pdp_100,lc207,1,,2,1024,efficient_su2,,,,,,,,,,0.15099220000047353,0
time_to_target,pdp_100,lc207,1,,2,1024,hybrid_alns,,,,,,,,,,0.16939380000258097,0
fixed_budget,pdp_100,lc208,1,51,2,1024,ropke_distance_fixed_k,3,588.32,inf,26873747.666679304,inf,inf,inf,7.5606720999967365,0,,
fixed_budget,pdp_100,lc208,1,51,2,1024,qaoa,3,588.32,inf,19704112.553529188,inf,inf,inf,7.5148765000012645,0,,
fixed_budget,pdp_100,lc208,1,51,2,1024,efficient_su2,3,588.32,inf,23167206.166191682,inf,inf,inf,7.443398899999011,0,,
fixed_budget,pdp_100,lc208,1,51,2,1024,hybrid_alns,3,588.32,inf,24807373.60208606,inf,inf,inf,7.606746000001294,0,,
time_to_target,pdp_100,lc208,1,,2,1024,ropke_distance_fixed_k,,,,,,,,,,0.17023599999811267,0
time_to_target,pdp_100,lc208,1,,2,1024,qaoa,,,,,,,,,,0.14577049999934388,0
time_to_target,pdp_100,lc208,1,,2,1024,efficient_su2,,,,,,,,,,0.1455160999976215,0
time_to_target,pdp_100,lc208,1,,2,1024,hybrid_alns,,,,,,,,,,0.14527870000165422,0
fixed_budget,pdp_100,lr101,1,53,2,1024,ropke_distance_fixed_k,19,1650.8,inf,511866.7242152821,inf,inf,inf,0.9487761999989743,0,,
fixed_budget,pdp_100,lr101,1,53,2,1024,qaoa,19,1650.8,inf,511866.7242152821,inf,inf,inf,0.8673105999987456,0,,
fixed_budget,pdp_100,lr101,1,53,2,1024,efficient_su2,19,1650.8,inf,427086.72506035125,inf,inf,inf,0.8019256000006862,0,,
fixed_budget,pdp_100,lr101,1,53,2,1024,hybrid_alns,19,1650.8,inf,568226.6635259885,inf,inf,inf,0.9426576000005298,0,,
time_to_target,pdp_100,lr101,1,,2,1024,ropke_distance_fixed_k,,,,,,,,,,0.013977799997519469,0
time_to_target,pdp_100,lr101,1,,2,1024,qaoa,,,,,,,,,,0.025192500001139706,0
time_to_target,pdp_100,lr101,1,,2,1024,efficient_su2,,,,,,,,,,0.013937699997768505,0
time_to_target,pdp_100,lr101,1,,2,1024,hybrid_alns,,,,,,,,,,0.014000700000906363,0
fixed_budget,pdp_100,lr102,1,55,2,1024,ropke_distance_fixed_k,17,1487.57,inf,51098.801177267276,inf,inf,inf,1.0570613999989291,0,,
fixed_budget,pdp_100,lr102,1,55,2,1024,qaoa,17,1487.57,inf,51098.801177267276,inf,inf,inf,0.9444694000012532,0,,
fixed_budget,pdp_100,lr102,1,55,2,1024,efficient_su2,17,1487.57,inf,51098.801177267276,inf,inf,inf,1.0860983999991731,0,,
fixed_budget,pdp_100,lr102,1,55,2,1024,hybrid_alns,17,1487.57,inf,51098.801177267276,inf,inf,inf,1.1167529999984254,0,,
time_to_target,pdp_100,lr102,1,,2,1024,ropke_distance_fixed_k,,,,,,,,,,0.0295029999979306,0
time_to_target,pdp_100,lr102,1,,2,1024,qaoa,,,,,,,,,,0.01813350000156788,0
time_to_target,pdp_100,lr102,1,,2,1024,efficient_su2,,,,,,,,,,0.018152100001316285,0
time_to_target,pdp_100,lr102,1,,2,1024,hybrid_alns,,,,,,,,,,0.02981549999822164,0
fixed_budget,pdp_100,lr103,1,52,2,1024,ropke_distance_fixed_k,13,1292.68,inf,917398.1471062,inf,inf,inf,1.1064850999973714,0,,
fixed_budget,pdp_100,lr103,1,52,2,1024,qaoa,13,1292.68,inf,992902.0072787914,inf,inf,inf,1.2250434999987192,0,,
fixed_budget,pdp_100,lr103,1,52,2,1024,efficient_su2,13,1292.68,inf,1033797.3702278365,inf,inf,inf,1.0686961000028532,0,,
fixed_budget,pdp_100,lr103,1,52,2,1024,hybrid_alns,13,1292.68,inf,1060784.2747678726,inf,inf,inf,1.0725703000025533,0,,
time_to_target,pdp_100,lr103,1,,2,1024,ropke_distance_fixed_k,,,,,,,,,,0.028279999998630956,0
time_to_target,pdp_100,lr103,1,,2,1024,qaoa,,,,,,,,,,0.0197982999998203,0
time_to_target,pdp_100,lr103,1,,2,1024,efficient_su2,,,,,,,,,,0.018792800001392607,0
time_to_target,pdp_100,lr103,1,,2,1024,hybrid_alns,,,,,,,,,,0.018776200002321275,0
fixed_budget,pdp_100,lr104,1,52,2,1024,ropke_distance_fixed_k,9,1013.39,inf,3805397.3065616004,inf,inf,inf,1.6774641999982123,0,,
fixed_budget,pdp_100,lr104,1,52,2,1024,qaoa,9,1013.39,inf,3316611.3141446924,inf,inf,inf,1.6125796000014816,0,,
fixed_budget,pdp_100,lr104,1,52,2,1024,efficient_su2,9,1013.39,inf,3395393.4905628795,inf,inf,inf,1.6704867999978887,0,,
fixed_budget,pdp_100,lr104,1,52,2,1024,hybrid_alns,9,1013.39,inf,3805397.3065616004,inf,inf,inf,1.6854727999998431,0,,
time_to_target,pdp_100,lr104,1,,2,1024,ropke_distance_fixed_k,,,,,,,,,,0.03088269999716431,0
time_to_target,pdp_100,lr104,1,,2,1024,qaoa,,,,,,,,,,0.030003500000020722,0
time_to_target,pdp_100,lr104,1,,2,1024,efficient_su2,,,,,,,,,,0.029283600000781007,0
time_to_target,pdp_100,lr104,1,,2,1024,hybrid_alns,,,,,,,,,,0.0377492000006896,0
fixed_budget,pdp_100,lr105,1,53,2,1024,ropke_distance_fixed_k,14,1377.11,inf,1034729.9717849988,inf,inf,inf,1.0432346999987203,0,,
fixed_budget,pdp_100,lr105,1,53,2,1024,qaoa,14,1377.11,inf,894835.2917084161,inf,inf,inf,1.024333299999853,0,,
fixed_budget,pdp_100,lr105,1,53,2,1024,efficient_su2,14,1377.11,inf,932091.774969355,inf,inf,inf,1.064018799999758,0,,
fixed_budget,pdp_100,lr105,1,53,2,1024,hybrid_alns,14,1377.11,inf,973417.582458009,inf,inf,inf,1.0080622999994375,0,,
time_to_target,pdp_100,lr105,1,,2,1024,ropke_distance_fixed_k,,,,,,,,,,0.01765009999871836,0
time_to_target,pdp_100,lr105,1,,2,1024,qaoa,,,,,,,,,,0.01747550000072806,0
time_to_target,pdp_100,lr105,1,,2,1024,efficient_su2,,,,,,,,,,0.01823820000208798,0
time_to_target,pdp_100,lr105,1,,2,1024,hybrid_alns,,,,,,,,,,0.018882699998357566,0
fixed_budget,pdp_100,lr106,1,52,2,1024,ropke_distance_fixed_k,12,1252.62,inf,1642711.1659292702,inf,inf,inf,1.2388468999997713,0,,
fixed_budget,pdp_100,lr106,1,52,2,1024,qaoa,12,1252.62,inf,1821191.1135082054,inf,inf,inf,1.2148429000008036,0,,
fixed_budget,pdp_100,lr106,1,52,2,1024,efficient_su2,12,1252.62,inf,1730309.9399883456,inf,inf,inf,1.168571999998676,0,,
fixed_budget,pdp_100,lr106,1,52,2,1024,hybrid_alns,12,1252.62,inf,1773488.4995926393,inf,inf,inf,1.1874248999993142,0,,
time_to_target,pdp_100,lr106,1,,2,1024,ropke_distance_fixed_k,,,,,,,,,,0.021710899996833177,0
time_to_target,pdp_100,lr106,1,,2,1024,qaoa,,,,,,,,,,0.03165200000148616,0
time_to_target,pdp_100,lr106,1,,2,1024,efficient_su2,,,,,,,,,,0.020530399997369386,0
time_to_target,pdp_100,lr106,1,,2,1024,hybrid_alns,,,,,,,,,,0.020220999998855405,0
fixed_budget,pdp_100,lr107,1,52,2,1024,ropke_distance_fixed_k,10,1111.31,inf,2233540.6542705433,inf,inf,inf,1.4405864000000292,0,,
fixed_budget,pdp_100,lr107,1,52,2,1024,qaoa,10,1111.31,inf,2736591.9076676704,inf,inf,inf,1.603683400000591,0,,
fixed_budget,pdp_100,lr107,1,52,2,1024,efficient_su2,10,1111.31,inf,2802083.543009216,inf,inf,inf,1.6128809000001638,0,,
fixed_budget,pdp_100,lr107,1,52,2,1024,hybrid_alns,10,1111.31,inf,2922812.7410410736,inf,inf,inf,1.5142622999992454,0,,
time_to_target,pdp_100,lr107,1,,2,1024,ropke_distance_fixed_k,,,,,,,,,,0.028153600000223378,0
time_to_target,pdp_100,lr107,1,,2,1024,qaoa,,,,,,,,,,0.026922300003207056,0
time_to_target,pdp_100,lr107,1,,2,1024,efficient_su2,,,,,,,,,,0.029302999999345047,0
time_to_target,pdp_100,lr107,1,,2,1024,hybrid_alns,,,,,,,,,,0.028430500002286863,0
fixed_budget,pdp_100,lr108,1,50,2,1024,ropke_distance_fixed_k,9,968.97,inf,5680354.396963162,inf,inf,inf,1.4597020000001066,0,,
fixed_budget,pdp_100,lr108,1,50,2,1024,qaoa,9,968.97,inf,5986652.951052686,inf,inf,inf,1.424227300001803,0,,
fixed_budget,pdp_100,lr108,1,50,2,1024,efficient_su2,9,968.97,inf,5254893.465920388,inf,inf,inf,1.4613234999997076,0,,
fixed_budget,pdp_100,lr108,1,50,2,1024,hybrid_alns,9,968.97,inf,5409973.360343594,inf,inf,inf,1.4424018999998225,0,,
time_to_target,pdp_100,lr108,1,,2,1024,ropke_distance_fixed_k,,,,,,,,,,0.0258518999980879,0
time_to_target,pdp_100,lr108,1,,2,1024,qaoa,,,,,,,,,,0.02668220000123256,0
time_to_target,pdp_100,lr108,1,,2,1024,efficient_su2,,,,,,,,,,0.02791380000053323,0
time_to_target,pdp_100,lr108,1,,2,1024,hybrid_alns,,,,,,,,,,0.02521859999978915,0
fixed_budget,pdp_100,lr109,1,53,2,1024,ropke_distance_fixed_k,11,1208.96,inf,2677831.3790673125,inf,inf,inf,1.3819012000021758,0,,
fixed_budget,pdp_100,lr109,1,53,2,1024,qaoa,11,1208.96,inf,2720686.2558292793,inf,inf,inf,1.3734958999993978,0,,
fixed_budget,pdp_100,lr109,1,53,2,1024,efficient_su2,11,1208.96,inf,2720686.2558292793,inf,inf,inf,1.3617689000020619,0,,
fixed_budget,pdp_100,lr109,1,53,2,1024,hybrid_alns,11,1208.96,inf,2683571.715418916,inf,inf,inf,1.430594100002054,0,,
time_to_target,pdp_100,lr109,1,,2,1024,ropke_distance_fixed_k,,,,,,,,,,0.03930469999977504,0
time_to_target,pdp_100,lr109,1,,2,1024,qaoa,,,,,,,,,,0.025114899999607587,0
time_to_target,pdp_100,lr109,1,,2,1024,efficient_su2,,,,,,,,,,0.023811800001567462,0
time_to_target,pdp_100,lr109,1,,2,1024,hybrid_alns,,,,,,,,,,0.023680800000875024,0
fixed_budget,pdp_100,lr110,1,52,2,1024,ropke_distance_fixed_k,10,1159.35,inf,5825093.673092751,inf,inf,inf,1.4750848000003316,0,,
fixed_budget,pdp_100,lr110,1,52,2,1024,qaoa,10,1159.35,inf,5827154.551082091,inf,inf,inf,1.4929907000005187,0,,
fixed_budget,pdp_100,lr110,1,52,2,1024,efficient_su2,10,1159.35,inf,5463575.726283967,inf,inf,inf,1.5094382999996014,0,,
fixed_budget,pdp_100,lr110,1,52,2,1024,hybrid_alns,10,1159.35,inf,5619479.608412559,inf,inf,inf,1.4305490000006102,0,,
time_to_target,pdp_100,lr110,1,,2,1024,ropke_distance_fixed_k,,,,,,,,,,0.04660379999768338,0
time_to_target,pdp_100,lr110,1,,2,1024,qaoa,,,,,,,,,,0.02529290000165929,0
time_to_target,pdp_100,lr110,1,,2,1024,efficient_su2,,,,,,,,,,0.026035400002001552,0
time_to_target,pdp_100,lr110,1,,2,1024,hybrid_alns,,,,,,,,,,0.025076699999772245,0
fixed_budget,pdp_100,lr111,1,54,2,1024,ropke_distance_fixed_k,10,1108.9,inf,5034362.485523579,inf,inf,inf,1.5891847999992024,0,,
fixed_budget,pdp_100,lr111,1,54,2,1024,qaoa,10,1108.9,inf,4642977.1526715625,inf,inf,inf,1.6290980000012496,0,,
fixed_budget,pdp_100,lr111,1,54,2,1024,efficient_su2,10,1108.9,inf,4611591.328325759,inf,inf,inf,1.7456306999993103,0,,
fixed_budget,pdp_100,lr111,1,54,2,1024,hybrid_alns,10,1108.9,inf,4572623.354497206,inf,inf,inf,1.6749247999978252,0,,
time_to_target,pdp_100,lr111,1,,2,1024,ropke_distance_fixed_k,,,,,,,,,,0.028001700000459095,0
time_to_target,pdp_100,lr111,1,,2,1024,qaoa,,,,,,,,,,0.029796400001941947,0
time_to_target,pdp_100,lr111,1,,2,1024,efficient_su2,,,,,,,,,,0.030130799998005386,0
time_to_target,pdp_100,lr111,1,,2,1024,hybrid_alns,,,,,,,,,,0.030686800000694348,0
fixed_budget,pdp_100,lr112,1,53,2,1024,ropke_distance_fixed_k,9,1003.77,inf,7871905.1880553225,inf,inf,inf,1.7017409999971278,0,,
fixed_budget,pdp_100,lr112,1,53,2,1024,qaoa,9,1003.77,inf,7394096.074716202,inf,inf,inf,1.7326465000005555,0,,
fixed_budget,pdp_100,lr112,1,53,2,1024,efficient_su2,9,1003.77,inf,7303474.559810264,inf,inf,inf,1.7196168000009493,0,,
fixed_budget,pdp_100,lr112,1,53,2,1024,hybrid_alns,9,1003.77,inf,7613465.000510912,inf,inf,inf,1.7796281999981147,0,,
time_to_target,pdp_100,lr112,1,,2,1024,ropke_distance_fixed_k,,,,,,,,,,0.02891040000031353,0
time_to_target,pdp_100,lr112,1,,2,1024,qaoa,,,,,,,,,,0.02959539999937988,0
time_to_target,pdp_100,lr112,1,,2,1024,efficient_su2,,,,,,,,,,0.040006900002481416,0
time_to_target,pdp_100,lr112,1,,2,1024,hybrid_alns,,,,,,,,,,0.031650499997340376,0
fixed_budget,pdp_100,lr201,1,51,2,1024,ropke_distance_fixed_k,4,1253.23,inf,225865.79637981404,inf,inf,inf,4.597262799998134,0,,
fixed_budget,pdp_100,lr201,1,51,2,1024,qaoa,4,1253.23,inf,831677.3746870619,inf,inf,inf,4.790282300000399,0,,
fixed_budget,pdp_100,lr201,1,51,2,1024,efficient_su2,4,1253.23,inf,709930.8879288405,inf,inf,inf,4.586688499999582,0,,
fixed_budget,pdp_100,lr201,1,51,2,1024,hybrid_alns,4,1253.23,inf,794610.399372973,inf,inf,inf,4.6562402000017755,0,,
time_to_target,pdp_100,lr201,1,,2,1024,ropke_distance_fixed_k,,,,,,,,,,0.08906709999791929,0
time_to_target,pdp_100,lr201,1,,2,1024,qaoa,,,,,,,,,,0.11804990000018734,0
time_to_target,pdp_100,lr201,1,,2,1024,efficient_su2,,,,,,,,,,0.08875030000126571,0
time_to_target,pdp_100,lr201,1,,2,1024,hybrid_alns,,,,,,,,,,0.10732080000161659,0
fixed_budget,pdp_100,lr202,1,50,2,1024,ropke_distance_fixed_k,3,1197.67,inf,3557967.423610695,inf,inf,inf,7.111604499998066,0,,
fixed_budget,pdp_100,lr202,1,50,2,1024,qaoa,3,1197.67,inf,3508103.4255339825,inf,inf,inf,7.068563700002414,0,,
fixed_budget,pdp_100,lr202,1,50,2,1024,efficient_su2,3,1197.67,inf,3138051.492435501,inf,inf,inf,7.18223450000005,0,,
fixed_budget,pdp_100,lr202,1,50,2,1024,hybrid_alns,3,1197.67,inf,3557969.976324895,inf,inf,inf,7.247851300002367,0,,
time_to_target,pdp_100,lr202,1,,2,1024,ropke_distance_fixed_k,,,,,,,,,,0.14801359999910346,0
time_to_target,pdp_100,lr202,1,,2,1024,qaoa,,,,,,,,,,0.1518346000011661,0
time_to_target,pdp_100,lr202,1,,2,1024,efficient_su2,,,,,,,,,,0.13430499999958556,0
time_to_target,pdp_100,lr202,1,,2,1024,hybrid_alns,,,,,,,,,,0.1458630000015546,0
fixed_budget,pdp_100,lr203,1,51,2,1024,ropke_distance_fixed_k,3,949.4,inf,329447.25675240695,inf,inf,inf,7.559601199998724,0,,
fixed_budget,pdp_100,lr203,1,51,2,1024,qaoa,3,949.4,inf,80121.89851946078,inf,inf,inf,7.525878799999191,0,,
fixed_budget,pdp_100,lr203,1,51,2,1024,efficient_su2,3,949.4,inf,373229.9437125234,inf,inf,inf,7.49243750000096,0,,
fixed_budget,pdp_100,lr203,1,51,2,1024,hybrid_alns,3,949.4,inf,307026.0933612593,inf,inf,inf,7.278154100000393,0,,
time_to_target,pdp_100,lr203,1,,2,1024,ropke_distance_fixed_k,,,,,,,,,,0.14924379999865778,0
time_to_target,pdp_100,lr203,1,,2,1024,qaoa,,,,,,,,,,0.14893149999988964,0
time_to_target,pdp_100,lr203,1,,2,1024,efficient_su2,,,,,,,,,,0.142083000002458,0
time_to_target,pdp_100,lr203,1,,2,1024,hybrid_alns,,,,,,,,,,0.14028939999843715,0
fixed_budget,pdp_100,lr204,1,50,2,1024,ropke_distance_fixed_k,2,849.05,inf,9692450.355855372,inf,inf,inf,14.623489800000243,0,,
fixed_budget,pdp_100,lr204,1,50,2,1024,qaoa,2,849.05,inf,9520082.424691297,inf,inf,inf,14.622363700000278,0,,
fixed_budget,pdp_100,lr204,1,50,2,1024,efficient_su2,2,849.05,inf,9087180.125928964,inf,inf,inf,14.61025680000239,0,,
fixed_budget,pdp_100,lr204,1,50,2,1024,hybrid_alns,2,849.05,inf,9566072.558363188,inf,inf,inf,14.595811899998807,0,,
time_to_target,pdp_100,lr204,1,,2,1024,ropke_distance_fixed_k,,,,,,,,,,0.28067490000103135,0
time_to_target,pdp_100,lr204,1,,2,1024,qaoa,,,,,,,,,,0.2849824000004446,0
time_to_target,pdp_100,lr204,1,,2,1024,efficient_su2,,,,,,,,,,0.28442440000071656,0
time_to_target,pdp_100,lr204,1,,2,1024,hybrid_alns,,,,,,,,,,0.3035659000015585,0
fixed_budget,pdp_100,lr205,1,51,2,1024,ropke_distance_fixed_k,3,1054.02,inf,5189488.534513339,inf,inf,inf,7.447358900000836,0,,
fixed_budget,pdp_100,lr205,1,51,2,1024,qaoa,3,1054.02,inf,6171713.329863469,inf,inf,inf,7.463295199999266,0,,
fixed_budget,pdp_100,lr205,1,51,2,1024,efficient_su2,3,1054.02,inf,6204482.854686979,inf,inf,inf,7.352548599999864,0,,
fixed_budget,pdp_100,lr205,1,51,2,1024,hybrid_alns,3,1054.02,inf,7234747.583873583,inf,inf,inf,7.7286899000027915,0,,
time_to_target,pdp_100,lr205,1,,2,1024,ropke_distance_fixed_k,,,,,,,,,,0.1524898999996367,0
time_to_target,pdp_100,lr205,1,,2,1024,qaoa,,,,,,,,,,0.15234229999987292,0
time_to_target,pdp_100,lr205,1,,2,1024,efficient_su2,,,,,,,,,,0.15252740000141785,0
time_to_target,pdp_100,lr205,1,,2,1024,hybrid_alns,,,,,,,,,,0.14688630000091507,0
fixed_budget,pdp_100,lr206,1,50,2,1024,ropke_distance_fixed_k,3,931.63,inf,912807.3754354102,inf,inf,inf,7.458461199999874,0,,
fixed_budget,pdp_100,lr206,1,50,2,1024,qaoa,3,931.63,inf,1132651.6217736236,inf,inf,inf,7.376135499998782,0,,
fixed_budget,pdp_100,lr206,1,50,2,1024,efficient_su2,3,931.63,inf,619763.750885181,inf,inf,inf,7.317646800001967,0,,
fixed_budget,pdp_100,lr206,1,50,2,1024,hybrid_alns,3,931.63,inf,1391747.197593793,inf,inf,inf,7.425483600000007,0,,
time_to_target,pdp_100,lr206,1,,2,1024,ropke_distance_fixed_k,,,,,,,,,,0.14700079999965965,0
time_to_target,pdp_100,lr206,1,,2,1024,qaoa,,,,,,,,,,0.14066879999882076,0
time_to_target,pdp_100,lr206,1,,2,1024,efficient_su2,,,,,,,,,,0.14585269999952288,0
time_to_target,pdp_100,lr206,1,,2,1024,hybrid_alns,,,,,,,,,,0.14772050000101444,0
fixed_budget,pdp_100,lr207,1,51,2,1024,ropke_distance_fixed_k,2,903.06,inf,13502554.135519955,inf,inf,inf,15.481535599999916,0,,
fixed_budget,pdp_100,lr207,1,51,2,1024,qaoa,2,903.06,inf,12571297.271068642,inf,inf,inf,15.400688500001706,0,,
fixed_budget,pdp_100,lr207,1,51,2,1024,efficient_su2,2,903.06,inf,13788706.238865362,inf,inf,inf,15.304073399998742,0,,
fixed_budget,pdp_100,lr207,1,51,2,1024,hybrid_alns,2,903.06,inf,14190465.891774401,inf,inf,inf,15.488819800000783,0,,
time_to_target,pdp_100,lr207,1,,2,1024,ropke_distance_fixed_k,,,,,,,,,,0.29546100000152364,0
time_to_target,pdp_100,lr207,1,,2,1024,qaoa,,,,,,,,,,0.3572039999999106,0
time_to_target,pdp_100,lr207,1,,2,1024,efficient_su2,,,,,,,,,,0.2993750999994518,0
time_to_target,pdp_100,lr207,1,,2,1024,hybrid_alns,,,,,,,,,,0.3155005999979039,0
fixed_budget,pdp_100,lr208,1,50,2,1024,ropke_distance_fixed_k,2,734.85,inf,3929437.5818044385,inf,inf,inf,15.029138100002456,0,,
fixed_budget,pdp_100,lr208,1,50,2,1024,qaoa,2,734.85,inf,3368707.373812302,inf,inf,inf,14.609147800001665,0,,
fixed_budget,pdp_100,lr208,1,50,2,1024,efficient_su2,2,734.85,inf,2858042.859781272,inf,inf,inf,14.521916100002272,0,,
fixed_budget,pdp_100,lr208,1,50,2,1024,hybrid_alns,2,734.85,inf,3046710.958724298,inf,inf,inf,14.514906299998984,0,,
time_to_target,pdp_100,lr208,1,,2,1024,ropke_distance_fixed_k,,,,,,,,,,0.29515010000250186,0
time_to_target,pdp_100,lr208,1,,2,1024,qaoa,,,,,,,,,,0.27824519999921904,0
time_to_target,pdp_100,lr208,1,,2,1024,efficient_su2,,,,,,,,,,0.28772469999967143,0
time_to_target,pdp_100,lr208,1,,2,1024,hybrid_alns,,,,,,,,,,0.28882420000081765,0
fixed_budget,pdp_100,lr209,1,51,2,1024,ropke_distance_fixed_k,3,930.59,inf,2883743.3351863977,inf,inf,inf,7.693818600000668,0,,
fixed_budget,pdp_100,lr209,1,51,2,1024,qaoa,3,930.59,inf,4388783.657674648,inf,inf,inf,7.415684399999009,0,,
fixed_budget,pdp_100,lr209,1,51,2,1024,efficient_su2,3,930.59,inf,3547403.3355904673,inf,inf,inf,7.553436800000782,0,,
fixed_budget,pdp_100,lr209,1,51,2,1024,hybrid_alns,3,930.59,inf,2183263.094353894,inf,inf,inf,7.453770100000838,0,,
time_to_target,pdp_100,lr209,1,,2,1024,ropke_distance_fixed_k,,,,,,,,,,0.1665787999991153,0
time_to_target,pdp_100,lr209,1,,2,1024,qaoa,,,,,,,,,,0.14306180000130553,0
time_to_target,pdp_100,lr209,1,,2,1024,efficient_su2,,,,,,,,,,0.16710220000095433,0
time_to_target,pdp_100,lr209,1,,2,1024,hybrid_alns,,,,,,,,,,0.15484250000008615,0
fixed_budget,pdp_100,lr210,1,51,2,1024,ropke_distance_fixed_k,3,964.22,inf,195878.18587045028,inf,inf,inf,7.504908099999739,0,,
fixed_budget,pdp_100,lr210,1,51,2,1024,qaoa,3,964.22,inf,125153.49381615527,inf,inf,inf,7.499216299998807,0,,
fixed_budget,pdp_100,lr210,1,51,2,1024,efficient_su2,3,964.22,inf,260410.8122736809,inf,inf,inf,7.515898800000286,0,,
fixed_budget,pdp_100,lr210,1,51,2,1024,hybrid_alns,3,964.22,inf,260405.27524641607,inf,inf,inf,7.521937599998637,0,,
time_to_target,pdp_100,lr210,1,,2,1024,ropke_distance_fixed_k,,,,,,,,,,0.1411474000015005,0
time_to_target,pdp_100,lr210,1,,2,1024,qaoa,,,,,,,,,,0.1477363999983936,0
time_to_target,pdp_100,lr210,1,,2,1024,efficient_su2,,,,,,,,,,0.15276639999865438,0
time_to_target,pdp_100,lr210,1,,2,1024,hybrid_alns,,,,,,,,,,0.15462610000031418,0
fixed_budget,pdp_100,lr211,1,50,2,1024,ropke_distance_fixed_k,2,911.52,inf,18458952.61627123,inf,inf,inf,14.759905700000672,0,,
fixed_budget,pdp_100,lr211,1,50,2,1024,qaoa,2,911.52,inf,12881131.448171899,inf,inf,inf,14.466274599999451,0,,
fixed_budget,pdp_100,lr211,1,50,2,1024,efficient_su2,2,911.52,inf,15805904.036534071,inf,inf,inf,14.468089699999837,0,,
fixed_budget,pdp_100,lr211,1,50,2,1024,hybrid_alns,2,911.52,inf,17518470.425279368,inf,inf,inf,14.554396699997596,0,,
time_to_target,pdp_100,lr211,1,,2,1024,ropke_distance_fixed_k,,,,,,,,,,0.3018240999990667,0
time_to_target,pdp_100,lr211,1,,2,1024,qaoa,,,,,,,,,,0.28860399999757647,0
time_to_target,pdp_100,lr211,1,,2,1024,efficient_su2,,,,,,,,,,0.291002900001331,0
time_to_target,pdp_100,lr211,1,,2,1024,hybrid_alns,,,,,,,,,,0.30655019999903743,0
fixed_budget,pdp_100,lrc101,1,53,2,1024,ropke_distance_fixed_k,14,1708.8,inf,2682593.527675667,inf,inf,inf,1.1316643999998632,0,,
fixed_budget,pdp_100,lrc101,1,53,2,1024,qaoa,14,1708.8,inf,2625884.977995703,inf,inf,inf,1.0958469000033801,0,,
fixed_budget,pdp_100,lrc101,1,53,2,1024,efficient_su2,14,1708.8,inf,2590833.6830302705,inf,inf,inf,1.0358196000015596,0,,
fixed_budget,pdp_100,lrc101,1,53,2,1024,hybrid_alns,14,1708.8,inf,2678476.827914062,inf,inf,inf,1.0785122999986925,0,,
time_to_target,pdp_100,lrc101,1,,2,1024,ropke_distance_fixed_k,,,,,,,,,,0.028674900000623893,0
time_to_target,pdp_100,lrc101,1,,2,1024,qaoa,,,,,,,,,,0.01889850000225124,0
time_to_target,pdp_100,lrc101,1,,2,1024,efficient_su2,,,,,,,,,,0.01924000000144588,0
time_to_target,pdp_100,lrc101,1,,2,1024,hybrid_alns,,,,,,,,,,0.018850899999961257,0
fixed_budget,pdp_100,lrc102,1,53,2,1024,ropke_distance_fixed_k,12,1558.07,inf,2879184.9099457418,inf,inf,inf,1.256383800002368,0,,
fixed_budget,pdp_100,lrc102,1,53,2,1024,qaoa,12,1558.07,inf,2879184.9099457418,inf,inf,inf,1.248866599999019,0,,
fixed_budget,pdp_100,lrc102,1,53,2,1024,efficient_su2,12,1558.07,inf,2879184.9099457418,inf,inf,inf,1.2745255999980145,0,,
fixed_budget,pdp_100,lrc102,1,53,2,1024,hybrid_alns,12,1558.07,inf,2879184.9099457418,inf,inf,inf,1.2054987000010442,0,,
time_to_target,pdp_100,lrc102,1,,2,1024,ropke_distance_fixed_k,,,,,,,,,,0.03113890000167885,0
time_to_target,pdp_100,lrc102,1,,2,1024,qaoa,,,,,,,,,,0.022916499998245854,0
time_to_target,pdp_100,lrc102,1,,2,1024,efficient_su2,,,,,,,,,,0.02534670000022743,0
time_to_target,pdp_100,lrc102,1,,2,1024,hybrid_alns,,,,,,,,,,0.021358599999075523,0
fixed_budget,pdp_100,lrc103,1,53,2,1024,ropke_distance_fixed_k,11,1258.74,inf,1570082.551679445,inf,inf,inf,1.3838945999996213,0,,
fixed_budget,pdp_100,lrc103,1,53,2,1024,qaoa,11,1258.74,inf,1643796.3677759212,inf,inf,inf,1.5635567999997875,0,,
fixed_budget,pdp_100,lrc103,1,53,2,1024,efficient_su2,11,1258.74,inf,1633372.306931769,inf,inf,inf,1.420128099998692,0,,
fixed_budget,pdp_100,lrc103,1,53,2,1024,hybrid_alns,11,1258.74,inf,1542011.7338954718,inf,inf,inf,1.5122164000022167,0,,
time_to_target,pdp_100,lrc103,1,,2,1024,ropke_distance_fixed_k,,,,,,,,,,0.02600449999954435,0
time_to_target,pdp_100,lrc103,1,,2,1024,qaoa,,,,,,,,,,0.03520790000038687,0
time_to_target,pdp_100,lrc103,1,,2,1024,efficient_su2,,,,,,,,,,0.03588769999987562,0
time_to_target,pdp_100,lrc103,1,,2,1024,hybrid_alns,,,,,,,,,,0.03552920000220183,0
fixed_budget,pdp_100,lrc104,1,54,2,1024,ropke_distance_fixed_k,10,1128.4,inf,4245793.833663255,inf,inf,inf,1.5933186000002024,0,,
fixed_budget,pdp_100,lrc104,1,54,2,1024,qaoa,10,1128.4,inf,4282631.035685322,inf,inf,inf,1.616392600000836,0,,
fixed_budget,pdp_100,lrc104,1,54,2,1024,efficient_su2,10,1128.4,inf,4282631.035685322,inf,inf,inf,1.6168235999975877,0,,
fixed_budget,pdp_100,lrc104,1,54,2,1024,hybrid_alns,10,1128.4,inf,4282631.035685322,inf,inf,inf,1.6643920999995316,0,,
time_to_target,pdp_100,lrc104,1,,2,1024,ropke_distance_fixed_k,,,,,,,,,,0.027825900000607362,0
time_to_target,pdp_100,lrc104,1,,2,1024,qaoa,,,,,,,,,,0.03776830000060727,0
time_to_target,pdp_100,lrc104,1,,2,1024,efficient_su2,,,,,,,,,,0.0291042999997444,0
time_to_target,pdp_100,lrc104,1,,2,1024,hybrid_alns,,,,,,,,,,0.03853440000239061,0
fixed_budget,pdp_100,lrc105,1,54,2,1024,ropke_distance_fixed_k,13,1637.62,inf,2146978.8077238183,inf,inf,inf,1.1787894000008237,0,,
fixed_budget,pdp_100,lrc105,1,54,2,1024,qaoa,13,1637.62,inf,2298820.6175589333,inf,inf,inf,1.287036599998828,0,,
fixed_budget,pdp_100,lrc105,1,54,2,1024,efficient_su2,13,1637.62,inf,2294987.5460285596,inf,inf,inf,1.244953199999145,0,,
fixed_budget,pdp_100,lrc105,1,54,2,1024,hybrid_alns,13,1637.62,inf,1979062.8816622328,inf,inf,inf,1.2974164999977802,0,,
time_to_target,pdp_100,lrc105,1,,2,1024,ropke_distance_fixed_k,,,,,,,,,,0.03161499999987427,0
time_to_target,pdp_100,lrc105,1,,2,1024,qaoa,,,,,,,,,,0.022020399999746587,0
time_to_target,pdp_100,lrc105,1,,2,1024,efficient_su2,,,,,,,,,,0.03052190000016708,0
time_to_target,pdp_100,lrc105,1,,2,1024,hybrid_alns,,,,,,,,,,0.03162270000029821,0
fixed_budget,pdp_100,lrc106,1,53,2,1024,ropke_distance_fixed_k,11,1424.73,inf,4877008.696854732,inf,inf,inf,1.3771209999977145,0,,
fixed_budget,pdp_100,lrc106,1,53,2,1024,qaoa,11,1424.73,inf,6438217.396735113,inf,inf,inf,1.4084758999997575,0,,
fixed_budget,pdp_100,lrc106,1,53,2,1024,efficient_su2,11,1424.73,inf,5606651.470177014,inf,inf,inf,1.4046458000011626,0,,
fixed_budget,pdp_100,lrc106,1,53,2,1024,hybrid_alns,11,1424.73,inf,5861840.401182566,inf,inf,inf,1.4287633999992977,0,,
time_to_target,pdp_100,lrc106,1,,2,1024,ropke_distance_fixed_k,,,,,,,,,,0.02334569999948144,0
time_to_target,pdp_100,lrc106,1,,2,1024,qaoa,,,,,,,,,,0.030598599998484133,0
time_to_target,pdp_100,lrc106,1,,2,1024,efficient_su2,,,,,,,,,,0.03293879999910132,0
time_to_target,pdp_100,lrc106,1,,2,1024,hybrid_alns,,,,,,,,,,0.024078000002191402,0
fixed_budget,pdp_100,lrc107,1,53,2,1024,ropke_distance_fixed_k,11,1230.14,inf,3760712.6635014107,inf,inf,inf,1.4022254000010435,0,,
fixed_budget,pdp_100,lrc107,1,53,2,1024,qaoa,11,1230.14,inf,4841198.231349934,inf,inf,inf,1.4046335000020918,0,,
fixed_budget,pdp_100,lrc107,1,53,2,1024,efficient_su2,11,1230.14,inf,4006256.085635338,inf,inf,inf,1.3855275999994774,0,,
fixed_budget,pdp_100,lrc107,1,53,2,1024,hybrid_alns,11,1230.14,inf,5183395.457518292,inf,inf,inf,1.458065599999827,0,,
time_to_target,pdp_100,lrc107,1,,2,1024,ropke_distance_fixed_k,,,,,,,,,,0.02306709999902523,0
time_to_target,pdp_100,lrc107,1,,2,1024,qaoa,,,,,,,,,,0.03311229999962961,0
time_to_target,pdp_100,lrc107,1,,2,1024,efficient_su2,,,,,,,,,,0.025344599998788908,0
time_to_target,pdp_100,lrc107,1,,2,1024,hybrid_alns,,,,,,,,,,0.03230260000054841,0
fixed_budget,pdp_100,lrc108,1,52,2,1024,ropke_distance_fixed_k,10,1147.43,inf,4953822.681495116,inf,inf,inf,1.4734013999986928,0,,
fixed_budget,pdp_100,lrc108,1,52,2,1024,qaoa,10,1147.43,inf,5259991.51980308,inf,inf,inf,1.3456674000008206,0,,
fixed_budget,pdp_100,lrc108,1,52,2,1024,efficient_su2,10,1147.43,inf,3991435.898973876,inf,inf,inf,1.4361583999998402,0,,
fixed_budget,pdp_100,lrc108,1,52,2,1024,hybrid_alns,10,1147.43,inf,4320441.504322811,inf,inf,inf,1.4279530999992858,0,,
time_to_target,pdp_100,lrc108,1,,2,1024,ropke_distance_fixed_k,,,,,,,,,,0.026191999997536186,0
time_to_target,pdp_100,lrc108,1,,2,1024,qaoa,,,,,,,,,,0.02564910000000964,0
time_to_target,pdp_100,lrc108,1,,2,1024,efficient_su2,,,,,,,,,,0.027012700000341283,0
time_to_target,pdp_100,lrc108,1,,2,1024,hybrid_alns,,,,,,,,,,0.024936499998148065,0
fixed_budget,pdp_100,lrc201,1,51,2,1024,ropke_distance_fixed_k,4,1406.94,inf,4522863.390592234,inf,inf,inf,4.768796600001224,0,,
fixed_budget,pdp_100,lrc201,1,51,2,1024,qaoa,4,1406.94,inf,3514249.933162408,inf,inf,inf,4.766156300000148,0,,
fixed_budget,pdp_100,lrc201,1,51,2,1024,efficient_su2,4,1406.94,inf,4145569.6973106125,inf,inf,inf,4.725536900001316,0,,
fixed_budget,pdp_100,lrc201,1,51,2,1024,hybrid_alns,4,1406.94,inf,4471975.775989957,inf,inf,inf,4.72958060000019,0,,
time_to_target,pdp_100,lrc201,1,,2,1024,ropke_distance_fixed_k,,,,,,,,,,0.08979810000164434,0
time_to_target,pdp_100,lrc201,1,,2,1024,qaoa,,,,,,,,,,0.10327820000020438,0
time_to_target,pdp_100,lrc201,1,,2,1024,efficient_su2,,,,,,,,,,0.08855070000208798,0
time_to_target,pdp_100,lrc201,1,,2,1024,hybrid_alns,,,,,,,,,,0.08853140000064741,0
fixed_budget,pdp_100,lrc202,1,51,2,1024,ropke_distance_fixed_k,3,1374.27,inf,10962172.710035264,inf,inf,inf,7.625497799999721,0,,
fixed_budget,pdp_100,lrc202,1,51,2,1024,qaoa,3,1374.27,inf,9681558.374346197,inf,inf,inf,7.4394090000023425,0,,
fixed_budget,pdp_100,lrc202,1,51,2,1024,efficient_su2,3,1374.27,inf,6847131.402550854,inf,inf,inf,7.43223880000005,0,,
fixed_budget,pdp_100,lrc202,1,51,2,1024,hybrid_alns,3,1374.27,inf,12076043.561413838,inf,inf,inf,7.462117700000817,0,,
time_to_target,pdp_100,lrc202,1,,2,1024,ropke_distance_fixed_k,,,,,,,,,,0.1459022000017285,0
time_to_target,pdp_100,lrc202,1,,2,1024,qaoa,,,,,,,,,,0.14398310000251513,0
time_to_target,pdp_100,lrc202,1,,2,1024,efficient_su2,,,,,,,,,,0.14270140000007814,0
time_to_target,pdp_100,lrc202,1,,2,1024,hybrid_alns,,,,,,,,,,0.14339939999990747,0
fixed_budget,pdp_100,lrc203,1,51,2,1024,ropke_distance_fixed_k,3,1089.07,inf,2063600.271195984,inf,inf,inf,7.6401632000015525,0,,
fixed_budget,pdp_100,lrc203,1,51,2,1024,qaoa,3,1089.07,inf,1974667.2918749847,inf,inf,inf,7.637887900000351,0,,
fixed_budget,pdp_100,lrc203,1,51,2,1024,efficient_su2,3,1089.07,inf,2034897.378577493,inf,inf,inf,7.72301779999907,0,,
fixed_budget,pdp_100,lrc203,1,51,2,1024,hybrid_alns,3,1089.07,inf,2100054.422501987,inf,inf,inf,7.6892684000013105,0,,
time_to_target,pdp_100,lrc203,1,,2,1024,ropke_distance_fixed_k,,,,,,,,,,0.15246440000191797,0
time_to_target,pdp_100,lrc203,1,,2,1024,qaoa,,,,,,,,,,0.15078409999841824,0
time_to_target,pdp_100,lrc203,1,,2,1024,efficient_su2,,,,,,,,,,0.14404279999871505,0
time_to_target,pdp_100,lrc203,1,,2,1024,hybrid_alns,,,,,,,,,,0.1500317999998515,0
fixed_budget,pdp_100,lrc204,1,51,2,1024,ropke_distance_fixed_k,3,818.66,inf,60701.742787391246,inf,inf,inf,7.950425500002893,0,,
fixed_budget,pdp_100,lrc204,1,51,2,1024,qaoa,3,818.66,inf,56979.62360660823,inf,inf,inf,7.879550500001642,0,,
fixed_budget,pdp_100,lrc204,1,51,2,1024,efficient_su2,3,818.66,inf,68290.50184971199,inf,inf,inf,7.788171899999725,0,,
fixed_budget,pdp_100,lrc204,1,51,2,1024,hybrid_alns,3,818.66,inf,56977.82141537745,inf,inf,inf,7.765459800000826,0,,
time_to_target,pdp_100,lrc204,1,,2,1024,ropke_distance_fixed_k,,,,,,,,,,0.1746173000028648,0
time_to_target,pdp_100,lrc204,1,,2,1024,qaoa,,,,,,,,,,0.1641258999989077,0
time_to_target,pdp_100,lrc204,1,,2,1024,efficient_su2,,,,,,,,,,0.14709139999831677,0
time_to_target,pdp_100,lrc204,1,,2,1024,hybrid_alns,,,,,,,,,,0.14867190000222763,0
fixed_budget,pdp_100,lrc205,1,51,2,1024,ropke_distance_fixed_k,4,1302.2,inf,3406140.061328796,inf,inf,inf,4.910634700001538,0,,
fixed_budget,pdp_100,lrc205,1,51,2,1024,qaoa,4,1302.2,inf,3420327.129647418,inf,inf,inf,4.882063400000334,0,,
fixed_budget,pdp_100,lrc205,1,51,2,1024,efficient_su2,4,1302.2,inf,3212374.266620363,inf,inf,inf,4.827521399998659,0,,
fixed_budget,pdp_100,lrc205,1,51,2,1024,hybrid_alns,4,1302.2,inf,3298547.867716905,inf,inf,inf,4.7207878999979584,0,,
time_to_target,pdp_100,lrc205,1,,2,1024,ropke_distance_fixed_k,,,,,,,,,,0.0932518000008713,0
time_to_target,pdp_100,lrc205,1,,2,1024,qaoa,,,,,,,,,,0.09961150000162888,0
time_to_target,pdp_100,lrc205,1,,2,1024,efficient_su2,,,,,,,,,,0.10720600000058766,0
time_to_target,pdp_100,lrc205,1,,2,1024,hybrid_alns,,,,,,,,,,0.09988469999734662,0
fixed_budget,pdp_100,lrc206,1,51,2,1024,ropke_distance_fixed_k,3,1159.03,inf,14101566.226868361,inf,inf,inf,7.434551099999226,0,,
fixed_budget,pdp_100,lrc206,1,51,2,1024,qaoa,3,1159.03,inf,14615432.037258893,inf,inf,inf,7.519774000000325,0,,
fixed_budget,pdp_100,lrc206,1,51,2,1024,efficient_su2,3,1159.03,inf,14477447.941610748,inf,inf,inf,7.566585700002179,0,,
fixed_budget,pdp_100,lrc206,1,51,2,1024,hybrid_alns,3,1159.03,inf,12971074.328470018,inf,inf,inf,7.529334200000449,0,,
time_to_target,pdp_100,lrc206,1,,2,1024,ropke_distance_fixed_k,,,,,,,,,,0.14308019999953103,0
time_to_target,pdp_100,lrc206,1,,2,1024,qaoa,,,,,,,,,,0.16958689999955823,0
time_to_target,pdp_100,lrc206,1,,2,1024,efficient_su2,,,,,,,,,,0.14287640000111423,0
time_to_target,pdp_100,lrc206,1,,2,1024,hybrid_alns,,,,,,,,,,0.1495455000003858,0
fixed_budget,pdp_100,lrc207,1,51,2,1024,ropke_distance_fixed_k,3,1062.05,inf,9679627.428464463,inf,inf,inf,7.422267400001147,0,,
fixed_budget,pdp_100,lrc207,1,51,2,1024,qaoa,3,1062.05,inf,15577256.553891182,inf,inf,inf,7.639854599998216,0,,
fixed_budget,pdp_100,lrc207,1,51,2,1024,efficient_su2,3,1062.05,inf,10825424.818186268,inf,inf,inf,7.413081099999545,0,,
fixed_budget,pdp_100,lrc207,1,51,2,1024,hybrid_alns,3,1062.05,inf,12791044.595845383,inf,inf,inf,7.516158399997948,0,,
time_to_target,pdp_100,lrc207,1,,2,1024,ropke_distance_fixed_k,,,,,,,,,,0.14258669999981066,0
time_to_target,pdp_100,lrc207,1,,2,1024,qaoa,,,,,,,,,,0.1516827999985253,0
time_to_target,pdp_100,lrc207,1,,2,1024,efficient_su2,,,,,,,,,,0.14354330000060145,0
time_to_target,pdp_100,lrc207,1,,2,1024,hybrid_alns,,,,,,,,,,0.1680156000002171,0
fixed_budget,pdp_100,lrc208,1,51,2,1024,ropke_distance_fixed_k,3,852.76,inf,1296774.902029051,inf,inf,inf,7.694123299999774,0,,
fixed_budget,pdp_100,lrc208,1,51,2,1024,qaoa,3,852.76,inf,5335333.487240523,inf,inf,inf,7.917901300002995,0,,
fixed_budget,pdp_100,lrc208,1,51,2,1024,efficient_su2,3,852.76,inf,5484127.795516562,inf,inf,inf,7.844964799998706,0,,
fixed_budget,pdp_100,lrc208,1,51,2,1024,hybrid_alns,3,852.76,inf,4411644.613908351,inf,inf,inf,7.778870400001324,0,,
time_to_target,pdp_100,lrc208,1,,2,1024,ropke_distance_fixed_k,,,,,,,,,,0.14844589999847813,0
time_to_target,pdp_100,lrc208,1,,2,1024,qaoa,,,,,,,,,,0.14873840000291239,0
time_to_target,pdp_100,lrc208,1,,2,1024,efficient_su2,,,,,,,,,,0.14844380000067758,0
time_to_target,pdp_100,lrc208,1,,2,1024,hybrid_alns,,,,,,,,,,0.15364369999952032,0
fixed_budget,pdp_100,lc101,1,53,3,1024,ropke_distance_fixed_k,10,828.94,828.9368669428341,828.9368669428341,828.9368669428341,0.0,-3.7795946220431313e-06,2.2612101000013354,1,,
fixed_budget,pdp_100,lc101,1,53,3,1024,qaoa,10,828.94,828.9368669428341,828.9368669428341,828.9368669428341,0.0,-3.7795946220431313e-06,2.25141480000093,1,,
fixed_budget,pdp_100,lc101,1,53,3,1024,efficient_su2,10,828.94,828.9368669428341,828.9368669428341,828.9368669428341,0.0,-3.7795946220431313e-06,2.2176710999992792,1,,
fixed_budget,pdp_100,lc101,1,53,3,1024,hybrid_alns,10,828.94,828.9368669428341,828.9368669428341,828.9368669428341,0.0,-3.7795946220431313e-06,2.149073299999145,1,,
time_to_target,pdp_100,lc101,1,,3,1024,ropke_distance_fixed_k,,,,,,,,,,0.04884360000141896,0
time_to_target,pdp_100,lc101,1,,3,1024,qaoa,,,,,,,,,,0.0399424999995972,0
time_to_target,pdp_100,lc101,1,,3,1024,efficient_su2,,,,,,,,,,0.04599389999930281,0
time_to_target,pdp_100,lc101,1,,3,1024,hybrid_alns,,,,,,,,,,0.050074499999027466,0
fixed_budget,pdp_100,lc102,1,53,3,1024,ropke_distance_fixed_k,10,828.94,inf,6476589.53041797,inf,inf,inf,2.2080587999989802,0,,
fixed_budget,pdp_100,lc102,1,53,3,1024,qaoa,10,828.94,inf,6476589.53041797,inf,inf,inf,2.2512377000020933,0,,
fixed_budget,pdp_100,lc102,1,53,3,1024,efficient_su2,10,828.94,inf,6090238.221237185,inf,inf,inf,2.3159764999982144,0,,
fixed_budget,pdp_100,lc102,1,53,3,1024,hybrid_alns,10,828.94,inf,6835206.567871202,inf,inf,inf,2.2089235999992525,0,,
time_to_target,pdp_100,lc102,1,,3,1024,ropke_distance_fixed_k,,,,,,,,,,0.049247599999944214,0
time_to_target,pdp_100,lc102,1,,3,1024,qaoa,,,,,,,,,,0.061313199999858625,0
time_to_target,pdp_100,lc102,1,,3,1024,efficient_su2,,,,,,,,,,0.04068919999917853,0
time_to_target,pdp_100,lc102,1,,3,1024,hybrid_alns,,,,,,,,,,0.03985430000102497,0
fixed_budget,pdp_100,lc103,1,52,3,1024,ropke_distance_fixed_k,9,1035.35,inf,4189014.37767134,inf,inf,inf,2.3899330999993253,0,,
fixed_budget,pdp_100,lc103,1,52,3,1024,qaoa,9,1035.35,inf,4189014.37767134,inf,inf,inf,2.4618950999974913,0,,
fixed_budget,pdp_100,lc103,1,52,3,1024,efficient_su2,9,1035.35,inf,4189014.37767134,inf,inf,inf,2.513833799999702,0,,
fixed_budget,pdp_100,lc103,1,52,3,1024,hybrid_alns,9,1035.35,inf,4189014.37767134,inf,inf,inf,2.505927899997914,0,,
time_to_target,pdp_100,lc103,1,,3,1024,ropke_distance_fixed_k,,,,,,,,,,0.0542470999971556,0
time_to_target,pdp_100,lc103,1,,3,1024,qaoa,,,,,,,,,,0.04386209999938728,0
time_to_target,pdp_100,lc103,1,,3,1024,efficient_su2,,,,,,,,,,0.05410199999823817,0
time_to_target,pdp_100,lc103,1,,3,1024,hybrid_alns,,,,,,,,,,0.054756499997893116,0
fixed_budget,pdp_100,lc104,1,53,3,1024,ropke_distance_fixed_k,9,860.01,inf,1313573.8896566955,inf,inf,inf,2.3963683000001765,0,,
fixed_budget,pdp_100,lc104,1,53,3,1024,qaoa,9,860.01,inf,1313573.8896566955,inf,inf,inf,2.441186199997901,0,,
fixed_budget,pdp_100,lc104,1,53,3,1024,efficient_su2,9,860.01,inf,1313573.8896566955,inf,inf,inf,2.357269100000849,0,,
fixed_budget,pdp_100,lc104,1,53,3,1024,hybrid_alns,9,860.01,inf,1313573.8896566955,inf,inf,inf,2.504932399999234,0,,
time_to_target,pdp_100,lc104,1,,3,1024,ropke_distance_fixed_k,,,,,,,,,,0.055218699999386445,0
time_to_target,pdp_100,lc104,1,,3,1024,qaoa,,,,,,,,,,0.05569819999800529,0
time_to_target,pdp_100,lc104,1,,3,1024,efficient_su2,,,,,,,,,,0.05528100000083214,0
time_to_target,pdp_100,lc104,1,,3,1024,hybrid_alns,,,,,,,,,,0.04767809999975725,0
fixed_budget,pdp_100,lc105,1,53,3,1024,ropke_distance_fixed_k,10,828.94,inf,14821160.912271824,inf,inf,inf,2.157477000000654,0,,
fixed_budget,pdp_100,lc105,1,53,3,1024,qaoa,10,828.94,inf,14821160.912271824,inf,inf,inf,2.189533400000073,0,,
fixed_budget,pdp_100,lc105,1,53,3,1024,efficient_su2,10,828.94,inf,14821160.912271824,inf,inf,inf,2.1858240000001388,0,,
fixed_budget,pdp_100,lc105,1,53,3,1024,hybrid_alns,10,828.94,inf,14821160.912271824,inf,inf,inf,2.1435229999988223,0,,
time_to_target,pdp_100,lc105,1,,3,1024,ropke_distance_fixed_k,,,,,,,,,,0.03706670000246959,0
time_to_target,pdp_100,lc105,1,,3,1024,qaoa,,,,,,,,,,0.03856879999875673,0
time_to_target,pdp_100,lc105,1,,3,1024,efficient_su2,,,,,,,,,,0.05103380000218749,0
time_to_target,pdp_100,lc105,1,,3,1024,hybrid_alns,,,,,,,,,,0.05005140000139363,0
fixed_budget,pdp_100,lc106,1,53,3,1024,ropke_distance_fixed_k,10,828.94,inf,7399122.480212065,inf,inf,inf,2.1153369000021485,0,,
fixed_budget,pdp_100,lc106,1,53,3,1024,qaoa,10,828.94,inf,7399122.480212065,inf,inf,inf,2.139402799999516,0,,
fixed_budget,pdp_100,lc106,1,53,3,1024,efficient_su2,10,828.94,inf,5902742.730206732,inf,inf,inf,2.211521499997616,0,,
fixed_budget,pdp_100,lc106,1,53,3,1024,hybrid_alns,10,828.94,inf,5902742.730206732,inf,inf,inf,2.1740678000023763,0,,
time_to_target,pdp_100,lc106,1,,3,1024,ropke_distance_fixed_k,,,,,,,,,,0.038666899999952875,0
time_to_target,pdp_100,lc106,1,,3,1024,qaoa,,,,,,,,,,0.04101199999786331,0
time_to_target,pdp_100,lc106,1,,3,1024,efficient_su2,,,,,,,,,,0.0395604999976058,0
time_to_target,pdp_100,lc106,1,,3,1024,hybrid_alns,,,,,,,,,,0.0389988999995694,0
fixed_budget,pdp_100,lc107,1,53,3,1024,ropke_distance_fixed_k,10,828.94,inf,9692790.279842626,inf,inf,inf,2.309739799999079,0,,
fixed_budget,pdp_100,lc107,1,53,3,1024,qaoa,10,828.94,inf,10042155.685847528,inf,inf,inf,2.342256300002191,0,,
fixed_budget,pdp_100,lc107,1,53,3,1024,efficient_su2,10,828.94,inf,10042155.685847528,inf,inf,inf,2.4819433000011486,0,,
fixed_budget,pdp_100,lc107,1,53,3,1024,hybrid_alns,10,828.94,inf,9931902.300301475,inf,inf,inf,2.1820484999989276,0,,
time_to_target,pdp_100,lc107,1,,3,1024,ropke_distance_fixed_k,,,,,,,,,,0.038441900000179885,0
time_to_target,pdp_100,lc107,1,,3,1024,qaoa,,,,,,,,,,0.059484299999894574,0
time_to_target,pdp_100,lc107,1,,3,1024,efficient_su2,,,,,,,,,,0.03908249999949476,0
time_to_target,pdp_100,lc107,1,,3,1024,hybrid_alns,,,,,,,,,,0.04031020000184071,0
fixed_budget,pdp_100,lc108,1,53,3,1024,ropke_distance_fixed_k,10,826.44,inf,7241379.46757529,inf,inf,inf,2.1685318000018015,0,,
fixed_budget,pdp_100,lc108,1,53,3,1024,qaoa,10,826.44,inf,7241379.46757529,inf,inf,inf,2.250711799999408,0,,
fixed_budget,pdp_100,lc108,1,53,3,1024,efficient_su2,10,826.44,inf,7241379.46757529,inf,inf,inf,2.229024300002493,0,,
fixed_budget,pdp_100,lc108,1,53,3,1024,hybrid_alns,10,826.44,inf,7169625.325442307,inf,inf,inf,2.146815799998876,0,,
time_to_target,pdp_100,lc108,1,,3,1024,ropke_distance_fixed_k,,,,,,,,,,0.0496000000021013,0
time_to_target,pdp_100,lc108,1,,3,1024,qaoa,,,,,,,,,,0.04018290000021807,0
time_to_target,pdp_100,lc108,1,,3,1024,efficient_su2,,,,,,,,,,0.04001080000307411,0
time_to_target,pdp_100,lc108,1,,3,1024,hybrid_alns,,,,,,,,,,0.048105099998792866,0
fixed_budget,pdp_100,lc109,1,53,3,1024,ropke_distance_fixed_k,9,1000.6,inf,8228381.479505691,inf,inf,inf,2.328681200000574,0,,
fixed_budget,pdp_100,lc109,1,53,3,1024,qaoa,9,1000.6,inf,8228381.479505691,inf,inf,inf,2.4270591999993485,0,,
fixed_budget,pdp_100,lc109,1,53,3,1024,efficient_su2,9,1000.6,inf,8228381.479505691,inf,inf,inf,2.363940499999444,0,,
fixed_budget,pdp_100,lc109,1,53,3,1024,hybrid_alns,9,1000.6,inf,8228381.479505691,inf,inf,inf,2.5463273000023037,0,,
time_to_target,pdp_100,lc109,1,,3,1024,ropke_distance_fixed_k,,,,,,,,,,0.04323830000066664,0
time_to_target,pdp_100,lc109,1,,3,1024,qaoa,,,,,,,,,,0.0432823000010103,0
time_to_target,pdp_100,lc109,1,,3,1024,efficient_su2,,,,,,,,,,0.05655130000013742,0
time_to_target,pdp_100,lc109,1,,3,1024,hybrid_alns,,,,,,,,,,0.05523449999964214,0
fixed_budget,pdp_100,lc201,1,51,3,1024,ropke_distance_fixed_k,3,591.56,591.5565566715015,591.5565566715015,591.5565566715015,0.0,-5.820759514514365e-06,10.597107900000992,1,,
fixed_budget,pdp_100,lc201,1,51,3,1024,qaoa,3,591.56,591.5565566715015,591.5565566715015,591.5565566715015,0.0,-5.820759514514365e-06,10.656908499997371,1,,
fixed_budget,pdp_100,lc201,1,51,3,1024,efficient_su2,3,591.56,591.5565566715015,591.5565566715015,591.5565566715015,0.0,-5.820759514514365e-06,10.83843540000089,1,,
fixed_budget,pdp_100,lc201,1,51,3,1024,hybrid_alns,3,591.56,591.5565566715015,591.5565566715015,591.5565566715015,0.0,-5.820759514514365e-06,10.528351399996609,1,,
time_to_target,pdp_100,lc201,1,,3,1024,ropke_distance_fixed_k,,,,,,,,,,0.21060469999792986,0
time_to_target,pdp_100,lc201,1,,3,1024,qaoa,,,,,,,,,,0.21115399999689544,0
time_to_target,pdp_100,lc201,1,,3,1024,efficient_su2,,,,,,,,,,0.2101744999999937,0
time_to_target,pdp_100,lc201,1,,3,1024,hybrid_alns,,,,,,,,,,0.21056169999792473,0
fixed_budget,pdp_100,lc202,1,51,3,1024,ropke_distance_fixed_k,3,591.56,591.5565566715015,591.5565566715015,591.5565566715015,0.0,-5.820759514514365e-06,10.616214699999546,1,,
fixed_budget,pdp_100,lc202,1,51,3,1024,qaoa,3,591.56,591.5565566715015,591.5565566715015,591.5565566715015,0.0,-5.820759514514365e-06,10.558306999999331,1,,
fixed_budget,pdp_100,lc202,1,51,3,1024,efficient_su2,3,591.56,591.5565566715015,591.5565566715015,591.5565566715015,0.0,-5.820759514514365e-06,10.452512699997897,1,,
fixed_budget,pdp_100,lc202,1,51,3,1024,hybrid_alns,3,591.56,591.5565566715015,591.5565566715015,591.5565566715015,0.0,-5.820759514514365e-06,10.3740355000009,1,,
time_to_target,pdp_100,lc202,1,,3,1024,ropke_distance_fixed_k,,,,,,,,,,0.2099850000013248,0
time_to_target,pdp_100,lc202,1,,3,1024,qaoa,,,,,,,,,,0.20428489999903832,0
time_to_target,pdp_100,lc202,1,,3,1024,efficient_su2,,,,,,,,,,0.2368967000002158,0
time_to_target,pdp_100,lc202,1,,3,1024,hybrid_alns,,,,,,,,,,0.21060619999843766,0
fixed_budget,pdp_100,lc203,1,51,3,1024,ropke_distance_fixed_k,3,591.17,inf,7743890.01417367,inf,inf,inf,10.691767899999832,0,,
fixed_budget,pdp_100,lc203,1,51,3,1024,qaoa,3,591.17,inf,11051048.810603557,inf,inf,inf,10.71429199999693,0,,
fixed_budget,pdp_100,lc203,1,51,3,1024,efficient_su2,3,591.17,inf,10471471.380581364,inf,inf,inf,10.89398280000023,0,,
fixed_budget,pdp_100,lc203,1,51,3,1024,hybrid_alns,3,591.17,inf,9172167.699247926,inf,inf,inf,10.867837699999654,0,,
time_to_target,pdp_100,lc203,1,,3,1024,ropke_distance_fixed_k,,,,,,,,,,0.2280322000005981,0
time_to_target,pdp_100,lc203,1,,3,1024,qaoa,,,,,,,,,,0.2156087999974261,0
time_to_target,pdp_100,lc203,1,,3,1024,efficient_su2,,,,,,,,,,0.25029759999961243,0
time_to_target,pdp_100,lc203,1,,3,1024,hybrid_alns,,,,,,,,,,0.22497110000040266,0
fixed_budget,pdp_100,lc204,1,51,3,1024,ropke_distance_fixed_k,3,590.6,inf,1850704.106332381,inf,inf,inf,10.342281699999148,0,,
fixed_budget,pdp_100,lc204,1,51,3,1024,qaoa,3,590.6,inf,1850704.106332381,inf,inf,inf,10.755744900001446,0,,
fixed_budget,pdp_100,lc204,1,51,3,1024,efficient_su2,3,590.6,inf,1850704.106332381,inf,inf,inf,10.544022199999745,0,,
fixed_budget,pdp_100,lc204,1,51,3,1024,hybrid_alns,3,590.6,inf,1850704.106332381,inf,inf,inf,10.479406599999493,0,,
time_to_target,pdp_100,lc204,1,,3,1024,ropke_distance_fixed_k,,,,,,,,,,0.19896439999865834,0
time_to_target,pdp_100,lc204,1,,3,1024,qaoa,,,,,,,,,,0.19959530000051018,0
time_to_target,pdp_100,lc204,1,,3,1024,efficient_su2,,,,,,,,,,0.20788790000005974,0
time_to_target,pdp_100,lc204,1,,3,1024,hybrid_alns,,,,,,,,,,0.1995104999987234,0
fixed_budget,pdp_100,lc205,1,51,3,1024,ropke_distance_fixed_k,3,588.88,inf,64084198.342158556,inf,inf,inf,10.625040300001274,0,,
fixed_budget,pdp_100,lc205,1,51,3,1024,qaoa,3,588.88,inf,67898936.30745044,inf,inf,inf,10.676979600000777,0,,
fixed_budget,pdp_100,lc205,1,51,3,1024,efficient_su2,3,588.88,inf,80308629.50281286,inf,inf,inf,10.81950599999982,0,,
fixed_budget,pdp_100,lc205,1,51,3,1024,hybrid_alns,3,588.88,inf,79541836.20256467,inf,inf,inf,10.825917800000752,0,,
time_to_target,pdp_100,lc205,1,,3,1024,ropke_distance_fixed_k,,,,,,,,,,0.21321510000052513,0
time_to_target,pdp_100,lc205,1,,3,1024,qaoa,,,,,,,,,,0.22574969999914174,0
time_to_target,pdp_100,lc205,1,,3,1024,efficient_su2,,,,,,,,,,0.2524173999991035,0
time_to_target,pdp_100,lc205,1,,3,1024,hybrid_alns,,,,,,,,,,0.2147311999979138,0
fixed_budget,pdp_100,lc206,1,51,3,1024,ropke_distance_fixed_k,3,588.49,inf,25426940.885564953,inf,inf,inf,10.777709899997717,0,,
fixed_budget,pdp_100,lc206,1,51,3,1024,qaoa,3,588.49,inf,29072420.15960618,inf,inf,inf,10.581443700000818,0,,
fixed_budget,pdp_100,lc206,1,51,3,1024,efficient_su2,3,588.49,inf,27388596.24757236,inf,inf,inf,10.66003599999749,0,,
fixed_budget,pdp_100,lc206,1,51,3,1024,hybrid_alns,3,588.49,inf,30592650.599752173,inf,inf,inf,10.882167800002208,0,,
time_to_target,pdp_100,lc206,1,,3,1024,ropke_distance_fixed_k,,,,,,,,,,0.21805829999721027,0
time_to_target,pdp_100,lc206,1,,3,1024,qaoa,,,,,,,,,,0.2175984999994398,0
time_to_target,pdp_100,lc206,1,,3,1024,efficient_su2,,,,,,,,,,0.20197489999918616,0
time_to_target,pdp_100,lc206,1,,3,1024,hybrid_alns,,,,,,,,,,0.20541969999976573,0
fixed_budget,pdp_100,lc207,1,51,3,1024,ropke_distance_fixed_k,3,588.29,inf,9532107.467074236,inf,inf,inf,10.781224900001689,0,,
fixed_budget,pdp_100,lc207,1,51,3,1024,qaoa,3,588.29,inf,19020906.480572943,inf,inf,inf,10.64084400000138,0,,
fixed_budget,pdp_100,lc207,1,51,3,1024,efficient_su2,3,588.29,inf,18153127.72772007,inf,inf,inf,10.767015400000673,0,,
fixed_budget,pdp_100,lc207,1,51,3,1024,hybrid_alns,3,588.29,inf,19171018.966771144,inf,inf,inf,10.936545799999294,0,,
time_to_target,pdp_100,lc207,1,,3,1024,ropke_distance_fixed_k,,,,,,,,,,0.22171349999916856,0
time_to_target,pdp_100,lc207,1,,3,1024,qaoa,,,,,,,,,,0.2077160000008007,0
time_to_target,pdp_100,lc207,1,,3,1024,efficient_su2,,,,,,,,,,0.2297948000014003,0
time_to_target,pdp_100,lc207,1,,3,1024,hybrid_alns,,,,,,,,,,0.21112149999680696,0
fixed_budget,pdp_100,lc208,1,51,3,1024,ropke_distance_fixed_k,3,588.32,inf,34256391.46870079,inf,inf,inf,10.909642499998881,0,,
fixed_budget,pdp_100,lc208,1,51,3,1024,qaoa,3,588.32,inf,33222290.522605773,inf,inf,inf,10.975621199999296,0,,
fixed_budget,pdp_100,lc208,1,51,3,1024,efficient_su2,3,588.32,inf,27444703.891117826,inf,inf,inf,10.887208600001031,0,,
fixed_budget,pdp_100,lc208,1,51,3,1024,hybrid_alns,3,588.32,inf,37483019.40756735,inf,inf,inf,10.664822799997637,0,,
time_to_target,pdp_100,lc208,1,,3,1024,ropke_distance_fixed_k,,,,,,,,,,0.2078655000004801,0
time_to_target,pdp_100,lc208,1,,3,1024,qaoa,,,,,,,,,,0.21089949999804958,0
time_to_target,pdp_100,lc208,1,,3,1024,efficient_su2,,,,,,,,,,0.22909599999911734,0
time_to_target,pdp_100,lc208,1,,3,1024,hybrid_alns,,,,,,,,,,0.20532549999916228,0
fixed_budget,pdp_100,lr101,1,53,3,1024,ropke_distance_fixed_k,19,1650.8,inf,452512.05262399244,inf,inf,inf,1.2495388000024832,0,,
fixed_budget,pdp_100,lr101,1,53,3,1024,qaoa,19,1650.8,inf,452500.5215254732,inf,inf,inf,1.2654408999987936,0,,
fixed_budget,pdp_100,lr101,1,53,3,1024,efficient_su2,19,1650.8,inf,452512.05262399244,inf,inf,inf,1.313042800000403,0,,
fixed_budget,pdp_100,lr101,1,53,3,1024,hybrid_alns,19,1650.8,inf,452512.05262399244,inf,inf,inf,1.3016701999986253,0,,
time_to_target,pdp_100,lr101,1,,3,1024,ropke_distance_fixed_k,,,,,,,,,,0.03271810000296682,0
time_to_target,pdp_100,lr101,1,,3,1024,qaoa,,,,,,,,,,0.019948199998907512,0
time_to_target,pdp_100,lr101,1,,3,1024,efficient_su2,,,,,,,,,,0.03302310000071884,0
time_to_target,pdp_100,lr101,1,,3,1024,hybrid_alns,,,,,,,,,,0.03258490000007441,0
fixed_budget,pdp_100,lr102,1,55,3,1024,ropke_distance_fixed_k,17,1487.57,inf,51098.801177267276,inf,inf,inf,1.4082182999991346,0,,
fixed_budget,pdp_100,lr102,1,55,3,1024,qaoa,17,1487.57,inf,51098.801177267276,inf,inf,inf,1.552252800000133,0,,
fixed_budget,pdp_100,lr102,1,55,3,1024,efficient_su2,17,1487.57,inf,51098.801177267276,inf,inf,inf,1.5510972999982187,0,,
fixed_budget,pdp_100,lr102,1,55,3,1024,hybrid_alns,17,1487.57,inf,51098.801177267276,inf,inf,inf,1.5087805000002845,0,,
time_to_target,pdp_100,lr102,1,,3,1024,ropke_distance_fixed_k,,,,,,,,,,0.025274899999203626,0
time_to_target,pdp_100,lr102,1,,3,1024,qaoa,,,,,,,,,,0.026427000000694534,0
time_to_target,pdp_100,lr102,1,,3,1024,efficient_su2,,,,,,,,,,0.041302099998574704,0
time_to_target,pdp_100,lr102,1,,3,1024,hybrid_alns,,,,,,,,,,0.02487440000186325,0
fixed_budget,pdp_100,lr103,1,52,3,1024,ropke_distance_fixed_k,13,1292.68,inf,992902.0072787914,inf,inf,inf,1.5883648999988509,0,,
fixed_budget,pdp_100,lr103,1,52,3,1024,qaoa,13,1292.68,inf,1081173.162039678,inf,inf,inf,1.6284908000016003,0,,
fixed_budget,pdp_100,lr103,1,52,3,1024,efficient_su2,13,1292.68,inf,907402.912793315,inf,inf,inf,1.6844353999986197,0,,
fixed_budget,pdp_100,lr103,1,52,3,1024,hybrid_alns,13,1292.68,inf,992902.0072787914,inf,inf,inf,1.6747404999987339,0,,
time_to_target,pdp_100,lr103,1,,3,1024,ropke_distance_fixed_k,,,,,,,,,,0.044974699998419965,0
time_to_target,pdp_100,lr103,1,,3,1024,qaoa,,,,,,,,,,0.043781800002761884,0
time_to_target,pdp_100,lr103,1,,3,1024,efficient_su2,,,,,,,,,,0.027292799997667316,0
time_to_target,pdp_100,lr103,1,,3,1024,hybrid_alns,,,,,,,,,,0.027767200001107994,0
fixed_budget,pdp_100,lr104,1,52,3,1024,ropke_distance_fixed_k,9,1013.39,inf,3626519.6390293874,inf,inf,inf,2.255354199998692,0,,
fixed_budget,pdp_100,lr104,1,52,3,1024,qaoa,9,1013.39,inf,3626519.6390293874,inf,inf,inf,2.4277097000012873,0,,
fixed_budget,pdp_100,lr104,1,52,3,1024,efficient_su2,9,1013.39,inf,3711211.2108503245,inf,inf,inf,2.282159699996555,0,,
fixed_budget,pdp_100,lr104,1,52,3,1024,hybrid_alns,9,1013.39,inf,3790745.417365117,inf,inf,inf,2.3133350999996765,0,,
time_to_target,pdp_100,lr104,1,,3,1024,ropke_distance_fixed_k,,,,,,,,,,0.03935129999808851,0
time_to_target,pdp_100,lr104,1,,3,1024,qaoa,,,,,,,,,,0.05415200000061304,0
time_to_target,pdp_100,lr104,1,,3,1024,efficient_su2,,,,,,,,,,0.046748099997785175,0
time_to_target,pdp_100,lr104,1,,3,1024,hybrid_alns,,,,,,,,,,0.04316090000065742,0
fixed_budget,pdp_100,lr105,1,53,3,1024,ropke_distance_fixed_k,14,1377.11,inf,1232221.1856514919,inf,inf,inf,1.57829049999782,0,,
fixed_budget,pdp_100,lr105,1,53,3,1024,qaoa,14,1377.11,inf,1023649.6218303337,inf,inf,inf,1.5220958999998402,0,,
fixed_budget,pdp_100,lr105,1,53,3,1024,efficient_su2,14,1377.11,inf,1164973.7570188094,inf,inf,inf,1.5981345000000147,0,,
fixed_budget,pdp_100,lr105,1,53,3,1024,hybrid_alns,14,1377.11,inf,1177308.5430946418,inf,inf,inf,1.4562598000011349,0,,
time_to_target,pdp_100,lr105,1,,3,1024,ropke_distance_fixed_k,,,,,,,,,,0.025341199998365482,0
time_to_target,pdp_100,lr105,1,,3,1024,qaoa,,,,,,,,,,0.028678400001808768,0
time_to_target,pdp_100,lr105,1,,3,1024,efficient_su2,,,,,,,,,,0.025708199998916825,0
time_to_target,pdp_100,lr105,1,,3,1024,hybrid_alns,,,,,,,,,,0.0382406999997329,0
fixed_budget,pdp_100,lr106,1,52,3,1024,ropke_distance_fixed_k,12,1252.62,inf,1604023.3363871218,inf,inf,inf,1.678994199999579,0,,
fixed_budget,pdp_100,lr106,1,52,3,1024,qaoa,12,1252.62,inf,1922343.2848293192,inf,inf,inf,1.8226697999998578,0,,
fixed_budget,pdp_100,lr106,1,52,3,1024,efficient_su2,12,1252.62,inf,1734948.024360396,inf,inf,inf,1.769367200002307,0,,
fixed_budget,pdp_100,lr106,1,52,3,1024,hybrid_alns,12,1252.62,inf,1822968.599820856,inf,inf,inf,1.6492316000003484,0,,
time_to_target,pdp_100,lr106,1,,3,1024,ropke_distance_fixed_k,,,,,,,,,,0.042969099999027094,0
time_to_target,pdp_100,lr106,1,,3,1024,qaoa,,,,,,,,,,0.03106140000090818,0
time_to_target,pdp_100,lr106,1,,3,1024,efficient_su2,,,,,,,,,,0.04357560000062222,0
time_to_target,pdp_100,lr106,1,,3,1024,hybrid_alns,,,,,,,,,,0.042884499998763204,0
fixed_budget,pdp_100,lr107,1,52,3,1024,ropke_distance_fixed_k,10,1111.31,inf,2667134.0525366534,inf,inf,inf,2.1507413999970595,0,,
fixed_budget,pdp_100,lr107,1,52,3,1024,qaoa,10,1111.31,inf,2603653.3970015473,inf,inf,inf,2.2623477000015555,0,,
fixed_budget,pdp_100,lr107,1,52,3,1024,efficient_su2,10,1111.31,inf,2442390.0252016913,inf,inf,inf,2.1729828999996244,0,,
fixed_budget,pdp_100,lr107,1,52,3,1024,hybrid_alns,10,1111.31,inf,2652767.913871741,inf,inf,inf,2.256655799999862,0,,
time_to_target,pdp_100,lr107,1,,3,1024,ropke_distance_fixed_k,,,,,,,,,,0.04792749999978696,0
time_to_target,pdp_100,lr107,1,,3,1024,qaoa,,,,,,,,,,0.051778200002445374,0
time_to_target,pdp_100,lr107,1,,3,1024,efficient_su2,,,,,,,,,,0.04080899999826215,0
time_to_target,pdp_100,lr107,1,,3,1024,hybrid_alns,,,,,,,,,,0.05255380000016885,0
fixed_budget,pdp_100,lr108,1,50,3,1024,ropke_distance_fixed_k,9,968.97,inf,5889070.719770638,inf,inf,inf,2.12365950000094,0,,
fixed_budget,pdp_100,lr108,1,50,3,1024,qaoa,9,968.97,inf,5241139.158693855,inf,inf,inf,2.0658156999998027,0,,
fixed_budget,pdp_100,lr108,1,50,3,1024,efficient_su2,9,968.97,inf,5679127.051306787,inf,inf,inf,2.0874880000010307,0,,
fixed_budget,pdp_100,lr108,1,50,3,1024,hybrid_alns,9,968.97,inf,5980846.072944982,inf,inf,inf,2.17281599999842,0,,
time_to_target,pdp_100,lr108,1,,3,1024,ropke_distance_fixed_k,,,,,,,,,,0.046256900001026224,0
time_to_target,pdp_100,lr108,1,,3,1024,qaoa,,,,,,,,,,0.038013900000805734,0
time_to_target,pdp_100,lr108,1,,3,1024,efficient_su2,,,,,,,,,,0.048749199999292614,0
time_to_target,pdp_100,lr108,1,,3,1024,hybrid_alns,,,,,,,,,,0.0410096000014164,0
fixed_budget,pdp_100,lr109,1,53,3,1024,ropke_distance_fixed_k,11,1208.96,inf,2720686.2558292793,inf,inf,inf,1.9921046999988903,0,,
fixed_budget,pdp_100,lr109,1,53,3,1024,qaoa,11,1208.96,inf,2720686.2558292793,inf,inf,inf,2.0280715999979293,0,,
fixed_budget,pdp_100,lr109,1,53,3,1024,efficient_su2,11,1208.96,inf,2720686.2558292793,inf,inf,inf,1.9983205999997153,0,,
fixed_budget,pdp_100,lr109,1,53,3,1024,hybrid_alns,11,1208.96,inf,2720686.2558292793,inf,inf,inf,2.0248694000001706,0,,
time_to_target,pdp_100,lr109,1,,3,1024,ropke_distance_fixed_k,,,,,,,,,,0.04557139999815263,0
time_to_target,pdp_100,lr109,1,,3,1024,qaoa,,,,,,,,,,0.04553759999907925,0
time_to_target,pdp_100,lr109,1,,3,1024,efficient_su2,,,,,,,,,,0.04591979999895557,0
time_to_target,pdp_100,lr109,1,,3,1024,hybrid_alns,,,,,,,,,,0.04338199999983772,0
fixed_budget,pdp_100,lr110,1,52,3,1024,ropke_distance_fixed_k,10,1159.35,inf,5560717.886777569,inf,inf,inf,2.0387881999995443,0,,
fixed_budget,pdp_100,lr110,1,52,3,1024,qaoa,10,1159.35,inf,5860205.277614294,inf,inf,inf,2.14876809999987,0,,
fixed_budget,pdp_100,lr110,1,52,3,1024,efficient_su2,10,1159.35,inf,6261637.554660496,inf,inf,inf,2.125967399999354,0,,
fixed_budget,pdp_100,lr110,1,52,3,1024,hybrid_alns,10,1159.35,inf,6087870.836229592,inf,inf,inf,2.0852808999989065,0,,
time_to_target,pdp_100,lr110,1,,3,1024,ropke_distance_fixed_k,,,,,,,,,,0.037268500000209315,0
time_to_target,pdp_100,lr110,1,,3,1024,qaoa,,,,,,,,,,0.0388978999981191,0
time_to_target,pdp_100,lr110,1,,3,1024,efficient_su2,,,,,,,,,,0.03897969999889028,0
time_to_target,pdp_100,lr110,1,,3,1024,hybrid_alns,,,,,,,,,,0.03880809999827761,0
fixed_budget,pdp_100,lr111,1,54,3,1024,ropke_distance_fixed_k,10,1108.9,inf,5154976.295743972,inf,inf,inf,2.2794040000007953,0,,
fixed_budget,pdp_100,lr111,1,54,3,1024,qaoa,10,1108.9,inf,5140909.336483012,inf,inf,inf,2.382052199998725,0,,
fixed_budget,pdp_100,lr111,1,54,3,1024,efficient_su2,10,1108.9,inf,5005436.823991325,inf,inf,inf,2.3549423000004026,0,,
fixed_budget,pdp_100,lr111,1,54,3,1024,hybrid_alns,10,1108.9,inf,5077147.065854011,inf,inf,inf,2.286486799999693,0,,
time_to_target,pdp_100,lr111,1,,3,1024,ropke_distance_fixed_k,,,,,,,,,,0.04201920000195969,0
time_to_target,pdp_100,lr111,1,,3,1024,qaoa,,,,,,,,,,0.05664160000014817,0
time_to_target,pdp_100,lr111,1,,3,1024,efficient_su2,,,,,,,,,,0.04120440000042436,0
time_to_target,pdp_100,lr111,1,,3,1024,hybrid_alns,,,,,,,,,,0.04227000000173575,0
fixed_budget,pdp_100,lr112,1,53,3,1024,ropke_distance_fixed_k,9,1003.77,inf,8509687.350636417,inf,inf,inf,2.3820179000031203,0,,
fixed_budget,pdp_100,lr112,1,53,3,1024,qaoa,9,1003.77,inf,7778782.453311351,inf,inf,inf,2.5160461999985273,0,,
fixed_budget,pdp_100,lr112,1,53,3,1024,efficient_su2,9,1003.77,inf,7737663.691527756,inf,inf,inf,2.3757766999988235,0,,
fixed_budget,pdp_100,lr112,1,53,3,1024,hybrid_alns,9,1003.77,inf,7804030.959852073,inf,inf,inf,2.4938337999992655,0,,
time_to_target,pdp_100,lr112,1,,3,1024,ropke_distance_fixed_k,,,,,,,,,,0.04411500000060187,0
time_to_target,pdp_100,lr112,1,,3,1024,qaoa,,,,,,,,,,0.05497149999791873,0
time_to_target,pdp_100,lr112,1,,3,1024,efficient_su2,,,,,,,,,,0.04573969999910332,0
time_to_target,pdp_100,lr112,1,,3,1024,hybrid_alns,,,,,,,,,,0.05489719999968656,0
fixed_budget,pdp_100,lr201,1,51,3,1024,ropke_distance_fixed_k,4,1253.23,inf,923147.195952152,inf,inf,inf,6.749509500001295,0,,
fixed_budget,pdp_100,lr201,1,51,3,1024,qaoa,4,1253.23,inf,1119443.2654581866,inf,inf,inf,6.771735899998021,0,,
fixed_budget,pdp_100,lr201,1,51,3,1024,efficient_su2,4,1253.23,inf,925291.5523881722,inf,inf,inf,6.8867269000002125,0,,
fixed_budget,pdp_100,lr201,1,51,3,1024,hybrid_alns,4,1253.23,inf,1121170.8266351414,inf,inf,inf,6.857956100000592,0,,
time_to_target,pdp_100,lr201,1,,3,1024,ropke_distance_fixed_k,,,,,,,,,,0.14113709999946877,0
time_to_target,pdp_100,lr201,1,,3,1024,qaoa,,,,,,,,,,0.14004779999959283,0
time_to_target,pdp_100,lr201,1,,3,1024,efficient_su2,,,,,,,,,,0.1276194000020041,0
time_to_target,pdp_100,lr201,1,,3,1024,hybrid_alns,,,,,,,,,,0.14062990000093123,0
fixed_budget,pdp_100,lr202,1,50,3,1024,ropke_distance_fixed_k,3,1197.67,inf,3107593.4073732914,inf,inf,inf,10.099831599996833,0,,
fixed_budget,pdp_100,lr202,1,50,3,1024,qaoa,3,1197.67,inf,3412593.192505088,inf,inf,inf,10.341496900000493,0,,
fixed_budget,pdp_100,lr202,1,50,3,1024,efficient_su2,3,1197.67,inf,3475377.6043035453,inf,inf,inf,10.301838399998815,0,,
fixed_budget,pdp_100,lr202,1,50,3,1024,hybrid_alns,3,1197.67,inf,3193530.165024977,inf,inf,inf,9.920005600000877,0,,
time_to_target,pdp_100,lr202,1,,3,1024,ropke_distance_fixed_k,,,,,,,,,,0.22005519999947865,0
time_to_target,pdp_100,lr202,1,,3,1024,qaoa,,,,,,,,,,0.20970419999866863,0
time_to_target,pdp_100,lr202,1,,3,1024,efficient_su2,,,,,,,,,,0.20882310000160942,0
time_to_target,pdp_100,lr202,1,,3,1024,hybrid_alns,,,,,,,,,,0.19169440000041504,0
fixed_budget,pdp_100,lr203,1,51,3,1024,ropke_distance_fixed_k,3,949.4,inf,288561.5792270095,inf,inf,inf,11.054758400001447,0,,
fixed_budget,pdp_100,lr203,1,51,3,1024,qaoa,3,949.4,inf,407281.0368566061,inf,inf,inf,10.977224399997795,0,,
fixed_budget,pdp_100,lr203,1,51,3,1024,efficient_su2,3,949.4,inf,376418.26893874287,inf,inf,inf,10.974810799998522,0,,
fixed_budget,pdp_100,lr203,1,51,3,1024,hybrid_alns,3,949.4,inf,553844.5419656179,inf,inf,inf,11.043218999999226,0,,
time_to_target,pdp_100,lr203,1,,3,1024,ropke_distance_fixed_k,,,,,,,,,,0.2037545000021055,0
time_to_target,pdp_100,lr203,1,,3,1024,qaoa,,,,,,,,,,0.2076344999986759,0
time_to_target,pdp_100,lr203,1,,3,1024,efficient_su2,,,,,,,,,,0.20558279999750084,0
time_to_target,pdp_100,lr203,1,,3,1024,hybrid_alns,,,,,,,,,,0.21582409999973606,0
fixed_budget,pdp_100,lr204,1,50,3,1024,ropke_distance_fixed_k,2,849.05,inf,11207815.492917558,inf,inf,inf,20.61358950000067,0,,
fixed_budget,pdp_100,lr204,1,50,3,1024,qaoa,2,849.05,inf,10765705.612671353,inf,inf,inf,20.525553300001775,0,,
fixed_budget,pdp_100,lr204,1,50,3,1024,efficient_su2,2,849.05,inf,10062633.501892956,inf,inf,inf,20.52105440000014,0,,
fixed_budget,pdp_100,lr204,1,50,3,1024,hybrid_alns,2,849.05,inf,11171941.431306846,inf,inf,inf,20.744892200000322,0,,
time_to_target,pdp_100,lr204,1,,3,1024,ropke_distance_fixed_k,,,,,,,,,,0.4038421000004746,0
time_to_target,pdp_100,lr204,1,,3,1024,qaoa,,,,,,,,,,0.40542160000040894,0
time_to_target,pdp_100,lr204,1,,3,1024,efficient_su2,,,,,,,,,,0.40318889999980456,0
time_to_target,pdp_100,lr204,1,,3,1024,hybrid_alns,,,,,,,,,,0.41838909999933094,0
fixed_budget,pdp_100,lr205,1,51,3,1024,ropke_distance_fixed_k,3,1054.02,inf,5335726.493696087,inf,inf,inf,10.540418200002023,0,,
fixed_budget,pdp_100,lr205,1,51,3,1024,qaoa,3,1054.02,inf,7669168.990518073,inf,inf,inf,10.612796599998546,0,,
fixed_budget,pdp_100,lr205,1,51,3,1024,efficient_su2,3,1054.02,inf,7426400.54167671,inf,inf,inf,10.683420500001375,0,,
fixed_budget,pdp_100,lr205,1,51,3,1024,hybrid_alns,3,1054.02,inf,5916164.671238466,inf,inf,inf,10.868528899998637,0,,
time_to_target,pdp_100,lr205,1,,3,1024,ropke_distance_fixed_k,,,,,,,,,,0.21018940000067232,0
time_to_target,pdp_100,lr205,1,,3,1024,qaoa,,,,,,,,,,0.20350070000131382,0
time_to_target,pdp_100,lr205,1,,3,1024,efficient_su2,,,,,,,,,,0.2034988000013982,0
time_to_target,pdp_100,lr205,1,,3,1024,hybrid_alns,,,,,,,,,,0.20694820000062464,0
fixed_budget,pdp_100,lr206,1,50,3,1024,ropke_distance_fixed_k,3,931.63,inf,1424946.945676281,inf,inf,inf,10.404473899998266,0,,
fixed_budget,pdp_100,lr206,1,50,3,1024,qaoa,3,931.63,inf,1666010.3049795204,inf,inf,inf,10.367426299999352,0,,
fixed_budget,pdp_100,lr206,1,50,3,1024,efficient_su2,3,931.63,inf,680094.7814136576,inf,inf,inf,10.311811100000341,0,,
fixed_budget,pdp_100,lr206,1,50,3,1024,hybrid_alns,3,931.63,inf,1715744.895210146,inf,inf,inf,10.591068900001119,0,,
time_to_target,pdp_100,lr206,1,,3,1024,ropke_distance_fixed_k,,,,,,,,,,0.21080630000142264,0
time_to_target,pdp_100,lr206,1,,3,1024,qaoa,,,,,,,,,,0.20300140000108513,0
time_to_target,pdp_100,lr206,1,,3,1024,efficient_su2,,,,,,,,,,0.19898230000035255,0
time_to_target,pdp_100,lr206,1,,3,1024,hybrid_alns,,,,,,,,,,0.20298620000176015,0
fixed_budget,pdp_100,lr207,1,51,3,1024,ropke_distance_fixed_k,2,903.06,inf,16891935.699488923,inf,inf,inf,22.180897799997183,0,,
fixed_budget,pdp_100,lr207,1,51,3,1024,qaoa,2,903.06,inf,18374002.373748798,inf,inf,inf,23.31974480000281,0,,
fixed_budget,pdp_100,lr207,1,51,3,1024,efficient_su2,2,903.06,inf,13852227.633382695,inf,inf,inf,22.53607220000049,0,,
fixed_budget,pdp_100,lr207,1,51,3,1024,hybrid_alns,2,903.06,inf,16994379.15878335,inf,inf,inf,22.461671599998226,0,,
time_to_target,pdp_100,lr207,1,,3,1024,ropke_distance_fixed_k,,,,,,,,,,0.45850419999987935,0
time_to_target,pdp_100,lr207,1,,3,1024,qaoa,,,,,,,,,,0.43125400000280933,0
time_to_target,pdp_100,lr207,1,,3,1024,efficient_su2,,,,,,,,,,0.45385000000169384,0
time_to_target,pdp_100,lr207,1,,3,1024,hybrid_alns,,,,,,,,,,0.4388748999990639,0
fixed_budget,pdp_100,lr208,1,50,3,1024,ropke_distance_fixed_k,2,734.85,inf,3366948.1844573873,inf,inf,inf,21.462964000002103,0,,
fixed_budget,pdp_100,lr208,1,50,3,1024,qaoa,2,734.85,inf,4178333.3189451676,inf,inf,inf,21.276678399997763,0,,
fixed_budget,pdp_100,lr208,1,50,3,1024,efficient_su2,2,734.85,inf,3784972.3503791,inf,inf,inf,20.95694089999961,0,,
fixed_budget,pdp_100,lr208,1,50,3,1024,hybrid_alns,2,734.85,inf,4178333.3189451676,inf,inf,inf,21.36682440000004,0,,
time_to_target,pdp_100,lr208,1,,3,1024,ropke_distance_fixed_k,,,,,,,,,,0.42387310000049183,0
time_to_target,pdp_100,lr208,1,,3,1024,qaoa,,,,,,,,,,0.45864459999938845,0
time_to_target,pdp_100,lr208,1,,3,1024,efficient_su2,,,,,,,,,,0.4299104999990959,0
time_to_target,pdp_100,lr208,1,,3,1024,hybrid_alns,,,,,,,,,,0.8796733999988646,0
fixed_budget,pdp_100,lr209,1,51,3,1024,ropke_distance_fixed_k,3,930.59,inf,3518321.9402539716,inf,inf,inf,10.678771700000652,0,,
fixed_budget,pdp_100,lr209,1,51,3,1024,qaoa,3,930.59,inf,4025879.9415340116,inf,inf,inf,10.937332499997865,0,,
fixed_budget,pdp_100,lr209,1,51,3,1024,efficient_su2,3,930.59,inf,3420000.1130417455,inf,inf,inf,10.691697999998723,0,,
fixed_budget,pdp_100,lr209,1,51,3,1024,hybrid_alns,3,930.59,inf,3986419.736105714,inf,inf,inf,10.864523200001713,0,,
time_to_target,pdp_100,lr209,1,,3,1024,ropke_distance_fixed_k,,,,,,,,,,0.22232939999958035,0
time_to_target,pdp_100,lr209,1,,3,1024,qaoa,,,,,,,,,,0.21925949999786098,0
time_to_target,pdp_100,lr209,1,,3,1024,efficient_su2,,,,,,,,,,0.22021200000017416,0
time_to_target,pdp_100,lr209,1,,3,1024,hybrid_alns,,,,,,,,,,0.19823710000127903,0
fixed_budget,pdp_100,lr210,1,51,3,1024,ropke_distance_fixed_k,3,964.22,inf,260410.8122736809,inf,inf,inf,10.637404799999786,0,,
fixed_budget,pdp_100,lr210,1,51,3,1024,qaoa,3,964.22,inf,90040.37381616089,inf,inf,inf,10.583414299999276,0,,
fixed_budget,pdp_100,lr210,1,51,3,1024,efficient_su2,3,964.22,inf,260410.8122736809,inf,inf,inf,10.820035199998529,0,,
fixed_budget,pdp_100,lr210,1,51,3,1024,hybrid_alns,3,964.22,inf,125143.61408605649,inf,inf,inf,10.815475200000947,0,,
time_to_target,pdp_100,lr210,1,,3,1024,ropke_distance_fixed_k,,,,,,,,,,0.22707549999904586,0
time_to_target,pdp_100,lr210,1,,3,1024,qaoa,,,,,,,,,,0.20626040000206558,0
time_to_target,pdp_100,lr210,1,,3,1024,efficient_su2,,,,,,,,,,0.2035838000010699,0
time_to_target,pdp_100,lr210,1,,3,1024,hybrid_alns,,,,,,,,,,0.21645510000234935,0
fixed_budget,pdp_100,lr211,1,50,3,1024,ropke_distance_fixed_k,2,911.52,inf,14999972.44376393,inf,inf,inf,21.126084799998353,0,,
fixed_budget,pdp_100,lr211,1,50,3,1024,qaoa,2,911.52,inf,19289471.175421663,inf,inf,inf,20.837140899999213,0,,
fixed_budget,pdp_100,lr211,1,50,3,1024,efficient_su2,2,911.52,inf,18238774.028299868,inf,inf,inf,21.13763310000286,0,,
fixed_budget,pdp_100,lr211,1,50,3,1024,hybrid_alns,2,911.52,inf,14899278.087784918,inf,inf,inf,20.635390700001153,0,,
time_to_target,pdp_100,lr211,1,,3,1024,ropke_distance_fixed_k,,,,,,,,,,0.4034823999973014,0
time_to_target,pdp_100,lr211,1,,3,1024,qaoa,,,,,,,,,,0.3985140999975556,0
time_to_target,pdp_100,lr211,1,,3,1024,efficient_su2,,,,,,,,,,0.46125129999927594,0
time_to_target,pdp_100,lr211,1,,3,1024,hybrid_alns,,,,,,,,,,0.3970679000012751,0
fixed_budget,pdp_100,lrc101,1,53,3,1024,ropke_distance_fixed_k,14,1708.8,inf,2682593.527675667,inf,inf,inf,1.5675962999994226,0,,
fixed_budget,pdp_100,lrc101,1,53,3,1024,qaoa,14,1708.8,inf,2682593.527675667,inf,inf,inf,1.5623350999994727,0,,
fixed_budget,pdp_100,lrc101,1,53,3,1024,efficient_su2,14,1708.8,inf,2516804.0547414585,inf,inf,inf,1.641768299999967,0,,
fixed_budget,pdp_100,lrc101,1,53,3,1024,hybrid_alns,14,1708.8,inf,2682593.527675667,inf,inf,inf,1.5185782999978983,0,,
time_to_target,pdp_100,lrc101,1,,3,1024,ropke_distance_fixed_k,,,,,,,,,,0.037812899998243665,0
time_to_target,pdp_100,lrc101,1,,3,1024,qaoa,,,,,,,,,,0.027658599999995204,0
time_to_target,pdp_100,lrc101,1,,3,1024,efficient_su2,,,,,,,,,,0.028633099998842226,0
time_to_target,pdp_100,lrc101,1,,3,1024,hybrid_alns,,,,,,,,,,0.027987899997242494,0
fixed_budget,pdp_100,lrc102,1,53,3,1024,ropke_distance_fixed_k,12,1558.07,inf,2706110.4756484632,inf,inf,inf,1.819333800001914,0,,
fixed_budget,pdp_100,lrc102,1,53,3,1024,qaoa,12,1558.07,inf,2879184.9099457418,inf,inf,inf,1.8239979999998468,0,,
fixed_budget,pdp_100,lrc102,1,53,3,1024,efficient_su2,12,1558.07,inf,2879184.9099457418,inf,inf,inf,1.848778499999753,0,,
fixed_budget,pdp_100,lrc102,1,53,3,1024,hybrid_alns,12,1558.07,inf,2879184.9099457418,inf,inf,inf,1.7562165999988792,0,,
time_to_target,pdp_100,lrc102,1,,3,1024,ropke_distance_fixed_k,,,,,,,,,,0.04325020000032964,0
time_to_target,pdp_100,lrc102,1,,3,1024,qaoa,,,,,,,,,,0.04270850000102655,0
time_to_target,pdp_100,lrc102,1,,3,1024,efficient_su2,,,,,,,,,,0.04265260000101989,0
time_to_target,pdp_100,lrc102,1,,3,1024,hybrid_alns,,,,,,,,,,0.03121349999855738,0
fixed_budget,pdp_100,lrc103,1,53,3,1024,ropke_distance_fixed_k,11,1258.74,inf,1643796.3677759212,inf,inf,inf,2.1325983999995515,0,,
fixed_budget,pdp_100,lrc103,1,53,3,1024,qaoa,11,1258.74,inf,1609751.6580343107,inf,inf,inf,2.245845699999336,0,,
fixed_budget,pdp_100,lrc103,1,53,3,1024,efficient_su2,11,1258.74,inf,1643796.3677759212,inf,inf,inf,2.055742900000041,0,,
fixed_budget,pdp_100,lrc103,1,53,3,1024,hybrid_alns,11,1258.74,inf,1542011.7338954718,inf,inf,inf,2.114079799997853,0,,
time_to_target,pdp_100,lrc103,1,,3,1024,ropke_distance_fixed_k,,,,,,,,,,0.03397409999888623,0
time_to_target,pdp_100,lrc103,1,,3,1024,qaoa,,,,,,,,,,0.0487139999968349,0
time_to_target,pdp_100,lrc103,1,,3,1024,efficient_su2,,,,,,,,,,0.04905320000034408,0
time_to_target,pdp_100,lrc103,1,,3,1024,hybrid_alns,,,,,,,,,,0.04893570000058389,0
fixed_budget,pdp_100,lrc104,1,54,3,1024,ropke_distance_fixed_k,10,1128.4,inf,4377216.082939118,inf,inf,inf,2.468024299996614,0,,
fixed_budget,pdp_100,lrc104,1,54,3,1024,qaoa,10,1128.4,inf,3872353.032545043,inf,inf,inf,2.3076068999980635,0,,
fixed_budget,pdp_100,lrc104,1,54,3,1024,efficient_su2,10,1128.4,inf,3875053.5769022023,inf,inf,inf,2.333460300000297,0,,
fixed_budget,pdp_100,lrc104,1,54,3,1024,hybrid_alns,10,1128.4,inf,4295190.320111725,inf,inf,inf,2.335143899999821,0,,
time_to_target,pdp_100,lrc104,1,,3,1024,ropke_distance_fixed_k,,,,,,,,,,0.042601299999660114,0
time_to_target,pdp_100,lrc104,1,,3,1024,qaoa,,,,,,,,,,0.042044899997563334,0
time_to_target,pdp_100,lrc104,1,,3,1024,efficient_su2,,,,,,,,,,0.050575499997648876,0
time_to_target,pdp_100,lrc104,1,,3,1024,hybrid_alns,,,,,,,,,,0.052038600002561,0
fixed_budget,pdp_100,lrc105,1,54,3,1024,ropke_distance_fixed_k,13,1637.62,inf,1883242.804865492,inf,inf,inf,1.8237766000020201,0,,
fixed_budget,pdp_100,lrc105,1,54,3,1024,qaoa,13,1637.62,inf,2415696.313654856,inf,inf,inf,1.7307757000016863,0,,
fixed_budget,pdp_100,lrc105,1,54,3,1024,efficient_su2,13,1637.62,inf,2415696.313654856,inf,inf,inf,1.8590435999976762,0,,
fixed_budget,pdp_100,lrc105,1,54,3,1024,hybrid_alns,13,1637.62,inf,2155323.5019823615,inf,inf,inf,1.8056732000004558,0,,
time_to_target,pdp_100,lrc105,1,,3,1024,ropke_distance_fixed_k,,,,,,,,,,0.03094240000064019,0
time_to_target,pdp_100,lrc105,1,,3,1024,qaoa,,,,,,,,,,0.031500000000960426,0
time_to_target,pdp_100,lrc105,1,,3,1024,efficient_su2,,,,,,,,,,0.046085199999652104,0
time_to_target,pdp_100,lrc105,1,,3,1024,hybrid_alns,,,,,,,,,,0.03832210000109626,0
fixed_budget,pdp_100,lrc106,1,53,3,1024,ropke_distance_fixed_k,11,1424.73,inf,6034294.274712196,inf,inf,inf,1.9425269999992452,0,,
fixed_budget,pdp_100,lrc106,1,53,3,1024,qaoa,11,1424.73,inf,5974672.317979515,inf,inf,inf,2.1763924000006227,0,,
fixed_budget,pdp_100,lrc106,1,53,3,1024,efficient_su2,11,1424.73,inf,6020523.4417220075,inf,inf,inf,2.113806299999851,0,,
fixed_budget,pdp_100,lrc106,1,53,3,1024,hybrid_alns,11,1424.73,inf,5484863.575439091,inf,inf,inf,2.0643248000014864,0,,
time_to_target,pdp_100,lrc106,1,,3,1024,ropke_distance_fixed_k,,,,,,,,,,0.033792099999118363,0
time_to_target,pdp_100,lrc106,1,,3,1024,qaoa,,,,,,,,,,0.04957949999879929,0
time_to_target,pdp_100,lrc106,1,,3,1024,efficient_su2,,,,,,,,,,0.04445560000021942,0
time_to_target,pdp_100,lrc106,1,,3,1024,hybrid_alns,,,,,,,,,,0.034396400002151495,0
fixed_budget,pdp_100,lrc107,1,53,3,1024,ropke_distance_fixed_k,11,1230.14,inf,4371514.08797952,inf,inf,inf,1.9541616000024078,0,,
fixed_budget,pdp_100,lrc107,1,53,3,1024,qaoa,11,1230.14,inf,4595875.023166201,inf,inf,inf,2.0195762000003015,0,,
fixed_budget,pdp_100,lrc107,1,53,3,1024,efficient_su2,11,1230.14,inf,4644947.952100823,inf,inf,inf,1.9393880999996327,0,,
fixed_budget,pdp_100,lrc107,1,53,3,1024,hybrid_alns,11,1230.14,inf,4130403.1941159447,inf,inf,inf,1.9965408999996725,0,,
time_to_target,pdp_100,lrc107,1,,3,1024,ropke_distance_fixed_k,,,,,,,,,,0.03584380000029341,0
time_to_target,pdp_100,lrc107,1,,3,1024,qaoa,,,,,,,,,,0.035676600000442704,0
time_to_target,pdp_100,lrc107,1,,3,1024,efficient_su2,,,,,,,,,,0.036613000000215834,0
time_to_target,pdp_100,lrc107,1,,3,1024,hybrid_alns,,,,,,,,,,0.03392140000141808,0
fixed_budget,pdp_100,lrc108,1,52,3,1024,ropke_distance_fixed_k,10,1147.43,inf,7112746.897928754,inf,inf,inf,2.0765269999974407,0,,
fixed_budget,pdp_100,lrc108,1,52,3,1024,qaoa,10,1147.43,inf,4014132.6324468087,inf,inf,inf,2.1656677999999374,0,,
fixed_budget,pdp_100,lrc108,1,52,3,1024,efficient_su2,10,1147.43,inf,5261739.552379242,inf,inf,inf,2.101087799997913,0,,
fixed_budget,pdp_100,lrc108,1,52,3,1024,hybrid_alns,10,1147.43,inf,5453331.437797978,inf,inf,inf,2.2352834999983315,0,,
time_to_target,pdp_100,lrc108,1,,3,1024,ropke_distance_fixed_k,,,,,,,,,,0.03839639999932842,0
time_to_target,pdp_100,lrc108,1,,3,1024,qaoa,,,,,,,,,,0.03716280000298866,0
time_to_target,pdp_100,lrc108,1,,3,1024,efficient_su2,,,,,,,,,,0.047214999998686835,0
time_to_target,pdp_100,lrc108,1,,3,1024,hybrid_alns,,,,,,,,,,0.037455000001500593,0
fixed_budget,pdp_100,lrc201,1,51,3,1024,ropke_distance_fixed_k,4,1406.94,inf,5543509.984219758,inf,inf,inf,7.2193069999993895,0,,
fixed_budget,pdp_100,lrc201,1,51,3,1024,qaoa,4,1406.94,inf,6365628.743883092,inf,inf,inf,6.780724100000953,0,,
fixed_budget,pdp_100,lrc201,1,51,3,1024,efficient_su2,4,1406.94,inf,6650944.661773177,inf,inf,inf,6.8430134000009275,0,,
fixed_budget,pdp_100,lrc201,1,51,3,1024,hybrid_alns,4,1406.94,inf,5149484.438622869,inf,inf,inf,6.733165500001633,0,,
time_to_target,pdp_100,lrc201,1,,3,1024,ropke_distance_fixed_k,,,,,,,,,,0.1309259999979986,0
time_to_target,pdp_100,lrc201,1,,3,1024,qaoa,,,,,,,,,,0.13643389999924693,0
time_to_target,pdp_100,lrc201,1,,3,1024,efficient_su2,,,,,,,,,,0.1311576000007335,0
time_to_target,pdp_100,lrc201,1,,3,1024,hybrid_alns,,,,,,,,,,0.12625370000023395,0
fixed_budget,pdp_100,lrc202,1,51,3,1024,ropke_distance_fixed_k,3,1374.27,inf,7007518.859544592,inf,inf,inf,10.748857699996734,0,,
fixed_budget,pdp_100,lrc202,1,51,3,1024,qaoa,3,1374.27,inf,10871379.969169397,inf,inf,inf,10.65734440000233,0,,
fixed_budget,pdp_100,lrc202,1,51,3,1024,efficient_su2,3,1374.27,inf,11923862.09987694,inf,inf,inf,10.73549930000081,0,,
fixed_budget,pdp_100,lrc202,1,51,3,1024,hybrid_alns,3,1374.27,inf,12474600.249944009,inf,inf,inf,10.672252699998353,0,,
time_to_target,pdp_100,lrc202,1,,3,1024,ropke_distance_fixed_k,,,,,,,,,,0.20878029999948922,0
time_to_target,pdp_100,lrc202,1,,3,1024,qaoa,,,,,,,,,,0.2167470999993384,0
time_to_target,pdp_100,lrc202,1,,3,1024,efficient_su2,,,,,,,,,,0.20473180000044522,0
time_to_target,pdp_100,lrc202,1,,3,1024,hybrid_alns,,,,,,,,,,0.21890110000094865,0
fixed_budget,pdp_100,lrc203,1,51,3,1024,ropke_distance_fixed_k,3,1089.07,inf,2131027.008476015,inf,inf,inf,11.018283699999301,0,,
fixed_budget,pdp_100,lrc203,1,51,3,1024,qaoa,3,1089.07,inf,1410534.6106656468,inf,inf,inf,10.987520999999106,0,,
fixed_budget,pdp_100,lrc203,1,51,3,1024,efficient_su2,3,1089.07,inf,2467692.493003616,inf,inf,inf,10.659026699999231,0,,
fixed_budget,pdp_100,lrc203,1,51,3,1024,hybrid_alns,3,1089.07,inf,2389369.235863387,inf,inf,inf,10.82778590000089,0,,
time_to_target,pdp_100,lrc203,1,,3,1024,ropke_distance_fixed_k,,,,,,,,,,0.21433469999828958,0
time_to_target,pdp_100,lrc203,1,,3,1024,qaoa,,,,,,,,,,0.21234330000152113,0
time_to_target,pdp_100,lrc203,1,,3,1024,efficient_su2,,,,,,,,,,0.21330010000019684,0
time_to_target,pdp_100,lrc203,1,,3,1024,hybrid_alns,,,,,,,,,,0.21686720000070636,0
fixed_budget,pdp_100,lrc204,1,51,3,1024,ropke_distance_fixed_k,3,818.66,inf,73377.59550370394,inf,inf,inf,11.297570800001267,0,,
fixed_budget,pdp_100,lrc204,1,51,3,1024,qaoa,3,818.66,inf,73377.59550370394,inf,inf,inf,11.465029200000572,0,,
fixed_budget,pdp_100,lrc204,1,51,3,1024,efficient_su2,3,818.66,inf,68301.64265024025,inf,inf,inf,11.355407200000627,0,,
fixed_budget,pdp_100,lrc204,1,51,3,1024,hybrid_alns,3,818.66,inf,73377.59550370394,inf,inf,inf,11.359958700002608,0,,
time_to_target,pdp_100,lrc204,1,,3,1024,ropke_distance_fixed_k,,,,,,,,,,0.24240710000231047,0
time_to_target,pdp_100,lrc204,1,,3,1024,qaoa,,,,,,,,,,0.2124589000013657,0
time_to_target,pdp_100,lrc204,1,,3,1024,efficient_su2,,,,,,,,,,0.23731690000204253,0
time_to_target,pdp_100,lrc204,1,,3,1024,hybrid_alns,,,,,,,,,,0.205476400002226,0
fixed_budget,pdp_100,lrc205,1,51,3,1024,ropke_distance_fixed_k,4,1302.2,inf,3413278.491272671,inf,inf,inf,6.8308409999990545,0,,
fixed_budget,pdp_100,lrc205,1,51,3,1024,qaoa,4,1302.2,inf,3406140.061328796,inf,inf,inf,6.880258599998342,0,,
fixed_budget,pdp_100,lrc205,1,51,3,1024,efficient_su2,4,1302.2,inf,3420327.129647418,inf,inf,inf,6.75669360000029,0,,
fixed_budget,pdp_100,lrc205,1,51,3,1024,hybrid_alns,4,1302.2,inf,3413278.491272671,inf,inf,inf,6.698886600002879,0,,
time_to_target,pdp_100,lrc205,1,,3,1024,ropke_distance_fixed_k,,,,,,,,,,0.12784289999763132,0
time_to_target,pdp_100,lrc205,1,,3,1024,qaoa,,,,,,,,,,0.1580041999986861,0
time_to_target,pdp_100,lrc205,1,,3,1024,efficient_su2,,,,,,,,,,0.14537679999921238,0
time_to_target,pdp_100,lrc205,1,,3,1024,hybrid_alns,,,,,,,,,,0.1291897000010067,0
fixed_budget,pdp_100,lrc206,1,51,3,1024,ropke_distance_fixed_k,3,1159.03,inf,15137721.08026335,inf,inf,inf,11.055283800000325,0,,
fixed_budget,pdp_100,lrc206,1,51,3,1024,qaoa,3,1159.03,inf,15495506.341832995,inf,inf,inf,10.788657299999613,0,,
fixed_budget,pdp_100,lrc206,1,51,3,1024,efficient_su2,3,1159.03,inf,14807517.44092242,inf,inf,inf,10.858914899999945,0,,
fixed_budget,pdp_100,lrc206,1,51,3,1024,hybrid_alns,3,1159.03,inf,13741332.287308661,inf,inf,inf,10.705553900002997,0,,
time_to_target,pdp_100,lrc206,1,,3,1024,ropke_distance_fixed_k,,,,,,,,,,0.24804799999765237,0
time_to_target,pdp_100,lrc206,1,,3,1024,qaoa,,,,,,,,,,0.2105717000013101,0
time_to_target,pdp_100,lrc206,1,,3,1024,efficient_su2,,,,,,,,,,0.25631029999931343,0
time_to_target,pdp_100,lrc206,1,,3,1024,hybrid_alns,,,,,,,,,,0.21248360000026878,0
fixed_budget,pdp_100,lrc207,1,51,3,1024,ropke_distance_fixed_k,3,1062.05,inf,11457988.724440131,inf,inf,inf,10.350370200001635,0,,
fixed_budget,pdp_100,lrc207,1,51,3,1024,qaoa,3,1062.05,inf,11174612.616040489,inf,inf,inf,10.5501050999992,0,,
fixed_budget,pdp_100,lrc207,1,51,3,1024,efficient_su2,3,1062.05,inf,10551009.799732067,inf,inf,inf,10.727254299999913,0,,
fixed_budget,pdp_100,lrc207,1,51,3,1024,hybrid_alns,3,1062.05,inf,9439362.253155056,inf,inf,inf,10.65675850000116,0,,
time_to_target,pdp_100,lrc207,1,,3,1024,ropke_distance_fixed_k,,,,,,,,,,0.23501740000210702,0
time_to_target,pdp_100,lrc207,1,,3,1024,qaoa,,,,,,,,,,0.20084679999854416,0
time_to_target,pdp_100,lrc207,1,,3,1024,efficient_su2,,,,,,,,,,0.2122127000002365,0
time_to_target,pdp_100,lrc207,1,,3,1024,hybrid_alns,,,,,,,,,,0.2147002000019711,0
fixed_budget,pdp_100,lrc208,1,51,3,1024,ropke_distance_fixed_k,3,852.76,inf,5085758.864975802,inf,inf,inf,10.794432000002416,0,,
fixed_budget,pdp_100,lrc208,1,51,3,1024,qaoa,3,852.76,inf,6212280.487466512,inf,inf,inf,10.998916599997756,0,,
fixed_budget,pdp_100,lrc208,1,51,3,1024,efficient_su2,3,852.76,inf,2877194.636622801,inf,inf,inf,10.805062799998268,0,,
fixed_budget,pdp_100,lrc208,1,51,3,1024,hybrid_alns,3,852.76,inf,5248949.739565698,inf,inf,inf,11.01661249999961,0,,
time_to_target,pdp_100,lrc208,1,,3,1024,ropke_distance_fixed_k,,,,,,,,,,0.22404690000257688,0
time_to_target,pdp_100,lrc208,1,,3,1024,qaoa,,,,,,,,,,0.22425010000006296,0
time_to_target,pdp_100,lrc208,1,,3,1024,efficient_su2,,,,,,,,,,0.21128920000046492,0
time_to_target,pdp_100,lrc208,1,,3,1024,hybrid_alns,,,,,,,,,,0.20646920000217506,0
fixed_budget,pdp_100,lc101,1,53,4,1024,ropke_distance_fixed_k,10,828.94,828.9368669428341,828.9368669428341,828.9368669428341,0.0,-3.7795946220431313e-06,2.7795764000002237,1,,
fixed_budget,pdp_100,lc101,1,53,4,1024,qaoa,10,828.94,828.9368669428341,828.9368669428341,828.9368669428341,0.0,-3.7795946220431313e-06,2.849187700001494,1,,
fixed_budget,pdp_100,lc101,1,53,4,1024,efficient_su2,10,828.94,828.9368669428341,828.9368669428341,828.9368669428341,0.0,-3.7795946220431313e-06,2.8070964999969874,1,,
fixed_budget,pdp_100,lc101,1,53,4,1024,hybrid_alns,10,828.94,828.9368669428341,828.9368669428341,828.9368669428341,0.0,-3.7795946220431313e-06,2.8486450999989756,1,,
time_to_target,pdp_100,lc101,1,,4,1024,ropke_distance_fixed_k,,,,,,,,,,0.04989370000112103,0
time_to_target,pdp_100,lc101,1,,4,1024,qaoa,,,,,,,,,,0.0525484999998298,0
time_to_target,pdp_100,lc101,1,,4,1024,efficient_su2,,,,,,,,,,0.061146699998062104,0
time_to_target,pdp_100,lc101,1,,4,1024,hybrid_alns,,,,,,,,,,0.048308400000678375,0
fixed_budget,pdp_100,lc102,1,53,4,1024,ropke_distance_fixed_k,10,828.94,inf,6835206.567871202,inf,inf,inf,2.9043340000025637,0,,
fixed_budget,pdp_100,lc102,1,53,4,1024,qaoa,10,828.94,inf,6835206.567871202,inf,inf,inf,2.984158799998113,0,,
fixed_budget,pdp_100,lc102,1,53,4,1024,efficient_su2,10,828.94,inf,6835206.567871202,inf,inf,inf,2.973489199997857,0,,
fixed_budget,pdp_100,lc102,1,53,4,1024,hybrid_alns,10,828.94,inf,6835206.567871202,inf,inf,inf,2.8881000999972457,0,,
time_to_target,pdp_100,lc102,1,,4,1024,ropke_distance_fixed_k,,,,,,,,,,0.0530486000025121,0
time_to_target,pdp_100,lc102,1,,4,1024,qaoa,,,,,,,,,,0.06543719999899622,0
time_to_target,pdp_100,lc102,1,,4,1024,efficient_su2,,,,,,,,,,0.06354989999817917,0
time_to_target,pdp_100,lc102,1,,4,1024,hybrid_alns,,,,,,,,,,0.05039829999805079,0
fixed_budget,pdp_100,lc103,1,52,4,1024,ropke_distance_fixed_k,9,1035.35,inf,4189014.37767134,inf,inf,inf,3.083648199997697,0,,
fixed_budget,pdp_100,lc103,1,52,4,1024,qaoa,9,1035.35,inf,4189014.37767134,inf,inf,inf,3.0494369999978517,0,,
fixed_budget,pdp_100,lc103,1,52,4,1024,efficient_su2,9,1035.35,inf,4189014.37767134,inf,inf,inf,3.0778995000000577,0,,
fixed_budget,pdp_100,lc103,1,52,4,1024,hybrid_alns,9,1035.35,inf,4189014.37767134,inf,inf,inf,3.006978400000662,0,,
time_to_target,pdp_100,lc103,1,,4,1024,ropke_distance_fixed_k,,,,,,,,,,0.05132449999655364,0
time_to_target,pdp_100,lc103,1,,4,1024,qaoa,,,,,,,,,,0.06739899999956833,0
time_to_target,pdp_100,lc103,1,,4,1024,efficient_su2,,,,,,,,,,0.05790110000089044,0
time_to_target,pdp_100,lc103,1,,4,1024,hybrid_alns,,,,,,,,,,0.05265549999967334,0
fixed_budget,pdp_100,lc104,1,53,4,1024,ropke_distance_fixed_k,9,860.01,inf,1313573.8896566955,inf,inf,inf,3.1193062999991525,0,,
fixed_budget,pdp_100,lc104,1,53,4,1024,qaoa,9,860.01,inf,1313573.8896566955,inf,inf,inf,3.1432639000013296,0,,
fixed_budget,pdp_100,lc104,1,53,4,1024,efficient_su2,9,860.01,inf,1313573.8896566955,inf,inf,inf,3.228721499999665,0,,
fixed_budget,pdp_100,lc104,1,53,4,1024,hybrid_alns,9,860.01,inf,1313573.8896566955,inf,inf,inf,3.291306399998575,0,,
time_to_target,pdp_100,lc104,1,,4,1024,ropke_distance_fixed_k,,,,,,,,,,0.056077699999150354,0
time_to_target,pdp_100,lc104,1,,4,1024,qaoa,,,,,,,,,,0.058453300000110175,0
time_to_target,pdp_100,lc104,1,,4,1024,efficient_su2,,,,,,,,,,0.07206899999800953,0
time_to_target,pdp_100,lc104,1,,4,1024,hybrid_alns,,,,,,,,,,0.07175640000059502,0
fixed_budget,pdp_100,lc105,1,53,4,1024,ropke_distance_fixed_k,10,828.94,inf,14821160.912271824,inf,inf,inf,2.8049229999996896,0,,
fixed_budget,pdp_100,lc105,1,53,4,1024,qaoa,10,828.94,inf,14821160.912271824,inf,inf,inf,2.9559817999979714,0,,
fixed_budget,pdp_100,lc105,1,53,4,1024,efficient_su2,10,828.94,inf,14821160.912271824,inf,inf,inf,2.8918518999998923,0,,
fixed_budget,pdp_100,lc105,1,53,4,1024,hybrid_alns,10,828.94,inf,14821160.912271824,inf,inf,inf,2.762354200000118,0,,
time_to_target,pdp_100,lc105,1,,4,1024,ropke_distance_fixed_k,,,,,,,,,,0.04899999999906868,0
time_to_target,pdp_100,lc105,1,,4,1024,qaoa,,,,,,,,,,0.05321719999847119,0
time_to_target,pdp_100,lc105,1,,4,1024,efficient_su2,,,,,,,,,,0.06649399999878369,0
time_to_target,pdp_100,lc105,1,,4,1024,hybrid_alns,,,,,,,,,,0.051545599999371916,0
fixed_budget,pdp_100,lc106,1,53,4,1024,ropke_distance_fixed_k,10,828.94,inf,7399122.480212065,inf,inf,inf,2.8322484999989683,0,,
fixed_budget,pdp_100,lc106,1,53,4,1024,qaoa,10,828.94,inf,7399122.480212065,inf,inf,inf,2.846473400000832,0,,
fixed_budget,pdp_100,lc106,1,53,4,1024,efficient_su2,10,828.94,inf,7026790.239951813,inf,inf,inf,2.735634000000573,0,,
fixed_budget,pdp_100,lc106,1,53,4,1024,hybrid_alns,10,828.94,inf,7399122.480212065,inf,inf,inf,2.7686567999990075,0,,
time_to_target,pdp_100,lc106,1,,4,1024,ropke_distance_fixed_k,,,,,,,,,,0.05965439999999944,0
time_to_target,pdp_100,lc106,1,,4,1024,qaoa,,,,,,,,,,0.05042239999966114,0
time_to_target,pdp_100,lc106,1,,4,1024,efficient_su2,,,,,,,,,,0.06316560000050231,0
time_to_target,pdp_100,lc106,1,,4,1024,hybrid_alns,,,,,,,,,,0.06233599999904982,0
fixed_budget,pdp_100,lc107,1,53,4,1024,ropke_distance_fixed_k,10,828.94,inf,9931900.720405692,inf,inf,inf,2.8638141000010364,0,,
fixed_budget,pdp_100,lc107,1,53,4,1024,qaoa,10,828.94,inf,9931900.720405692,inf,inf,inf,2.917678600002546,0,,
fixed_budget,pdp_100,lc107,1,53,4,1024,efficient_su2,10,828.94,inf,9931900.720405692,inf,inf,inf,2.8216877000013483,0,,
fixed_budget,pdp_100,lc107,1,53,4,1024,hybrid_alns,10,828.94,inf,10042155.685847528,inf,inf,inf,3.083874999996624,0,,
time_to_target,pdp_100,lc107,1,,4,1024,ropke_distance_fixed_k,,,,,,,,,,0.05537499999991269,0
time_to_target,pdp_100,lc107,1,,4,1024,qaoa,,,,,,,,,,0.06706750000012107,0
time_to_target,pdp_100,lc107,1,,4,1024,efficient_su2,,,,,,,,,,0.05452060000243364,0
time_to_target,pdp_100,lc107,1,,4,1024,hybrid_alns,,,,,,,,,,0.05816439999762224,0
fixed_budget,pdp_100,lc108,1,53,4,1024,ropke_distance_fixed_k,10,826.44,inf,7241379.46757529,inf,inf,inf,2.7542809000005946,0,,
fixed_budget,pdp_100,lc108,1,53,4,1024,qaoa,10,826.44,inf,7241379.46757529,inf,inf,inf,2.8477069000000483,0,,
fixed_budget,pdp_100,lc108,1,53,4,1024,efficient_su2,10,826.44,inf,7241379.46757529,inf,inf,inf,2.8306325000012293,0,,
fixed_budget,pdp_100,lc108,1,53,4,1024,hybrid_alns,10,826.44,inf,7241379.46757529,inf,inf,inf,2.953287199998158,0,,
time_to_target,pdp_100,lc108,1,,4,1024,ropke_distance_fixed_k,,,,,,,,,,0.06135779999749502,0
time_to_target,pdp_100,lc108,1,,4,1024,qaoa,,,,,,,,,,0.06473749999713618,0
time_to_target,pdp_100,lc108,1,,4,1024,efficient_su2,,,,,,,,,,0.05039290000058827,0
time_to_target,pdp_100,lc108,1,,4,1024,hybrid_alns,,,,,,,,,,0.05458299999736482,0
fixed_budget,pdp_100,lc109,1,53,4,1024,ropke_distance_fixed_k,9,1000.6,inf,8228381.479505691,inf,inf,inf,3.1746351000001596,0,,
fixed_budget,pdp_100,lc109,1,53,4,1024,qaoa,9,1000.6,inf,8228381.479505691,inf,inf,inf,3.255158500000107,0,,
fixed_budget,pdp_100,lc109,1,53,4,1024,efficient_su2,9,1000.6,inf,8228381.479505691,inf,inf,inf,3.1347549999991315,0,,
fixed_budget,pdp_100,lc109,1,53,4,1024,hybrid_alns,9,1000.6,inf,8228381.479505691,inf,inf,inf,3.1648146999978053,0,,
time_to_target,pdp_100,lc109,1,,4,1024,ropke_distance_fixed_k,,,,,,,,,,0.05494139999791514,0
time_to_target,pdp_100,lc109,1,,4,1024,qaoa,,,,,,,,,,0.0570196999979089,0
time_to_target,pdp_100,lc109,1,,4,1024,efficient_su2,,,,,,,,,,0.06455189999905997,0
time_to_target,pdp_100,lc109,1,,4,1024,hybrid_alns,,,,,,,,,,0.057499700000335,0
fixed_budget,pdp_100,lc201,1,51,4,1024,ropke_distance_fixed_k,3,591.56,591.5565566715015,591.5565566715015,591.5565566715015,0.0,-5.820759514514365e-06,13.569981100001314,1,,
fixed_budget,pdp_100,lc201,1,51,4,1024,qaoa,3,591.56,591.5565566715015,591.5565566715015,591.5565566715015,0.0,-5.820759514514365e-06,13.622820100001263,1,,
fixed_budget,pdp_100,lc201,1,51,4,1024,efficient_su2,3,591.56,591.5565566715015,591.5565566715015,591.5565566715015,0.0,-5.820759514514365e-06,13.660933500003011,1,,
fixed_budget,pdp_100,lc201,1,51,4,1024,hybrid_alns,3,591.56,591.5565566715015,591.5565566715015,591.5565566715015,0.0,-5.820759514514365e-06,13.834369800002605,1,,
time_to_target,pdp_100,lc201,1,,4,1024,ropke_distance_fixed_k,,,,,,,,,,0.30666630000268924,0
time_to_target,pdp_100,lc201,1,,4,1024,qaoa,,,,,,,,,,0.2633936000020185,0
time_to_target,pdp_100,lc201,1,,4,1024,efficient_su2,,,,,,,,,,0.2560427999997046,0
time_to_target,pdp_100,lc201,1,,4,1024,hybrid_alns,,,,,,,,,,0.27423060000000987,0
fixed_budget,pdp_100,lc202,1,51,4,1024,ropke_distance_fixed_k,3,591.56,591.5565566715015,591.5565566715015,591.5565566715015,0.0,-5.820759514514365e-06,13.361278700002003,1,,
fixed_budget,pdp_100,lc202,1,51,4,1024,qaoa,3,591.56,591.5565566715015,591.5565566715015,591.5565566715015,0.0,-5.820759514514365e-06,13.583963699999003,1,,
fixed_budget,pdp_100,lc202,1,51,4,1024,efficient_su2,3,591.56,591.5565566715015,591.5565566715015,591.5565566715015,0.0,-5.820759514514365e-06,13.365637500002777,1,,
fixed_budget,pdp_100,lc202,1,51,4,1024,hybrid_alns,3,591.56,591.5565566715015,591.5565566715015,591.5565566715015,0.0,-5.820759514514365e-06,13.396146200000658,1,,
time_to_target,pdp_100,lc202,1,,4,1024,ropke_distance_fixed_k,,,,,,,,,,0.25142910000067786,0
time_to_target,pdp_100,lc202,1,,4,1024,qaoa,,,,,,,,,,0.26139969999712775,0
time_to_target,pdp_100,lc202,1,,4,1024,efficient_su2,,,,,,,,,,0.26971600000251783,0
time_to_target,pdp_100,lc202,1,,4,1024,hybrid_alns,,,,,,,,,,0.26810200000181794,0
fixed_budget,pdp_100,lc203,1,51,4,1024,ropke_distance_fixed_k,3,591.17,inf,10542057.202443276,inf,inf,inf,13.764949699998397,0,,
fixed_budget,pdp_100,lc203,1,51,4,1024,qaoa,3,591.17,inf,11051048.810603557,inf,inf,inf,13.731178900001396,0,,
fixed_budget,pdp_100,lc203,1,51,4,1024,efficient_su2,3,591.17,inf,11051048.810603557,inf,inf,inf,13.443612099999882,0,,
fixed_budget,pdp_100,lc203,1,51,4,1024,hybrid_alns,3,591.17,inf,10542057.202443276,inf,inf,inf,13.548022700000729,0,,
time_to_target,pdp_100,lc203,1,,4,1024,ropke_distance_fixed_k,,,,,,,,,,0.26270210000075167,0
time_to_target,pdp_100,lc203,1,,4,1024,qaoa,,,,,,,,,,0.26119939999989583,0
time_to_target,pdp_100,lc203,1,,4,1024,efficient_su2,,,,,,,,,,0.2672667000006186,0
time_to_target,pdp_100,lc203,1,,4,1024,hybrid_alns,,,,,,,,,,0.25848510000287206,0
fixed_budget,pdp_100,lc204,1,51,4,1024,ropke_distance_fixed_k,3,590.6,inf,1850704.106332381,inf,inf,inf,13.266315900000336,0,,
fixed_budget,pdp_100,lc204,1,51,4,1024,qaoa,3,590.6,inf,1850704.106332381,inf,inf,inf,13.55366039999717,0,,
fixed_budget,pdp_100,lc204,1,51,4,1024,efficient_su2,3,590.6,inf,1850704.106332381,inf,inf,inf,13.36654389999967,0,,
fixed_budget,pdp_100,lc204,1,51,4,1024,hybrid_alns,3,590.6,inf,1850704.106332381,inf,inf,inf,13.400713600000017,0,,
time_to_target,pdp_100,lc204,1,,4,1024,ropke_distance_fixed_k,,,,,,,,,,0.29010619999826304,0
time_to_target,pdp_100,lc204,1,,4,1024,qaoa,,,,,,,,,,0.2682145999970089,0
time_to_target,pdp_100,lc204,1,,4,1024,efficient_su2,,,,,,,,,,0.27754559999812045,0
time_to_target,pdp_100,lc204,1,,4,1024,hybrid_alns,,,,,,,,,,0.2516609000012977,0
fixed_budget,pdp_100,lc205,1,51,4,1024,ropke_distance_fixed_k,3,588.88,inf,62266989.27429314,inf,inf,inf,13.38082729999951,0,,
fixed_budget,pdp_100,lc205,1,51,4,1024,qaoa,3,588.88,inf,71936407.16604953,inf,inf,inf,13.507752199999231,0,,
fixed_budget,pdp_100,lc205,1,51,4,1024,efficient_su2,3,588.88,inf,90131445.13107598,inf,inf,inf,14.07326169999942,0,,
fixed_budget,pdp_100,lc205,1,51,4,1024,hybrid_alns,3,588.88,inf,73977353.90582016,inf,inf,inf,13.673048599997855,0,,
time_to_target,pdp_100,lc205,1,,4,1024,ropke_distance_fixed_k,,,,,,,,,,0.2602751000013086,0
time_to_target,pdp_100,lc205,1,,4,1024,qaoa,,,,,,,,,,0.29069329999765614,0
time_to_target,pdp_100,lc205,1,,4,1024,efficient_su2,,,,,,,,,,0.25814360000003944,0
time_to_target,pdp_100,lc205,1,,4,1024,hybrid_alns,,,,,,,,,,0.2682870999997249,0
fixed_budget,pdp_100,lc206,1,51,4,1024,ropke_distance_fixed_k,3,588.49,inf,39189164.08957383,inf,inf,inf,14.047308100001828,0,,
fixed_budget,pdp_100,lc206,1,51,4,1024,qaoa,3,588.49,inf,38137423.34881718,inf,inf,inf,14.143482100000256,0,,
fixed_budget,pdp_100,lc206,1,51,4,1024,efficient_su2,3,588.49,inf,38845670.01227647,inf,inf,inf,13.798021900001913,0,,
fixed_budget,pdp_100,lc206,1,51,4,1024,hybrid_alns,3,588.49,inf,39552202.03373626,inf,inf,inf,13.903638699997828,0,,
time_to_target,pdp_100,lc206,1,,4,1024,ropke_distance_fixed_k,,,,,,,,,,0.2691039000019373,0
time_to_target,pdp_100,lc206,1,,4,1024,qaoa,,,,,,,,,,0.26486909999948693,0
time_to_target,pdp_100,lc206,1,,4,1024,efficient_su2,,,,,,,,,,0.26239429999986896,0
time_to_target,pdp_100,lc206,1,,4,1024,hybrid_alns,,,,,,,,,,0.26784369999950286,0
fixed_budget,pdp_100,lc207,1,51,4,1024,ropke_distance_fixed_k,3,588.29,inf,18953428.600065883,inf,inf,inf,13.294195699996635,0,,
fixed_budget,pdp_100,lc207,1,51,4,1024,qaoa,3,588.29,inf,18953428.600065883,inf,inf,inf,13.663794799998868,0,,
fixed_budget,pdp_100,lc207,1,51,4,1024,efficient_su2,3,588.29,inf,18953428.600065883,inf,inf,inf,13.38874620000206,0,,
fixed_budget,pdp_100,lc207,1,51,4,1024,hybrid_alns,3,588.29,inf,19224457.408220775,inf,inf,inf,13.706326399998943,0,,
time_to_target,pdp_100,lc207,1,,4,1024,ropke_distance_fixed_k,,,,,,,,,,0.26823789999980363,0
time_to_target,pdp_100,lc207,1,,4,1024,qaoa,,,,,,,,,,0.26853879999907804,0
time_to_target,pdp_100,lc207,1,,4,1024,efficient_su2,,,,,,,,,,0.25674419999995735,0
time_to_target,pdp_100,lc207,1,,4,1024,hybrid_alns,,,,,,,,,,0.2570770000020275,0
fixed_budget,pdp_100,lc208,1,51,4,1024,ropke_distance_fixed_k,3,588.32,inf,28794964.826099783,inf,inf,inf,13.506610700002057,0,,
fixed_budget,pdp_100,lc208,1,51,4,1024,qaoa,3,588.32,inf,34155937.32548257,inf,inf,inf,13.525660800001788,0,,
fixed_budget,pdp_100,lc208,1,51,4,1024,efficient_su2,3,588.32,inf,41738455.39110426,inf,inf,inf,13.578567799999291,0,,
fixed_budget,pdp_100,lc208,1,51,4,1024,hybrid_alns,3,588.32,inf,28653578.644107178,inf,inf,inf,13.700727100000222,0,,
time_to_target,pdp_100,lc208,1,,4,1024,ropke_distance_fixed_k,,,,,,,,,,0.27108170000065,0
time_to_target,pdp_100,lc208,1,,4,1024,qaoa,,,,,,,,,,0.26572460000170395,0
time_to_target,pdp_100,lc208,1,,4,1024,efficient_su2,,,,,,,,,,0.26110070000140695,0
time_to_target,pdp_100,lc208,1,,4,1024,hybrid_alns,,,,,,,,,,0.2827443000023777,0
fixed_budget,pdp_100,lr101,1,53,4,1024,ropke_distance_fixed_k,19,1650.8,inf,568226.6635259885,inf,inf,inf,1.701915800000279,0,,
fixed_budget,pdp_100,lr101,1,53,4,1024,qaoa,19,1650.8,inf,542699.5146082225,inf,inf,inf,1.7043806000001496,0,,
fixed_budget,pdp_100,lr101,1,53,4,1024,efficient_su2,19,1650.8,inf,452512.05262399244,inf,inf,inf,1.629264700000931,0,,
fixed_budget,pdp_100,lr101,1,53,4,1024,hybrid_alns,19,1650.8,inf,568226.6635259885,inf,inf,inf,1.6521456999980728,0,,
time_to_target,pdp_100,lr101,1,,4,1024,ropke_distance_fixed_k,,,,,,,,,,0.04000129999985802,0
time_to_target,pdp_100,lr101,1,,4,1024,qaoa,,,,,,,,,,0.04198209999958635,0
time_to_target,pdp_100,lr101,1,,4,1024,efficient_su2,,,,,,,,,,0.028627700001379708,0
time_to_target,pdp_100,lr101,1,,4,1024,hybrid_alns,,,,,,,,,,0.02956859999903827,0
fixed_budget,pdp_100,lr102,1,55,4,1024,ropke_distance_fixed_k,17,1487.57,inf,51098.801177267276,inf,inf,inf,1.9858008000010159,0,,
fixed_budget,pdp_100,lr102,1,55,4,1024,qaoa,17,1487.57,inf,51098.801177267276,inf,inf,inf,1.933858100001089,0,,
fixed_budget,pdp_100,lr102,1,55,4,1024,efficient_su2,17,1487.57,inf,51098.801177267276,inf,inf,inf,1.999318799997127,0,,
fixed_budget,pdp_100,lr102,1,55,4,1024,hybrid_alns,17,1487.57,inf,51098.801177267276,inf,inf,inf,1.9391992000018945,0,,
time_to_target,pdp_100,lr102,1,,4,1024,ropke_distance_fixed_k,,,,,,,,,,0.036187099998642225,0
time_to_target,pdp_100,lr102,1,,4,1024,qaoa,,,,,,,,,,0.03349549999984447,0
time_to_target,pdp_100,lr102,1,,4,1024,efficient_su2,,,,,,,,,,0.034626599997864105,0
time_to_target,pdp_100,lr102,1,,4,1024,hybrid_alns,,,,,,,,,,0.030097499999101274,0
fixed_budget,pdp_100,lr103,1,52,4,1024,ropke_distance_fixed_k,13,1292.68,inf,1307935.3799382285,inf,inf,inf,1.998390600001585,0,,
fixed_budget,pdp_100,lr103,1,52,4,1024,qaoa,13,1292.68,inf,1307935.3799382285,inf,inf,inf,2.1617310000001453,0,,
fixed_budget,pdp_100,lr103,1,52,4,1024,efficient_su2,13,1292.68,inf,1307935.3799382285,inf,inf,inf,2.046184099999664,0,,
fixed_budget,pdp_100,lr103,1,52,4,1024,hybrid_alns,13,1292.68,inf,1307935.3799382285,inf,inf,inf,2.1850257000005513,0,,
time_to_target,pdp_100,lr103,1,,4,1024,ropke_distance_fixed_k,,,,,,,,,,0.03908919999958016,0
time_to_target,pdp_100,lr103,1,,4,1024,qaoa,,,,,,,,,,0.03758920000109356,0
time_to_target,pdp_100,lr103,1,,4,1024,efficient_su2,,,,,,,,,,0.048990600000252016,0
time_to_target,pdp_100,lr103,1,,4,1024,hybrid_alns,,,,,,,,,,0.04731230000106734,0
fixed_budget,pdp_100,lr104,1,52,4,1024,ropke_distance_fixed_k,9,1013.39,inf,3628783.899742089,inf,inf,inf,3.0590572000000975,0,,
fixed_budget,pdp_100,lr104,1,52,4,1024,qaoa,9,1013.39,inf,3714706.4002899434,inf,inf,inf,3.23827010000241,0,,
fixed_budget,pdp_100,lr104,1,52,4,1024,efficient_su2,9,1013.39,inf,3762158.3709732946,inf,inf,inf,3.21013049999965,0,,
fixed_budget,pdp_100,lr104,1,52,4,1024,hybrid_alns,9,1013.39,inf,3637610.340289333,inf,inf,inf,3.0821482999999716,0,,
time_to_target,pdp_100,lr104,1,,4,1024,ropke_distance_fixed_k,,,,,,,,,,0.07792830000107642,0
time_to_target,pdp_100,lr104,1,,4,1024,qaoa,,,,,,,,,,0.07222590000310447,0
time_to_target,pdp_100,lr104,1,,4,1024,efficient_su2,,,,,,,,,,0.057096099997579586,0
time_to_target,pdp_100,lr104,1,,4,1024,hybrid_alns,,,,,,,,,,0.06992760000139242,0
fixed_budget,pdp_100,lr105,1,53,4,1024,ropke_distance_fixed_k,14,1377.11,inf,894305.1441177933,inf,inf,inf,2.078797999998642,0,,
fixed_budget,pdp_100,lr105,1,53,4,1024,qaoa,14,1377.11,inf,1139371.541355167,inf,inf,inf,2.060011300000042,0,,
fixed_budget,pdp_100,lr105,1,53,4,1024,efficient_su2,14,1377.11,inf,1136821.666414969,inf,inf,inf,2.1224208999992697,0,,
fixed_budget,pdp_100,lr105,1,53,4,1024,hybrid_alns,14,1377.11,inf,1136175.626390317,inf,inf,inf,2.010395699999208,0,,
time_to_target,pdp_100,lr105,1,,4,1024,ropke_distance_fixed_k,,,,,,,,,,0.03701050000017858,0
time_to_target,pdp_100,lr105,1,,4,1024,qaoa,,,,,,,,,,0.03558540000085486,0
time_to_target,pdp_100,lr105,1,,4,1024,efficient_su2,,,,,,,,,,0.03839789999983623,0
time_to_target,pdp_100,lr105,1,,4,1024,hybrid_alns,,,,,,,,,,0.03362600000036764,0
fixed_budget,pdp_100,lr106,1,52,4,1024,ropke_distance_fixed_k,12,1252.62,inf,1716509.0909824695,inf,inf,inf,2.194095200000447,0,,
fixed_budget,pdp_100,lr106,1,52,4,1024,qaoa,12,1252.62,inf,1926959.9843473407,inf,inf,inf,2.2857268000007025,0,,
fixed_budget,pdp_100,lr106,1,52,4,1024,efficient_su2,12,1252.62,inf,1926959.9843473407,inf,inf,inf,2.3781496999981755,0,,
fixed_budget,pdp_100,lr106,1,52,4,1024,hybrid_alns,12,1252.62,inf,1912340.4705403592,inf,inf,inf,2.3179854999980307,0,,
time_to_target,pdp_100,lr106,1,,4,1024,ropke_distance_fixed_k,,,,,,,,,,0.03933610000240151,0
time_to_target,pdp_100,lr106,1,,4,1024,qaoa,,,,,,,,,,0.05435159999979078,0
time_to_target,pdp_100,lr106,1,,4,1024,efficient_su2,,,,,,,,,,0.06638079999902402,0
time_to_target,pdp_100,lr106,1,,4,1024,hybrid_alns,,,,,,,,,,0.054202799998165574,0
fixed_budget,pdp_100,lr107,1,52,4,1024,ropke_distance_fixed_k,10,1111.31,inf,2712869.343233259,inf,inf,inf,2.7531204000006255,0,,
fixed_budget,pdp_100,lr107,1,52,4,1024,qaoa,10,1111.31,inf,2172191.0186192626,inf,inf,inf,2.868320900000981,0,,
fixed_budget,pdp_100,lr107,1,52,4,1024,efficient_su2,10,1111.31,inf,2699561.0780434455,inf,inf,inf,3.007129999998142,0,,
fixed_budget,pdp_100,lr107,1,52,4,1024,hybrid_alns,10,1111.31,inf,2672004.432193915,inf,inf,inf,2.8262906999989355,0,,
time_to_target,pdp_100,lr107,1,,4,1024,ropke_distance_fixed_k,,,,,,,,,,0.051949900000181515,0
time_to_target,pdp_100,lr107,1,,4,1024,qaoa,,,,,,,,,,0.05824170000050799,0
time_to_target,pdp_100,lr107,1,,4,1024,efficient_su2,,,,,,,,,,0.05447959999946761,0
time_to_target,pdp_100,lr107,1,,4,1024,hybrid_alns,,,,,,,,,,0.06071399999927962,0
fixed_budget,pdp_100,lr108,1,50,4,1024,ropke_distance_fixed_k,9,968.97,inf,6141667.0002129,inf,inf,inf,2.700762999997096,0,,
fixed_budget,pdp_100,lr108,1,50,4,1024,qaoa,9,968.97,inf,6011831.51626094,inf,inf,inf,2.854872699997941,0,,
fixed_budget,pdp_100,lr108,1,50,4,1024,efficient_su2,9,968.97,inf,6024347.910542202,inf,inf,inf,2.7861080000002403,0,,
fixed_budget,pdp_100,lr108,1,50,4,1024,hybrid_alns,9,968.97,inf,6294979.638397027,inf,inf,inf,2.92120419999992,0,,
time_to_target,pdp_100,lr108,1,,4,1024,ropke_distance_fixed_k,,,,,,,,,,0.060412999999243766,0
time_to_target,pdp_100,lr108,1,,4,1024,qaoa,,,,,,,,,,0.05985979999968549,0
time_to_target,pdp_100,lr108,1,,4,1024,efficient_su2,,,,,,,,,,0.05193969999891124,0
time_to_target,pdp_100,lr108,1,,4,1024,hybrid_alns,,,,,,,,,,0.05334680000305525,0
fixed_budget,pdp_100,lr109,1,53,4,1024,ropke_distance_fixed_k,11,1208.96,inf,2720686.2558292793,inf,inf,inf,2.5396556000014243,0,,
fixed_budget,pdp_100,lr109,1,53,4,1024,qaoa,11,1208.96,inf,2720686.2558292793,inf,inf,inf,2.638615399999253,0,,
fixed_budget,pdp_100,lr109,1,53,4,1024,efficient_su2,11,1208.96,inf,2720686.2558292793,inf,inf,inf,2.7490685999982816,0,,
fixed_budget,pdp_100,lr109,1,53,4,1024,hybrid_alns,11,1208.96,inf,2720686.2558292793,inf,inf,inf,2.51179620000039,0,,
time_to_target,pdp_100,lr109,1,,4,1024,ropke_distance_fixed_k,,,,,,,,,,0.05928159999893978,0
time_to_target,pdp_100,lr109,1,,4,1024,qaoa,,,,,,,,,,0.045131599999876926,0
time_to_target,pdp_100,lr109,1,,4,1024,efficient_su2,,,,,,,,,,0.05849310000121477,0
time_to_target,pdp_100,lr109,1,,4,1024,hybrid_alns,,,,,,,,,,0.04744040000150562,0
fixed_budget,pdp_100,lr110,1,52,4,1024,ropke_distance_fixed_k,10,1159.35,inf,6261637.554660496,inf,inf,inf,2.788345000000845,0,,
fixed_budget,pdp_100,lr110,1,52,4,1024,qaoa,10,1159.35,inf,6005925.09386881,inf,inf,inf,2.6716224000010698,0,,
fixed_budget,pdp_100,lr110,1,52,4,1024,efficient_su2,10,1159.35,inf,6261637.554660496,inf,inf,inf,2.7070462000010593,0,,
fixed_budget,pdp_100,lr110,1,52,4,1024,hybrid_alns,10,1159.35,inf,5689888.758262496,inf,inf,inf,2.695909699999902,0,,
time_to_target,pdp_100,lr110,1,,4,1024,ropke_distance_fixed_k,,,,,,,,,,0.06033440000101109,0
time_to_target,pdp_100,lr110,1,,4,1024,qaoa,,,,,,,,,,0.06167679999998654,0
time_to_target,pdp_100,lr110,1,,4,1024,efficient_su2,,,,,,,,,,0.05072230000223499,0
time_to_target,pdp_100,lr110,1,,4,1024,hybrid_alns,,,,,,,,,,0.06133219999901485,0
fixed_budget,pdp_100,lr111,1,54,4,1024,ropke_distance_fixed_k,10,1108.9,inf,5155344.518481427,inf,inf,inf,3.1413308000010147,0,,
fixed_budget,pdp_100,lr111,1,54,4,1024,qaoa,10,1108.9,inf,5007785.207204553,inf,inf,inf,3.088135699999839,0,,
fixed_budget,pdp_100,lr111,1,54,4,1024,efficient_su2,10,1108.9,inf,5155344.518481427,inf,inf,inf,3.382035700000415,0,,
fixed_budget,pdp_100,lr111,1,54,4,1024,hybrid_alns,10,1108.9,inf,5155344.518481427,inf,inf,inf,3.166683600000397,0,,
time_to_target,pdp_100,lr111,1,,4,1024,ropke_distance_fixed_k,,,,,,,,,,0.053863699999055825,0
time_to_target,pdp_100,lr111,1,,4,1024,qaoa,,,,,,,,,,0.07236289999855217,0
time_to_target,pdp_100,lr111,1,,4,1024,efficient_su2,,,,,,,,,,0.07698539999910281,0
time_to_target,pdp_100,lr111,1,,4,1024,hybrid_alns,,,,,,,,,,0.057920800001738826,0
fixed_budget,pdp_100,lr112,1,53,4,1024,ropke_distance_fixed_k,9,1003.77,inf,8595544.252171086,inf,inf,inf,3.2720841000009386,0,,
fixed_budget,pdp_100,lr112,1,53,4,1024,qaoa,9,1003.77,inf,8487252.93910683,inf,inf,inf,3.5504637000012735,0,,
fixed_budget,pdp_100,lr112,1,53,4,1024,efficient_su2,9,1003.77,inf,8351137.795948434,inf,inf,inf,3.3820011999996495,0,,
fixed_budget,pdp_100,lr112,1,53,4,1024,hybrid_alns,9,1003.77,inf,8595544.252171086,inf,inf,inf,3.3846587000007275,0,,
time_to_target,pdp_100,lr112,1,,4,1024,ropke_distance_fixed_k,,,,,,,,,,0.0675970000011148,0
time_to_target,pdp_100,lr112,1,,4,1024,qaoa,,,,,,,,,,0.06002190000072005,0
time_to_target,pdp_100,lr112,1,,4,1024,efficient_su2,,,,,,,,,,0.07379040000159875,0
time_to_target,pdp_100,lr112,1,,4,1024,hybrid_alns,,,,,,,,,,0.05861989999903017,0
fixed_budget,pdp_100,lr201,1,51,4,1024,ropke_distance_fixed_k,4,1253.23,inf,970939.0395622187,inf,inf,inf,8.980574199998955,0,,
fixed_budget,pdp_100,lr201,1,51,4,1024,qaoa,4,1253.23,inf,544852.7381422909,inf,inf,inf,8.67773070000112,0,,
fixed_budget,pdp_100,lr201,1,51,4,1024,efficient_su2,4,1253.23,inf,999662.5641796906,inf,inf,inf,8.496107500002836,0,,
fixed_budget,pdp_100,lr201,1,51,4,1024,hybrid_alns,4,1253.23,inf,1145469.1223547522,inf,inf,inf,8.58646189999854,0,,
time_to_target,pdp_100,lr201,1,,4,1024,ropke_distance_fixed_k,,,,,,,,,,0.16489430000001448,0
time_to_target,pdp_100,lr201,1,,4,1024,qaoa,,,,,,,,,,0.16930409999986296,0
time_to_target,pdp_100,lr201,1,,4,1024,efficient_su2,,,,,,,,,,0.16080740000325022,0
time_to_target,pdp_100,lr201,1,,4,1024,hybrid_alns,,,,,,,,,,0.183938299996953,0
fixed_budget,pdp_100,lr202,1,50,4,1024,ropke_distance_fixed_k,3,1197.67,inf,3572028.996853761,inf,inf,inf,12.989622100001725,0,,
fixed_budget,pdp_100,lr202,1,50,4,1024,qaoa,3,1197.67,inf,2444601.324196322,inf,inf,inf,12.996125700003176,0,,
fixed_budget,pdp_100,lr202,1,50,4,1024,efficient_su2,3,1197.67,inf,3572028.996853761,inf,inf,inf,12.969360200000665,0,,
fixed_budget,pdp_100,lr202,1,50,4,1024,hybrid_alns,3,1197.67,inf,3097262.7902640393,inf,inf,inf,13.080265700002201,0,,
time_to_target,pdp_100,lr202,1,,4,1024,ropke_distance_fixed_k,,,,,,,,,,0.2646512999999686,0
time_to_target,pdp_100,lr202,1,,4,1024,qaoa,,,,,,,,,,0.26993440000296687,0
time_to_target,pdp_100,lr202,1,,4,1024,efficient_su2,,,,,,,,,,0.24400759999844013,0
time_to_target,pdp_100,lr202,1,,4,1024,hybrid_alns,,,,,,,,,,0.26574560000153724,0
fixed_budget,pdp_100,lr203,1,51,4,1024,ropke_distance_fixed_k,3,949.4,inf,508817.9948365913,inf,inf,inf,13.51424550000229,0,,
fixed_budget,pdp_100,lr203,1,51,4,1024,qaoa,3,949.4,inf,528872.7047246214,inf,inf,inf,13.985061499999574,0,,
fixed_budget,pdp_100,lr203,1,51,4,1024,efficient_su2,3,949.4,inf,610903.8680827346,inf,inf,inf,13.748526699997456,0,,
fixed_budget,pdp_100,lr203,1,51,4,1024,hybrid_alns,3,949.4,inf,645361.0057225944,inf,inf,inf,13.523857600001065,0,,
time_to_target,pdp_100,lr203,1,,4,1024,ropke_distance_fixed_k,,,,,,,,,,0.2588276999995287,0
time_to_target,pdp_100,lr203,1,,4,1024,qaoa,,,,,,,,,,0.2599255999994057,0
time_to_target,pdp_100,lr203,1,,4,1024,efficient_su2,,,,,,,,,,0.2599174999995739,0
time_to_target,pdp_100,lr203,1,,4,1024,hybrid_alns,,,,,,,,,,0.2619354000016756,0
fixed_budget,pdp_100,lr204,1,50,4,1024,ropke_distance_fixed_k,2,849.05,inf,11389820.785254883,inf,inf,inf,26.099406699999236,0,,
fixed_budget,pdp_100,lr204,1,50,4,1024,qaoa,2,849.05,inf,10926057.416732986,inf,inf,inf,26.74306720000095,0,,
fixed_budget,pdp_100,lr204,1,50,4,1024,efficient_su2,2,849.05,inf,11103375.892915834,inf,inf,inf,26.42833890000111,0,,
fixed_budget,pdp_100,lr204,1,50,4,1024,hybrid_alns,2,849.05,inf,10813343.562888972,inf,inf,inf,26.012560200000735,0,,
time_to_target,pdp_100,lr204,1,,4,1024,ropke_distance_fixed_k,,,,,,,,,,0.507816900000762,0
time_to_target,pdp_100,lr204,1,,4,1024,qaoa,,,,,,,,,,0.5527583000002778,0
time_to_target,pdp_100,lr204,1,,4,1024,efficient_su2,,,,,,,,,,0.5172397999995155,0
time_to_target,pdp_100,lr204,1,,4,1024,hybrid_alns,,,,,,,,,,0.5010980000006384,0
fixed_budget,pdp_100,lr205,1,51,4,1024,ropke_distance_fixed_k,3,1054.02,inf,7669168.990518073,inf,inf,inf,13.74933659999806,0,,
fixed_budget,pdp_100,lr205,1,51,4,1024,qaoa,3,1054.02,inf,7669168.990518073,inf,inf,inf,13.90938869999809,0,,
fixed_budget,pdp_100,lr205,1,51,4,1024,efficient_su2,3,1054.02,inf,7669168.990518073,inf,inf,inf,13.733521300000575,0,,
fixed_budget,pdp_100,lr205,1,51,4,1024,hybrid_alns,3,1054.02,inf,7294304.218225265,inf,inf,inf,13.914634699998714,0,,
time_to_target,pdp_100,lr205,1,,4,1024,ropke_distance_fixed_k,,,,,,,,,,0.27803149999817833,0
time_to_target,pdp_100,lr205,1,,4,1024,qaoa,,,,,,,,,,0.2728867999976501,0
time_to_target,pdp_100,lr205,1,,4,1024,efficient_su2,,,,,,,,,,0.2654565000011644,0
time_to_target,pdp_100,lr205,1,,4,1024,hybrid_alns,,,,,,,,,,0.2592795999989903,0
fixed_budget,pdp_100,lr206,1,50,4,1024,ropke_distance_fixed_k,3,931.63,inf,1716902.1471166946,inf,inf,inf,13.21665270000085,0,,
fixed_budget,pdp_100,lr206,1,50,4,1024,qaoa,3,931.63,inf,1716902.1471166946,inf,inf,inf,13.260501500000828,0,,
fixed_budget,pdp_100,lr206,1,50,4,1024,efficient_su2,3,931.63,inf,1538031.158249976,inf,inf,inf,13.816099899999244,0,,
fixed_budget,pdp_100,lr206,1,50,4,1024,hybrid_alns,3,931.63,inf,1630302.5937278864,inf,inf,inf,13.460806199997023,0,,
time_to_target,pdp_100,lr206,1,,4,1024,ropke_distance_fixed_k,,,,,,,,,,0.2480156999990868,0
time_to_target,pdp_100,lr206,1,,4,1024,qaoa,,,,,,,,,,0.2492963000004238,0
time_to_target,pdp_100,lr206,1,,4,1024,efficient_su2,,,,,,,,,,0.25567819999923813,0
time_to_target,pdp_100,lr206,1,,4,1024,hybrid_alns,,,,,,,,,,0.25206450000041514,0
fixed_budget,pdp_100,lr207,1,51,4,1024,ropke_distance_fixed_k,2,903.06,inf,16795325.1456359,inf,inf,inf,28.82362429999921,0,,
fixed_budget,pdp_100,lr207,1,51,4,1024,qaoa,2,903.06,inf,16895339.596289113,inf,inf,inf,28.34135239999887,0,,
fixed_budget,pdp_100,lr207,1,51,4,1024,efficient_su2,2,903.06,inf,14197313.50215771,inf,inf,inf,27.872044799998548,0,,
fixed_budget,pdp_100,lr207,1,51,4,1024,hybrid_alns,2,903.06,inf,15032384.841382455,inf,inf,inf,28.237606899998354,0,,
time_to_target,pdp_100,lr207,1,,4,1024,ropke_distance_fixed_k,,,,,,,,,,0.6550119000021368,0
time_to_target,pdp_100,lr207,1,,4,1024,qaoa,,,,,,,,,,0.6381060000021535,0
time_to_target,pdp_100,lr207,1,,4,1024,efficient_su2,,,,,,,,,,0.5910174999989977,0
time_to_target,pdp_100,lr207,1,,4,1024,hybrid_alns,,,,,,,,,,0.6577796999990824,0
fixed_budget,pdp_100,lr208,1,50,4,1024,ropke_distance_fixed_k,2,734.85,inf,4009273.1914026435,inf,inf,inf,26.097644199999195,0,,
fixed_budget,pdp_100,lr208,1,50,4,1024,qaoa,2,734.85,inf,3748835.9614425646,inf,inf,inf,26.465108000000328,0,,
fixed_budget,pdp_100,lr208,1,50,4,1024,efficient_su2,2,734.85,inf,3930698.319726942,inf,inf,inf,26.53697679999823,0,,
fixed_budget,pdp_100,lr208,1,50,4,1024,hybrid_alns,2,734.85,inf,3429469.4279003125,inf,inf,inf,26.615482600001997,0,,
time_to_target,pdp_100,lr208,1,,4,1024,ropke_distance_fixed_k,,,,,,,,,,0.501558500000101,0
time_to_target,pdp_100,lr208,1,,4,1024,qaoa,,,,,,,,,,0.5350122999989253,0
time_to_target,pdp_100,lr208,1,,4,1024,efficient_su2,,,,,,,,,,0.5187353000001167,0
time_to_target,pdp_100,lr208,1,,4,1024,hybrid_alns,,,,,,,,,,0.6278882000005979,0
fixed_budget,pdp_100,lr209,1,51,4,1024,ropke_distance_fixed_k,3,930.59,inf,3221494.1241798243,inf,inf,inf,13.51848720000271,0,,
fixed_budget,pdp_100,lr209,1,51,4,1024,qaoa,3,930.59,inf,3621758.869477934,inf,inf,inf,13.836233099998935,0,,
fixed_budget,pdp_100,lr209,1,51,4,1024,efficient_su2,3,930.59,inf,4367511.719376178,inf,inf,inf,13.996467500001017,0,,
fixed_budget,pdp_100,lr209,1,51,4,1024,hybrid_alns,3,930.59,inf,4200341.09300171,inf,inf,inf,13.593666699998721,0,,
time_to_target,pdp_100,lr209,1,,4,1024,ropke_distance_fixed_k,,,,,,,,,,0.2585709000013594,0
time_to_target,pdp_100,lr209,1,,4,1024,qaoa,,,,,,,,,,0.2884606999978132,0
time_to_target,pdp_100,lr209,1,,4,1024,efficient_su2,,,,,,,,,,0.2606180000002496,0
time_to_target,pdp_100,lr209,1,,4,1024,hybrid_alns,,,,,,,,,,0.28514089999953285,0
fixed_budget,pdp_100,lr210,1,51,4,1024,ropke_distance_fixed_k,3,964.22,inf,260410.8122736809,inf,inf,inf,13.432748700000957,0,,
fixed_budget,pdp_100,lr210,1,51,4,1024,qaoa,3,964.22,inf,249604.12002450865,inf,inf,inf,13.31532110000262,0,,
fixed_budget,pdp_100,lr210,1,51,4,1024,efficient_su2,3,964.22,inf,260410.8122736809,inf,inf,inf,13.405345899998792,0,,
fixed_budget,pdp_100,lr210,1,51,4,1024,hybrid_alns,3,964.22,inf,260410.8122736809,inf,inf,inf,13.707015799998771,0,,
time_to_target,pdp_100,lr210,1,,4,1024,ropke_distance_fixed_k,,,,,,,,,,0.2853919999979553,0
time_to_target,pdp_100,lr210,1,,4,1024,qaoa,,,,,,,,,,0.2831259000013233,0
time_to_target,pdp_100,lr210,1,,4,1024,efficient_su2,,,,,,,,,,0.2596290000001318,0
time_to_target,pdp_100,lr210,1,,4,1024,hybrid_alns,,,,,,,,,,0.278378299997712,0
fixed_budget,pdp_100,lr211,1,50,4,1024,ropke_distance_fixed_k,2,911.52,inf,18965008.780255675,inf,inf,inf,25.867696299999807,0,,
fixed_budget,pdp_100,lr211,1,50,4,1024,qaoa,2,911.52,inf,17867672.048038594,inf,inf,inf,25.75336040000184,0,,
fixed_budget,pdp_100,lr211,1,50,4,1024,efficient_su2,2,911.52,inf,18111708.250753857,inf,inf,inf,26.27084239999749,0,,
fixed_budget,pdp_100,lr211,1,50,4,1024,hybrid_alns,2,911.52,inf,12181641.462729359,inf,inf,inf,25.953551599999628,0,,
time_to_target,pdp_100,lr211,1,,4,1024,ropke_distance_fixed_k,,,,,,,,,,0.523896099999547,0
time_to_target,pdp_100,lr211,1,,4,1024,qaoa,,,,,,,,,,0.5262459000005038,0
time_to_target,pdp_100,lr211,1,,4,1024,efficient_su2,,,,,,,,,,0.49918669999897247,0
time_to_target,pdp_100,lr211,1,,4,1024,hybrid_alns,,,,,,,,,,0.49980109999887645,0
fixed_budget,pdp_100,lrc101,1,53,4,1024,ropke_distance_fixed_k,14,1708.8,inf,2648693.286114591,inf,inf,inf,2.1347263999996358,0,,
fixed_budget,pdp_100,lrc101,1,53,4,1024,qaoa,14,1708.8,inf,2657377.9543949687,inf,inf,inf,2.1720624000008684,0,,
fixed_budget,pdp_100,lrc101,1,53,4,1024,efficient_su2,14,1708.8,inf,2581145.4853774346,inf,inf,inf,2.0930755000008503,0,,
fixed_budget,pdp_100,lrc101,1,53,4,1024,hybrid_alns,14,1708.8,inf,2657377.9543949687,inf,inf,inf,2.0235098999983165,0,,
time_to_target,pdp_100,lrc101,1,,4,1024,ropke_distance_fixed_k,,,,,,,,,,0.05551500000001397,0
time_to_target,pdp_100,lrc101,1,,4,1024,qaoa,,,,,,,,,,0.0365724000002956,0
time_to_target,pdp_100,lrc101,1,,4,1024,efficient_su2,,,,,,,,,,0.03691120000075898,0
time_to_target,pdp_100,lrc101,1,,4,1024,hybrid_alns,,,,,,,,,,0.05229299999700743,0
fixed_budget,pdp_100,lrc102,1,53,4,1024,ropke_distance_fixed_k,12,1558.07,inf,2879184.9099457418,inf,inf,inf,2.3259397000001627,0,,
fixed_budget,pdp_100,lrc102,1,53,4,1024,qaoa,12,1558.07,inf,2879184.9099457418,inf,inf,inf,2.350442099999782,0,,
fixed_budget,pdp_100,lrc102,1,53,4,1024,efficient_su2,12,1558.07,inf,2879184.9099457418,inf,inf,inf,2.440523799999937,0,,
fixed_budget,pdp_100,lrc102,1,53,4,1024,hybrid_alns,12,1558.07,inf,2827628.0236758394,inf,inf,inf,2.3279307000011613,0,,
time_to_target,pdp_100,lrc102,1,,4,1024,ropke_distance_fixed_k,,,,,,,,,,0.04066189999866765,0
time_to_target,pdp_100,lrc102,1,,4,1024,qaoa,,,,,,,,,,0.05582030000005034,0
time_to_target,pdp_100,lrc102,1,,4,1024,efficient_su2,,,,,,,,,,0.03967510000074981,0
time_to_target,pdp_100,lrc102,1,,4,1024,hybrid_alns,,,,,,,,,,0.04198460000043269,0
fixed_budget,pdp_100,lrc103,1,53,4,1024,ropke_distance_fixed_k,11,1258.74,inf,1643796.3677759212,inf,inf,inf,2.6750037999991036,0,,
fixed_budget,pdp_100,lrc103,1,53,4,1024,qaoa,11,1258.74,inf,1643796.3677759212,inf,inf,inf,2.7778701999995974,0,,
fixed_budget,pdp_100,lrc103,1,53,4,1024,efficient_su2,11,1258.74,inf,1643796.3677759212,inf,inf,inf,2.810295200000837,0,,
fixed_budget,pdp_100,lrc103,1,53,4,1024,hybrid_alns,11,1258.74,inf,1643796.3677759212,inf,inf,inf,2.831358300001739,0,,
time_to_target,pdp_100,lrc103,1,,4,1024,ropke_distance_fixed_k,,,,,,,,,,0.04925250000087544,0
time_to_target,pdp_100,lrc103,1,,4,1024,qaoa,,,,,,,,,,0.048789899999974295,0
time_to_target,pdp_100,lrc103,1,,4,1024,efficient_su2,,,,,,,,,,0.06301340000209166,0
time_to_target,pdp_100,lrc103,1,,4,1024,hybrid_alns,,,,,,,,,,0.05889510000270093,0
fixed_budget,pdp_100,lrc104,1,54,4,1024,ropke_distance_fixed_k,10,1128.4,inf,4285575.829653004,inf,inf,inf,2.9918894000002183,0,,
fixed_budget,pdp_100,lrc104,1,54,4,1024,qaoa,10,1128.4,inf,4472638.746032601,inf,inf,inf,3.0304069000012532,0,,
fixed_budget,pdp_100,lrc104,1,54,4,1024,efficient_su2,10,1128.4,inf,4472638.746032601,inf,inf,inf,3.0177887000027113,0,,
fixed_budget,pdp_100,lrc104,1,54,4,1024,hybrid_alns,10,1128.4,inf,4318303.200616837,inf,inf,inf,2.952201399999467,0,,
time_to_target,pdp_100,lrc104,1,,4,1024,ropke_distance_fixed_k,,,,,,,,,,0.06517560000065714,0
time_to_target,pdp_100,lrc104,1,,4,1024,qaoa,,,,,,,,,,0.05594610000116518,0
time_to_target,pdp_100,lrc104,1,,4,1024,efficient_su2,,,,,,,,,,0.05720650000148453,0
time_to_target,pdp_100,lrc104,1,,4,1024,hybrid_alns,,,,,,,,,,0.05525309999939054,0
fixed_budget,pdp_100,lrc105,1,54,4,1024,ropke_distance_fixed_k,13,1637.62,inf,2415696.313654856,inf,inf,inf,2.310428699998738,0,,
fixed_budget,pdp_100,lrc105,1,54,4,1024,qaoa,13,1637.62,inf,2415696.313654856,inf,inf,inf,2.370776300002035,0,,
fixed_budget,pdp_100,lrc105,1,54,4,1024,efficient_su2,13,1637.62,inf,2415696.313654856,inf,inf,inf,2.3347728999979154,0,,
fixed_budget,pdp_100,lrc105,1,54,4,1024,hybrid_alns,13,1637.62,inf,2415696.313654856,inf,inf,inf,2.370335999999952,0,,
time_to_target,pdp_100,lrc105,1,,4,1024,ropke_distance_fixed_k,,,,,,,,,,0.05398789999890141,0
time_to_target,pdp_100,lrc105,1,,4,1024,qaoa,,,,,,,,,,0.04177960000015446,0
time_to_target,pdp_100,lrc105,1,,4,1024,efficient_su2,,,,,,,,,,0.04067819999909261,0
time_to_target,pdp_100,lrc105,1,,4,1024,hybrid_alns,,,,,,,,,,0.04446529999768245,0
fixed_budget,pdp_100,lrc106,1,53,4,1024,ropke_distance_fixed_k,11,1424.73,inf,6850117.420665479,inf,inf,inf,2.7151260999999067,0,,
fixed_budget,pdp_100,lrc106,1,53,4,1024,qaoa,11,1424.73,inf,6456760.231342553,inf,inf,inf,2.7159156000016083,0,,
fixed_budget,pdp_100,lrc106,1,53,4,1024,efficient_su2,11,1424.73,inf,6244643.218051295,inf,inf,inf,2.6349169999994047,0,,
fixed_budget,pdp_100,lrc106,1,53,4,1024,hybrid_alns,11,1424.73,inf,5369254.701690113,inf,inf,inf,2.681177500002377,0,,
time_to_target,pdp_100,lrc106,1,,4,1024,ropke_distance_fixed_k,,,,,,,,,,0.04234260000157519,0
time_to_target,pdp_100,lrc106,1,,4,1024,qaoa,,,,,,,,,,0.06152060000022175,0
time_to_target,pdp_100,lrc106,1,,4,1024,efficient_su2,,,,,,,,,,0.04577470000003814,0
time_to_target,pdp_100,lrc106,1,,4,1024,hybrid_alns,,,,,,,,,,0.05524910000167438,0
fixed_budget,pdp_100,lrc107,1,53,4,1024,ropke_distance_fixed_k,11,1230.14,inf,5459385.611169652,inf,inf,inf,2.543855600000825,0,,
fixed_budget,pdp_100,lrc107,1,53,4,1024,qaoa,11,1230.14,inf,5113361.000447987,inf,inf,inf,2.6366221999996924,0,,
fixed_budget,pdp_100,lrc107,1,53,4,1024,efficient_su2,11,1230.14,inf,5500135.517295582,inf,inf,inf,2.641055600000982,0,,
fixed_budget,pdp_100,lrc107,1,53,4,1024,hybrid_alns,11,1230.14,inf,4596598.617986443,inf,inf,inf,2.530688299997564,0,,
time_to_target,pdp_100,lrc107,1,,4,1024,ropke_distance_fixed_k,,,,,,,,,,0.04518850000022212,0
time_to_target,pdp_100,lrc107,1,,4,1024,qaoa,,,,,,,,,,0.0487896999984514,0
time_to_target,pdp_100,lrc107,1,,4,1024,efficient_su2,,,,,,,,,,0.050979800002096454,0
time_to_target,pdp_100,lrc107,1,,4,1024,hybrid_alns,,,,,,,,,,0.05332269999780692,0
fixed_budget,pdp_100,lrc108,1,52,4,1024,ropke_distance_fixed_k,10,1147.43,inf,6533929.31221437,inf,inf,inf,2.731013600001461,0,,
fixed_budget,pdp_100,lrc108,1,52,4,1024,qaoa,10,1147.43,inf,6324063.93494897,inf,inf,inf,2.7729856000005384,0,,
fixed_budget,pdp_100,lrc108,1,52,4,1024,efficient_su2,10,1147.43,inf,5673980.099944907,inf,inf,inf,2.6413605000016105,0,,
fixed_budget,pdp_100,lrc108,1,52,4,1024,hybrid_alns,10,1147.43,inf,5490049.232399973,inf,inf,inf,2.7319492000024184,0,,
time_to_target,pdp_100,lrc108,1,,4,1024,ropke_distance_fixed_k,,,,,,,,,,0.05051370000001043,0
time_to_target,pdp_100,lrc108,1,,4,1024,qaoa,,,,,,,,,,0.05876239999997779,0
time_to_target,pdp_100,lrc108,1,,4,1024,efficient_su2,,,,,,,,,,0.04918960000213701,0
time_to_target,pdp_100,lrc108,1,,4,1024,hybrid_alns,,,,,,,,,,0.05889310000202386,0
fixed_budget,pdp_100,lrc201,1,51,4,1024,ropke_distance_fixed_k,4,1406.94,inf,6659856.943560571,inf,inf,inf,8.471738400003233,0,,
fixed_budget,pdp_100,lrc201,1,51,4,1024,qaoa,4,1406.94,inf,6659856.943560571,inf,inf,inf,8.508229199997004,0,,
fixed_budget,pdp_100,lrc201,1,51,4,1024,efficient_su2,4,1406.94,inf,6700500.485394245,inf,inf,inf,8.64392229999794,0,,
fixed_budget,pdp_100,lrc201,1,51,4,1024,hybrid_alns,4,1406.94,inf,6659856.943560571,inf,inf,inf,8.49428220000118,0,,
time_to_target,pdp_100,lrc201,1,,4,1024,ropke_distance_fixed_k,,,,,,,,,,0.17122890000246116,0
time_to_target,pdp_100,lrc201,1,,4,1024,qaoa,,,,,,,,,,0.17622510000001057,0
time_to_target,pdp_100,lrc201,1,,4,1024,efficient_su2,,,,,,,,,,0.17323190000024624,0
time_to_target,pdp_100,lrc201,1,,4,1024,hybrid_alns,,,,,,,,,,0.18550080000204616,0
fixed_budget,pdp_100,lrc202,1,51,4,1024,ropke_distance_fixed_k,3,1374.27,inf,11213082.112807622,inf,inf,inf,13.778879400000733,0,,
fixed_budget,pdp_100,lrc202,1,51,4,1024,qaoa,3,1374.27,inf,11398058.956464691,inf,inf,inf,13.562835599997925,0,,
fixed_budget,pdp_100,lrc202,1,51,4,1024,efficient_su2,3,1374.27,inf,9642486.467555162,inf,inf,inf,13.731479900001432,0,,
fixed_budget,pdp_100,lrc202,1,51,4,1024,hybrid_alns,3,1374.27,inf,12474600.249944009,inf,inf,inf,13.848477399998956,0,,
time_to_target,pdp_100,lrc202,1,,4,1024,ropke_distance_fixed_k,,,,,,,,,,0.2833963999983098,0
time_to_target,pdp_100,lrc202,1,,4,1024,qaoa,,,,,,,,,,0.29207839999799035,0
time_to_target,pdp_100,lrc202,1,,4,1024,efficient_su2,,,,,,,,,,0.2613219000013487,0
time_to_target,pdp_100,lrc202,1,,4,1024,hybrid_alns,,,,,,,,,,0.2670883999999205,0
fixed_budget,pdp_100,lrc203,1,51,4,1024,ropke_distance_fixed_k,3,1089.07,inf,2467692.493003616,inf,inf,inf,13.612728799998877,0,,
fixed_budget,pdp_100,lrc203,1,51,4,1024,qaoa,3,1089.07,inf,2467692.493003616,inf,inf,inf,13.86762969999836,0,,
fixed_budget,pdp_100,lrc203,1,51,4,1024,efficient_su2,3,1089.07,inf,2467692.493003616,inf,inf,inf,13.676109500000166,0,,
fixed_budget,pdp_100,lrc203,1,51,4,1024,hybrid_alns,3,1089.07,inf,2467692.493003616,inf,inf,inf,13.812413600000582,0,,
time_to_target,pdp_100,lrc203,1,,4,1024,ropke_distance_fixed_k,,,,,,,,,,0.2919337999992422,0
time_to_target,pdp_100,lrc203,1,,4,1024,qaoa,,,,,,,,,,0.27110410000022966,0
time_to_target,pdp_100,lrc203,1,,4,1024,efficient_su2,,,,,,,,,,0.274451000001136,0
time_to_target,pdp_100,lrc203,1,,4,1024,hybrid_alns,,,,,,,,,,0.2632123000003048,0
fixed_budget,pdp_100,lrc204,1,51,4,1024,ropke_distance_fixed_k,3,818.66,inf,68294.09409106679,1748.6716884650618,inf,inf,14.74738570000045,0,,
fixed_budget,pdp_100,lrc204,1,51,4,1024,qaoa,3,818.66,1748.6716884650618,1748.6716884650618,1748.6716884650618,0.0,1.1360170137359367,14.606182700001227,1,,
fixed_budget,pdp_100,lrc204,1,51,4,1024,efficient_su2,3,818.66,inf,73377.59550370394,1748.6716884650618,inf,inf,14.895366799999465,0,,
fixed_budget,pdp_100,lrc204,1,51,4,1024,hybrid_alns,3,818.66,inf,73377.59550370394,1748.6716884650618,inf,inf,15.076184900000953,0,,
time_to_target,pdp_100,lrc204,1,,4,1024,ropke_distance_fixed_k,,,,,,,,,,inf,inf
time_to_target,pdp_100,lrc204,1,,4,1024,qaoa,,,,,,,,,,10.581512500000827,35
time_to_target,pdp_100,lrc204,1,,4,1024,efficient_su2,,,,,,,,,,inf,inf
time_to_target,pdp_100,lrc204,1,,4,1024,hybrid_alns,,,,,,,,,,inf,inf
fixed_budget,pdp_100,lrc205,1,51,4,1024,ropke_distance_fixed_k,4,1302.2,inf,3128600.969167305,inf,inf,inf,8.882323499998165,0,,
fixed_budget,pdp_100,lrc205,1,51,4,1024,qaoa,4,1302.2,inf,3366851.9813097557,inf,inf,inf,8.870974000001297,0,,
fixed_budget,pdp_100,lrc205,1,51,4,1024,efficient_su2,4,1302.2,inf,3380990.787427211,inf,inf,inf,8.945458199999848,0,,
fixed_budget,pdp_100,lrc205,1,51,4,1024,hybrid_alns,4,1302.2,inf,3420327.129647418,inf,inf,inf,8.78569459999926,0,,
time_to_target,pdp_100,lrc205,1,,4,1024,ropke_distance_fixed_k,,,,,,,,,,0.18411370000103489,0
time_to_target,pdp_100,lrc205,1,,4,1024,qaoa,,,,,,,,,,0.16594350000013947,0
time_to_target,pdp_100,lrc205,1,,4,1024,efficient_su2,,,,,,,,,,0.17433080000046175,0
time_to_target,pdp_100,lrc205,1,,4,1024,hybrid_alns,,,,,,,,,,0.18135759999859147,0
fixed_budget,pdp_100,lrc206,1,51,4,1024,ropke_distance_fixed_k,3,1159.03,inf,17886595.09242818,inf,inf,inf,13.657942500001809,0,,
fixed_budget,pdp_100,lrc206,1,51,4,1024,qaoa,3,1159.03,inf,18908507.63097166,inf,inf,inf,13.566051199999492,0,,
fixed_budget,pdp_100,lrc206,1,51,4,1024,efficient_su2,3,1159.03,inf,18236333.729849424,inf,inf,inf,13.710948899999494,0,,
fixed_budget,pdp_100,lrc206,1,51,4,1024,hybrid_alns,3,1159.03,inf,18908507.63097166,inf,inf,inf,13.39186950000294,0,,
time_to_target,pdp_100,lrc206,1,,4,1024,ropke_distance_fixed_k,,,,,,,,,,0.30344980000154465,0
time_to_target,pdp_100,lrc206,1,,4,1024,qaoa,,,,,,,,,,0.27133780000076513,0
time_to_target,pdp_100,lrc206,1,,4,1024,efficient_su2,,,,,,,,,,0.2652581000002101,0
time_to_target,pdp_100,lrc206,1,,4,1024,hybrid_alns,,,,,,,,,,0.26824459999988903,0
fixed_budget,pdp_100,lrc207,1,51,4,1024,ropke_distance_fixed_k,3,1062.05,inf,15577256.553891182,inf,inf,inf,13.662991699999111,0,,
fixed_budget,pdp_100,lrc207,1,51,4,1024,qaoa,3,1062.05,inf,15577256.553891182,inf,inf,inf,13.594653100000869,0,,
fixed_budget,pdp_100,lrc207,1,51,4,1024,efficient_su2,3,1062.05,inf,8044053.673631161,inf,inf,inf,13.765888699999778,0,,
fixed_budget,pdp_100,lrc207,1,51,4,1024,hybrid_alns,3,1062.05,inf,11508131.362606883,inf,inf,inf,13.580812099997274,0,,
time_to_target,pdp_100,lrc207,1,,4,1024,ropke_distance_fixed_k,,,,,,,,,,0.26680950000081793,0
time_to_target,pdp_100,lrc207,1,,4,1024,qaoa,,,,,,,,,,0.2642848000032245,0
time_to_target,pdp_100,lrc207,1,,4,1024,efficient_su2,,,,,,,,,,0.2885521999996854,0
time_to_target,pdp_100,lrc207,1,,4,1024,hybrid_alns,,,,,,,,,,0.25268919999871287,0
fixed_budget,pdp_100,lrc208,1,51,4,1024,ropke_distance_fixed_k,3,852.76,inf,3981546.2280944535,inf,inf,inf,14.072784100000717,0,,
fixed_budget,pdp_100,lrc208,1,51,4,1024,qaoa,3,852.76,inf,3535335.218388941,inf,inf,inf,13.950308899999072,0,,
fixed_budget,pdp_100,lrc208,1,51,4,1024,efficient_su2,3,852.76,inf,3861298.5765807787,inf,inf,inf,13.973883899998327,0,,
fixed_budget,pdp_100,lrc208,1,51,4,1024,hybrid_alns,3,852.76,inf,3733027.814289988,inf,inf,inf,14.093560900000739,0,,
time_to_target,pdp_100,lrc208,1,,4,1024,ropke_distance_fixed_k,,,,,,,,,,0.2780523000001267,0
time_to_target,pdp_100,lrc208,1,,4,1024,qaoa,,,,,,,,,,0.27421160000085365,0
time_to_target,pdp_100,lrc208,1,,4,1024,efficient_su2,,,,,,,,,,0.28851850000137347,0
time_to_target,pdp_100,lrc208,1,,4,1024,hybrid_alns,,,,,,,,,,0.297052400001121,0
fixed_budget,pdp_100,lc101,1,53,5,1024,ropke_distance_fixed_k,10,828.94,828.9368669428341,828.9368669428341,828.9368669428341,0.0,-3.7795946220431313e-06,3.4007200000014564,1,,
fixed_budget,pdp_100,lc101,1,53,5,1024,qaoa,10,828.94,828.9368669428341,828.9368669428341,828.9368669428341,0.0,-3.7795946220431313e-06,3.615617300001759,1,,
fixed_budget,pdp_100,lc101,1,53,5,1024,efficient_su2,10,828.94,828.9368669428341,828.9368669428341,828.9368669428341,0.0,-3.7795946220431313e-06,3.5190787999999884,1,,
fixed_budget,pdp_100,lc101,1,53,5,1024,hybrid_alns,10,828.94,828.9368669428341,828.9368669428341,828.9368669428341,0.0,-3.7795946220431313e-06,3.4477451000020665,1,,
time_to_target,pdp_100,lc101,1,,5,1024,ropke_distance_fixed_k,,,,,,,,,,0.07247479999932693,0
time_to_target,pdp_100,lc101,1,,5,1024,qaoa,,,,,,,,,,0.06903719999900204,0
time_to_target,pdp_100,lc101,1,,5,1024,efficient_su2,,,,,,,,,,0.06371040000158246,0
time_to_target,pdp_100,lc101,1,,5,1024,hybrid_alns,,,,,,,,,,0.06985210000129882,0
fixed_budget,pdp_100,lc102,1,53,5,1024,ropke_distance_fixed_k,10,828.94,inf,6835206.567871202,inf,inf,inf,3.832349599997542,0,,
fixed_budget,pdp_100,lc102,1,53,5,1024,qaoa,10,828.94,inf,6835206.567871202,inf,inf,inf,3.784165099998063,0,,
fixed_budget,pdp_100,lc102,1,53,5,1024,efficient_su2,10,828.94,inf,6835206.567871202,inf,inf,inf,3.886908999997104,0,,
fixed_budget,pdp_100,lc102,1,53,5,1024,hybrid_alns,10,828.94,inf,6107567.714271583,inf,inf,inf,3.7884626999984903,0,,
time_to_target,pdp_100,lc102,1,,5,1024,ropke_distance_fixed_k,,,,,,,,,,0.10281430000031833,0
time_to_target,pdp_100,lc102,1,,5,1024,qaoa,,,,,,,,,,0.08137989999886486,0
time_to_target,pdp_100,lc102,1,,5,1024,efficient_su2,,,,,,,,,,0.08160369999677641,0
time_to_target,pdp_100,lc102,1,,5,1024,hybrid_alns,,,,,,,,,,0.06596680000075139,0
fixed_budget,pdp_100,lc103,1,52,5,1024,ropke_distance_fixed_k,9,1035.35,inf,4189014.37767134,inf,inf,inf,3.7722708999972383,0,,
fixed_budget,pdp_100,lc103,1,52,5,1024,qaoa,9,1035.35,inf,4189014.37767134,inf,inf,inf,3.8476454000010563,0,,
fixed_budget,pdp_100,lc103,1,52,5,1024,efficient_su2,9,1035.35,inf,4189014.37767134,inf,inf,inf,3.843923200001882,0,,
fixed_budget,pdp_100,lc103,1,52,5,1024,hybrid_alns,9,1035.35,inf,4189014.37767134,inf,inf,inf,3.8024345000012545,0,,
time_to_target,pdp_100,lc103,1,,5,1024,ropke_distance_fixed_k,,,,,,,,,,0.07588919999761856,0
time_to_target,pdp_100,lc103,1,,5,1024,qaoa,,,,,,,,,,0.07045649999781745,0
time_to_target,pdp_100,lc103,1,,5,1024,efficient_su2,,,,,,,,,,0.09138600000005681,0
time_to_target,pdp_100,lc103,1,,5,1024,hybrid_alns,,,,,,,,,,0.06531919999906677,0
fixed_budget,pdp_100,lc104,1,53,5,1024,ropke_distance_fixed_k,9,860.01,inf,1313573.8896566955,inf,inf,inf,3.948085500000161,0,,
fixed_budget,pdp_100,lc104,1,53,5,1024,qaoa,9,860.01,inf,1313573.8896566955,inf,inf,inf,4.0466587000009895,0,,
fixed_budget,pdp_100,lc104,1,53,5,1024,efficient_su2,9,860.01,inf,1313573.8896566955,inf,inf,inf,4.143768900001305,0,,
fixed_budget,pdp_100,lc104,1,53,5,1024,hybrid_alns,9,860.01,inf,1313573.8896566955,inf,inf,inf,3.8217656999986502,0,,
time_to_target,pdp_100,lc104,1,,5,1024,ropke_distance_fixed_k,,,,,,,,,,0.08135850000326172,0
time_to_target,pdp_100,lc104,1,,5,1024,qaoa,,,,,,,,,,0.09581609999804641,0
time_to_target,pdp_100,lc104,1,,5,1024,efficient_su2,,,,,,,,,,0.07453130000067176,0
time_to_target,pdp_100,lc104,1,,5,1024,hybrid_alns,,,,,,,,,,0.06456749999779277,0
fixed_budget,pdp_100,lc105,1,53,5,1024,ropke_distance_fixed_k,10,828.94,inf,14821160.912271824,inf,inf,inf,3.532722100000683,0,,
fixed_budget,pdp_100,lc105,1,53,5,1024,qaoa,10,828.94,inf,14821160.912271824,inf,inf,inf,3.701098400000774,0,,
fixed_budget,pdp_100,lc105,1,53,5,1024,efficient_su2,10,828.94,inf,14821160.912271824,inf,inf,inf,3.674046400003135,0,,
fixed_budget,pdp_100,lc105,1,53,5,1024,hybrid_alns,10,828.94,inf,14821160.912271824,inf,inf,inf,3.4579995999993116,0,,
time_to_target,pdp_100,lc105,1,,5,1024,ropke_distance_fixed_k,,,,,,,,,,0.08171159999983502,0
time_to_target,pdp_100,lc105,1,,5,1024,qaoa,,,,,,,,,,0.06868350000149803,0
time_to_target,pdp_100,lc105,1,,5,1024,efficient_su2,,,,,,,,,,0.06129250000230968,0
time_to_target,pdp_100,lc105,1,,5,1024,hybrid_alns,,,,,,,,,,0.055448499999329215,0
fixed_budget,pdp_100,lc106,1,53,5,1024,ropke_distance_fixed_k,10,828.94,inf,7215047.124850627,inf,inf,inf,3.2709020000002056,0,,
fixed_budget,pdp_100,lc106,1,53,5,1024,qaoa,10,828.94,inf,7399122.480212065,inf,inf,inf,3.7271517000008316,0,,
fixed_budget,pdp_100,lc106,1,53,5,1024,efficient_su2,10,828.94,inf,6068649.154603287,inf,inf,inf,3.764114600002358,0,,
fixed_budget,pdp_100,lc106,1,53,5,1024,hybrid_alns,10,828.94,inf,7399122.480212065,inf,inf,inf,3.565720099999453,0,,
time_to_target,pdp_100,lc106,1,,5,1024,ropke_distance_fixed_k,,,,,,,,,,0.05973470000026282,0
time_to_target,pdp_100,lc106,1,,5,1024,qaoa,,,,,,,,,,0.0781779999997525,0
time_to_target,pdp_100,lc106,1,,5,1024,efficient_su2,,,,,,,,,,0.06891299999915645,0
time_to_target,pdp_100,lc106,1,,5,1024,hybrid_alns,,,,,,,,,,0.07632260000173119,0
fixed_budget,pdp_100,lc107,1,53,5,1024,ropke_distance_fixed_k,10,828.94,inf,10042155.685847528,inf,inf,inf,3.53600329999972,0,,
fixed_budget,pdp_100,lc107,1,53,5,1024,qaoa,10,828.94,inf,10042155.685847528,inf,inf,inf,3.6099170000015874,0,,
fixed_budget,pdp_100,lc107,1,53,5,1024,efficient_su2,10,828.94,inf,10042155.685847528,inf,inf,inf,4.835043600000063,0,,
fixed_budget,pdp_100,lc107,1,53,5,1024,hybrid_alns,10,828.94,inf,10042155.685847528,inf,inf,inf,3.508173300000635,0,,
time_to_target,pdp_100,lc107,1,,5,1024,ropke_distance_fixed_k,,,,,,,,,,0.06306000000040513,0
time_to_target,pdp_100,lc107,1,,5,1024,qaoa,,,,,,,,,,0.06506930000250577,0
time_to_target,pdp_100,lc107,1,,5,1024,efficient_su2,,,,,,,,,,0.08557659999860334,0
time_to_target,pdp_100,lc107,1,,5,1024,hybrid_alns,,,,,,,,,,0.06292540000140434,0
fixed_budget,pdp_100,lc108,1,53,5,1024,ropke_distance_fixed_k,10,826.44,inf,7241379.46757529,inf,inf,inf,3.4487870000011753,0,,
fixed_budget,pdp_100,lc108,1,53,5,1024,qaoa,10,826.44,inf,7241379.46757529,inf,inf,inf,3.693661699999211,0,,
fixed_budget,pdp_100,lc108,1,53,5,1024,efficient_su2,10,826.44,inf,7241379.46757529,inf,inf,inf,3.7553776999993715,0,,
fixed_budget,pdp_100,lc108,1,53,5,1024,hybrid_alns,10,826.44,inf,7241379.46757529,inf,inf,inf,3.5426198999994085,0,,
time_to_target,pdp_100,lc108,1,,5,1024,ropke_distance_fixed_k,,,,,,,,,,0.06931919999988168,0
time_to_target,pdp_100,lc108,1,,5,1024,qaoa,,,,,,,,,,0.08080630000040401,0
time_to_target,pdp_100,lc108,1,,5,1024,efficient_su2,,,,,,,,,,0.06323089999932563,0
time_to_target,pdp_100,lc108,1,,5,1024,hybrid_alns,,,,,,,,,,0.06445410000014817,0
fixed_budget,pdp_100,lc109,1,53,5,1024,ropke_distance_fixed_k,9,1000.6,inf,8228381.479505691,inf,inf,inf,4.183156700000836,0,,
fixed_budget,pdp_100,lc109,1,53,5,1024,qaoa,9,1000.6,inf,8228381.479505691,inf,inf,inf,3.8824366000008013,0,,
fixed_budget,pdp_100,lc109,1,53,5,1024,efficient_su2,9,1000.6,inf,8228381.479505691,inf,inf,inf,3.9958922999976494,0,,
fixed_budget,pdp_100,lc109,1,53,5,1024,hybrid_alns,9,1000.6,inf,8228381.479505691,inf,inf,inf,3.93068779999885,0,,
time_to_target,pdp_100,lc109,1,,5,1024,ropke_distance_fixed_k,,,,,,,,,,0.07665199999973993,0
time_to_target,pdp_100,lc109,1,,5,1024,qaoa,,,,,,,,,,0.07610240000212798,0
time_to_target,pdp_100,lc109,1,,5,1024,efficient_su2,,,,,,,,,,0.08696520000012242,0
time_to_target,pdp_100,lc109,1,,5,1024,hybrid_alns,,,,,,,,,,0.07202229999893461,0
fixed_budget,pdp_100,lc201,1,51,5,1024,ropke_distance_fixed_k,3,591.56,591.5565566715015,591.5565566715015,591.5565566715015,0.0,-5.820759514514365e-06,16.01063520000025,1,,
fixed_budget,pdp_100,lc201,1,51,5,1024,qaoa,3,591.56,591.5565566715015,591.5565566715015,591.5565566715015,0.0,-5.820759514514365e-06,16.386572600000363,1,,
fixed_budget,pdp_100,lc201,1,51,5,1024,efficient_su2,3,591.56,591.5565566715015,591.5565566715015,591.5565566715015,0.0,-5.820759514514365e-06,16.08522809999704,1,,
fixed_budget,pdp_100,lc201,1,51,5,1024,hybrid_alns,3,591.56,591.5565566715015,591.5565566715015,591.5565566715015,0.0,-5.820759514514365e-06,16.090560699998605,1,,
time_to_target,pdp_100,lc201,1,,5,1024,ropke_distance_fixed_k,,,,,,,,,,0.29883800000243355,0
time_to_target,pdp_100,lc201,1,,5,1024,qaoa,,,,,,,,,,0.30995070000062697,0
time_to_target,pdp_100,lc201,1,,5,1024,efficient_su2,,,,,,,,,,0.3125185999997484,0
time_to_target,pdp_100,lc201,1,,5,1024,hybrid_alns,,,,,,,,,,0.35640459999922314,0
fixed_budget,pdp_100,lc202,1,51,5,1024,ropke_distance_fixed_k,3,591.56,591.5565566715015,591.5565566715015,591.5565566715015,0.0,-5.820759514514365e-06,16.93749730000127,1,,
fixed_budget,pdp_100,lc202,1,51,5,1024,qaoa,3,591.56,591.5565566715015,591.5565566715015,591.5565566715015,0.0,-5.820759514514365e-06,16.17262689999916,1,,
fixed_budget,pdp_100,lc202,1,51,5,1024,efficient_su2,3,591.56,591.5565566715015,591.5565566715015,591.5565566715015,0.0,-5.820759514514365e-06,16.088566299997183,1,,
fixed_budget,pdp_100,lc202,1,51,5,1024,hybrid_alns,3,591.56,591.5565566715015,591.5565566715015,591.5565566715015,0.0,-5.820759514514365e-06,15.96368960000109,1,,
time_to_target,pdp_100,lc202,1,,5,1024,ropke_distance_fixed_k,,,,,,,,,,0.3611845000014,0
time_to_target,pdp_100,lc202,1,,5,1024,qaoa,,,,,,,,,,0.3766992000018945,0
time_to_target,pdp_100,lc202,1,,5,1024,efficient_su2,,,,,,,,,,0.3177326999975776,0
time_to_target,pdp_100,lc202,1,,5,1024,hybrid_alns,,,,,,,,,,0.3484150000003865,0
fixed_budget,pdp_100,lc203,1,51,5,1024,ropke_distance_fixed_k,3,591.17,inf,11051048.810603557,inf,inf,inf,16.13951150000139,0,,
fixed_budget,pdp_100,lc203,1,51,5,1024,qaoa,3,591.17,inf,11051048.810603557,inf,inf,inf,16.841919999998936,0,,
fixed_budget,pdp_100,lc203,1,51,5,1024,efficient_su2,3,591.17,inf,11051048.810603557,inf,inf,inf,16.959467999997287,0,,
fixed_budget,pdp_100,lc203,1,51,5,1024,hybrid_alns,3,591.17,inf,11051048.810603557,inf,inf,inf,16.11463840000215,0,,
time_to_target,pdp_100,lc203,1,,5,1024,ropke_distance_fixed_k,,,,,,,,,,0.34462730000086594,0
time_to_target,pdp_100,lc203,1,,5,1024,qaoa,,,,,,,,,,0.3343851999998151,0
time_to_target,pdp_100,lc203,1,,5,1024,efficient_su2,,,,,,,,,,0.31981029999951716,0
time_to_target,pdp_100,lc203,1,,5,1024,hybrid_alns,,,,,,,,,,0.3297335999995994,0
fixed_budget,pdp_100,lc204,1,51,5,1024,ropke_distance_fixed_k,3,590.6,inf,1850704.106332381,inf,inf,inf,16.519342899999174,0,,
fixed_budget,pdp_100,lc204,1,51,5,1024,qaoa,3,590.6,inf,1850704.106332381,inf,inf,inf,15.982950800000253,0,,
fixed_budget,pdp_100,lc204,1,51,5,1024,efficient_su2,3,590.6,inf,1850704.106332381,inf,inf,inf,16.277379300001485,0,,
fixed_budget,pdp_100,lc204,1,51,5,1024,hybrid_alns,3,590.6,inf,1850704.106332381,inf,inf,inf,16.58758989999842,0,,
time_to_target,pdp_100,lc204,1,,5,1024,ropke_distance_fixed_k,,,,,,,,,,0.3137215999995533,0
time_to_target,pdp_100,lc204,1,,5,1024,qaoa,,,,,,,,,,0.30543760000000475,0
time_to_target,pdp_100,lc204,1,,5,1024,efficient_su2,,,,,,,,,,0.306771799998387,0
time_to_target,pdp_100,lc204,1,,5,1024,hybrid_alns,,,,,,,,,,0.30862379999962286,0
fixed_budget,pdp_100,lc205,1,51,5,1024,ropke_distance_fixed_k,3,588.88,inf,96496141.87522164,inf,inf,inf,16.214944600000308,0,,
fixed_budget,pdp_100,lc205,1,51,5,1024,qaoa,3,588.88,inf,85347041.40801223,inf,inf,inf,16.584084999998595,0,,
fixed_budget,pdp_100,lc205,1,51,5,1024,efficient_su2,3,588.88,inf,102978019.82668266,inf,inf,inf,16.267106299997977,0,,
fixed_budget,pdp_100,lc205,1,51,5,1024,hybrid_alns,3,588.88,inf,97677137.65782969,inf,inf,inf,15.990501799999038,0,,
time_to_target,pdp_100,lc205,1,,5,1024,ropke_distance_fixed_k,,,,,,,,,,0.3146902000007685,0
time_to_target,pdp_100,lc205,1,,5,1024,qaoa,,,,,,,,,,0.309101599999849,0
time_to_target,pdp_100,lc205,1,,5,1024,efficient_su2,,,,,,,,,,0.3149922999982664,0
time_to_target,pdp_100,lc205,1,,5,1024,hybrid_alns,,,,,,,,,,0.30742800000007264,0
fixed_budget,pdp_100,lc206,1,51,5,1024,ropke_distance_fixed_k,3,588.49,inf,38765144.202726535,inf,inf,inf,16.46551869999894,0,,
fixed_budget,pdp_100,lc206,1,51,5,1024,qaoa,3,588.49,inf,38765144.202726535,inf,inf,inf,16.466923600000882,0,,
fixed_budget,pdp_100,lc206,1,51,5,1024,efficient_su2,3,588.49,inf,38765144.202726535,inf,inf,inf,16.424152200001117,0,,
fixed_budget,pdp_100,lc206,1,51,5,1024,hybrid_alns,3,588.49,inf,38765144.202726535,inf,inf,inf,16.605597300000227,0,,
time_to_target,pdp_100,lc206,1,,5,1024,ropke_distance_fixed_k,,,,,,,,,,0.3562622999997984,0
time_to_target,pdp_100,lc206,1,,5,1024,qaoa,,,,,,,,,,0.31815609999830485,0
time_to_target,pdp_100,lc206,1,,5,1024,efficient_su2,,,,,,,,,,0.3131905000009283,0
time_to_target,pdp_100,lc206,1,,5,1024,hybrid_alns,,,,,,,,,,0.31569840000156546,0
fixed_budget,pdp_100,lc207,1,51,5,1024,ropke_distance_fixed_k,3,588.29,inf,17395669.984119877,inf,inf,inf,16.298740700000053,0,,
fixed_budget,pdp_100,lc207,1,51,5,1024,qaoa,3,588.29,inf,19224457.408220775,inf,inf,inf,16.315582900002482,0,,
fixed_budget,pdp_100,lc207,1,51,5,1024,efficient_su2,3,588.29,inf,17983699.51477135,inf,inf,inf,16.132099400001607,0,,
fixed_budget,pdp_100,lc207,1,51,5,1024,hybrid_alns,3,588.29,inf,17983699.51477135,inf,inf,inf,15.974734399998852,0,,
time_to_target,pdp_100,lc207,1,,5,1024,ropke_distance_fixed_k,,,,,,,,,,0.3416197000005923,0
time_to_target,pdp_100,lc207,1,,5,1024,qaoa,,,,,,,,,,0.31255870000313735,0
time_to_target,pdp_100,lc207,1,,5,1024,efficient_su2,,,,,,,,,,0.32545329999993555,0
time_to_target,pdp_100,lc207,1,,5,1024,hybrid_alns,,,,,,,,,,0.31313719999889145,0
fixed_budget,pdp_100,lc208,1,51,5,1024,ropke_distance_fixed_k,3,588.32,inf,41738455.39110426,inf,inf,inf,16.0336939000008,0,,
fixed_budget,pdp_100,lc208,1,51,5,1024,qaoa,3,588.32,inf,37702031.679405145,inf,inf,inf,15.914375399999699,0,,
fixed_budget,pdp_100,lc208,1,51,5,1024,efficient_su2,3,588.32,inf,37702031.679405145,inf,inf,inf,16.074166200000036,0,,
fixed_budget,pdp_100,lc208,1,51,5,1024,hybrid_alns,3,588.32,inf,41738455.39110426,inf,inf,inf,16.015110899999854,0,,
time_to_target,pdp_100,lc208,1,,5,1024,ropke_distance_fixed_k,,,,,,,,,,0.3375819000029878,0
time_to_target,pdp_100,lc208,1,,5,1024,qaoa,,,,,,,,,,0.30595760000142036,0
time_to_target,pdp_100,lc208,1,,5,1024,efficient_su2,,,,,,,,,,0.3260895999992499,0
time_to_target,pdp_100,lc208,1,,5,1024,hybrid_alns,,,,,,,,,,0.315146699998877,0
fixed_budget,pdp_100,lr101,1,53,5,1024,ropke_distance_fixed_k,19,1650.8,inf,568226.6635259885,inf,inf,inf,1.9583294000003661,0,,
fixed_budget,pdp_100,lr101,1,53,5,1024,qaoa,19,1650.8,inf,568226.6635259885,inf,inf,inf,2.187090499999613,0,,
fixed_budget,pdp_100,lr101,1,53,5,1024,efficient_su2,19,1650.8,inf,550390.6491635877,inf,inf,inf,2.051147199999832,0,,
fixed_budget,pdp_100,lr101,1,53,5,1024,hybrid_alns,19,1650.8,inf,568226.6635259885,inf,inf,inf,2.1252477999987605,0,,
time_to_target,pdp_100,lr101,1,,5,1024,ropke_distance_fixed_k,,,,,,,,,,0.03577769999901648,0
time_to_target,pdp_100,lr101,1,,5,1024,qaoa,,,,,,,,,,0.056866399998398265,0
time_to_target,pdp_100,lr101,1,,5,1024,efficient_su2,,,,,,,,,,0.03831200000058743,0
time_to_target,pdp_100,lr101,1,,5,1024,hybrid_alns,,,,,,,,,,0.03719039999850793,0
fixed_budget,pdp_100,lr102,1,55,5,1024,ropke_distance_fixed_k,17,1487.57,inf,51098.801177267276,inf,inf,inf,2.329313300000649,0,,
fixed_budget,pdp_100,lr102,1,55,5,1024,qaoa,17,1487.57,inf,51098.801177267276,inf,inf,inf,2.533558399998583,0,,
fixed_budget,pdp_100,lr102,1,55,5,1024,efficient_su2,17,1487.57,inf,51098.801177267276,inf,inf,inf,2.5503848000007565,0,,
fixed_budget,pdp_100,lr102,1,55,5,1024,hybrid_alns,17,1487.57,inf,51098.801177267276,inf,inf,inf,2.442079600001307,0,,
time_to_target,pdp_100,lr102,1,,5,1024,ropke_distance_fixed_k,,,,,,,,,,0.05545239999992191,0
time_to_target,pdp_100,lr102,1,,5,1024,qaoa,,,,,,,,,,0.043466899998747976,0
time_to_target,pdp_100,lr102,1,,5,1024,efficient_su2,,,,,,,,,,0.043224700002610916,0
time_to_target,pdp_100,lr102,1,,5,1024,hybrid_alns,,,,,,,,,,0.043936100002611056,0
fixed_budget,pdp_100,lr103,1,52,5,1024,ropke_distance_fixed_k,13,1292.68,inf,1307935.3799382285,inf,inf,inf,2.3993328000033216,0,,
fixed_budget,pdp_100,lr103,1,52,5,1024,qaoa,13,1292.68,inf,1307935.3799382285,inf,inf,inf,2.5810329000014463,0,,
fixed_budget,pdp_100,lr103,1,52,5,1024,efficient_su2,13,1292.68,inf,1253900.3986966885,inf,inf,inf,2.6731349999972736,0,,
fixed_budget,pdp_100,lr103,1,52,5,1024,hybrid_alns,13,1292.68,inf,1307935.3799382285,inf,inf,inf,2.6130759000006947,0,,
time_to_target,pdp_100,lr103,1,,5,1024,ropke_distance_fixed_k,,,,,,,,,,0.07260900000255788,0
time_to_target,pdp_100,lr103,1,,5,1024,qaoa,,,,,,,,,,0.04823000000033062,0
time_to_target,pdp_100,lr103,1,,5,1024,efficient_su2,,,,,,,,,,0.0584086999988358,0
time_to_target,pdp_100,lr103,1,,5,1024,hybrid_alns,,,,,,,,,,0.04807570000048145,0
fixed_budget,pdp_100,lr104,1,52,5,1024,ropke_distance_fixed_k,9,1013.39,inf,3456044.143823253,inf,inf,inf,3.753697199997987,0,,
fixed_budget,pdp_100,lr104,1,52,5,1024,qaoa,9,1013.39,inf,3805397.3065616004,inf,inf,inf,3.834050000001298,0,,
fixed_budget,pdp_100,lr104,1,52,5,1024,efficient_su2,9,1013.39,inf,3805397.3065616004,inf,inf,inf,3.919904400001542,0,,
fixed_budget,pdp_100,lr104,1,52,5,1024,hybrid_alns,9,1013.39,inf,3805397.3065616004,inf,inf,inf,3.9092258000018774,0,,
time_to_target,pdp_100,lr104,1,,5,1024,ropke_distance_fixed_k,,,,,,,,,,0.08692840000003343,0
time_to_target,pdp_100,lr104,1,,5,1024,qaoa,,,,,,,,,,0.06642140000258223,0
time_to_target,pdp_100,lr104,1,,5,1024,efficient_su2,,,,,,,,,,0.07008459999997285,0
time_to_target,pdp_100,lr104,1,,5,1024,hybrid_alns,,,,,,,,,,0.07249840000076802,0
fixed_budget,pdp_100,lr105,1,53,5,1024,ropke_distance_fixed_k,14,1377.11,inf,1119913.210117896,inf,inf,inf,2.381683299998258,0,,
fixed_budget,pdp_100,lr105,1,53,5,1024,qaoa,14,1377.11,inf,997031.3167280428,inf,inf,inf,2.5951783999989857,0,,
fixed_budget,pdp_100,lr105,1,53,5,1024,efficient_su2,14,1377.11,inf,1144290.5947277558,inf,inf,inf,2.5092358000001695,0,,
fixed_budget,pdp_100,lr105,1,53,5,1024,hybrid_alns,14,1377.11,inf,1232221.1856514919,inf,inf,inf,2.5376281999997445,0,,
time_to_target,pdp_100,lr105,1,,5,1024,ropke_distance_fixed_k,,,,,,,,,,0.05996600000071339,0
time_to_target,pdp_100,lr105,1,,5,1024,qaoa,,,,,,,,,,0.04328499999974156,0
time_to_target,pdp_100,lr105,1,,5,1024,efficient_su2,,,,,,,,,,0.05243470000277739,0
time_to_target,pdp_100,lr105,1,,5,1024,hybrid_alns,,,,,,,,,,0.04064959999959683,0
fixed_budget,pdp_100,lr106,1,52,5,1024,ropke_distance_fixed_k,12,1252.62,inf,1926959.9843473407,inf,inf,inf,2.7062643999997817,0,,
fixed_budget,pdp_100,lr106,1,52,5,1024,qaoa,12,1252.62,inf,1926959.9843473407,inf,inf,inf,2.829957000001741,0,,
fixed_budget,pdp_100,lr106,1,52,5,1024,efficient_su2,12,1252.62,inf,1816556.8905467421,inf,inf,inf,2.804003500001272,0,,
fixed_budget,pdp_100,lr106,1,52,5,1024,hybrid_alns,12,1252.62,inf,1926959.9843473407,inf,inf,inf,2.9091990000015358,0,,
time_to_target,pdp_100,lr106,1,,5,1024,ropke_distance_fixed_k,,,,,,,,,,0.04805580000174814,0
time_to_target,pdp_100,lr106,1,,5,1024,qaoa,,,,,,,,,,0.048724800002673874,0
time_to_target,pdp_100,lr106,1,,5,1024,efficient_su2,,,,,,,,,,0.052288800001406344,0
time_to_target,pdp_100,lr106,1,,5,1024,hybrid_alns,,,,,,,,,,0.05485110000154236,0
fixed_budget,pdp_100,lr107,1,52,5,1024,ropke_distance_fixed_k,10,1111.31,inf,2829060.2057672767,inf,inf,inf,3.311854300001869,0,,
fixed_budget,pdp_100,lr107,1,52,5,1024,qaoa,10,1111.31,inf,2633524.9873784278,inf,inf,inf,3.4513745000003837,0,,
fixed_budget,pdp_100,lr107,1,52,5,1024,efficient_su2,10,1111.31,inf,2922812.7410410736,inf,inf,inf,3.6614941999978328,0,,
fixed_budget,pdp_100,lr107,1,52,5,1024,hybrid_alns,10,1111.31,inf,2803869.335926602,inf,inf,inf,3.444878999998764,0,,
time_to_target,pdp_100,lr107,1,,5,1024,ropke_distance_fixed_k,,,,,,,,,,0.07472990000314894,0
time_to_target,pdp_100,lr107,1,,5,1024,qaoa,,,,,,,,,,0.06688209999992978,0
time_to_target,pdp_100,lr107,1,,5,1024,efficient_su2,,,,,,,,,,0.06761279999773251,0
time_to_target,pdp_100,lr107,1,,5,1024,hybrid_alns,,,,,,,,,,0.06550219999917317,0
fixed_budget,pdp_100,lr108,1,50,5,1024,ropke_distance_fixed_k,9,968.97,inf,5467038.484903058,inf,inf,inf,3.480347199998505,0,,
fixed_budget,pdp_100,lr108,1,50,5,1024,qaoa,9,968.97,inf,6294979.638397027,inf,inf,inf,3.40091190000021,0,,
fixed_budget,pdp_100,lr108,1,50,5,1024,efficient_su2,9,968.97,inf,6294979.638397027,inf,inf,inf,3.425602899998921,0,,
fixed_budget,pdp_100,lr108,1,50,5,1024,hybrid_alns,9,968.97,inf,6219041.915444401,inf,inf,inf,3.449228599998605,0,,
time_to_target,pdp_100,lr108,1,,5,1024,ropke_distance_fixed_k,,,,,,,,,,0.08561310000004596,0
time_to_target,pdp_100,lr108,1,,5,1024,qaoa,,,,,,,,,,0.06738469999982044,0
time_to_target,pdp_100,lr108,1,,5,1024,efficient_su2,,,,,,,,,,0.060437199997977586,0
time_to_target,pdp_100,lr108,1,,5,1024,hybrid_alns,,,,,,,,,,0.06293219999861321,0
fixed_budget,pdp_100,lr109,1,53,5,1024,ropke_distance_fixed_k,11,1208.96,inf,2720686.2558292793,inf,inf,inf,3.1734292000001005,0,,
fixed_budget,pdp_100,lr109,1,53,5,1024,qaoa,11,1208.96,inf,2720686.2558292793,inf,inf,inf,3.311728900000162,0,,
fixed_budget,pdp_100,lr109,1,53,5,1024,efficient_su2,11,1208.96,inf,2720686.2558292793,inf,inf,inf,3.2263660000025993,0,,
fixed_budget,pdp_100,lr109,1,53,5,1024,hybrid_alns,11,1208.96,inf,2720686.2558292793,inf,inf,inf,3.108172899999772,0,,
time_to_target,pdp_100,lr109,1,,5,1024,ropke_distance_fixed_k,,,,,,,,,,0.053846499999053776,0
time_to_target,pdp_100,lr109,1,,5,1024,qaoa,,,,,,,,,,0.07138800000029732,0
time_to_target,pdp_100,lr109,1,,5,1024,efficient_su2,,,,,,,,,,0.05846420000307262,0
time_to_target,pdp_100,lr109,1,,5,1024,hybrid_alns,,,,,,,,,,0.057558200001949444,0
fixed_budget,pdp_100,lr110,1,52,5,1024,ropke_distance_fixed_k,10,1159.35,inf,6261637.554660496,inf,inf,inf,3.5374115999984497,0,,
fixed_budget,pdp_100,lr110,1,52,5,1024,qaoa,10,1159.35,inf,6261637.554660496,inf,inf,inf,3.5900053000004846,0,,
fixed_budget,pdp_100,lr110,1,52,5,1024,efficient_su2,10,1159.35,inf,6261637.554660496,inf,inf,inf,3.5514236999988498,0,,
fixed_budget,pdp_100,lr110,1,52,5,1024,hybrid_alns,10,1159.35,inf,6261637.554660496,inf,inf,inf,3.5148910999996588,0,,
time_to_target,pdp_100,lr110,1,,5,1024,ropke_distance_fixed_k,,,,,,,,,,0.053203699997538934,0
time_to_target,pdp_100,lr110,1,,5,1024,qaoa,,,,,,,,,,0.06061030000273604,0
time_to_target,pdp_100,lr110,1,,5,1024,efficient_su2,,,,,,,,,,0.0667673999996623,0
time_to_target,pdp_100,lr110,1,,5,1024,hybrid_alns,,,,,,,,,,0.07274580000012065,0
fixed_budget,pdp_100,lr111,1,54,5,1024,ropke_distance_fixed_k,10,1108.9,inf,5155344.518481427,inf,inf,inf,3.8503486000008706,0,,
fixed_budget,pdp_100,lr111,1,54,5,1024,qaoa,10,1108.9,inf,5155344.518481427,inf,inf,inf,3.9437481999993906,0,,
fixed_budget,pdp_100,lr111,1,54,5,1024,efficient_su2,10,1108.9,inf,5155344.518481427,inf,inf,inf,4.067325300002267,0,,
fixed_budget,pdp_100,lr111,1,54,5,1024,hybrid_alns,10,1108.9,inf,4872541.327510658,inf,inf,inf,3.8767821000001277,0,,
time_to_target,pdp_100,lr111,1,,5,1024,ropke_distance_fixed_k,,,,,,,,,,0.08261780000248109,0
time_to_target,pdp_100,lr111,1,,5,1024,qaoa,,,,,,,,,,0.07269610000003013,0
time_to_target,pdp_100,lr111,1,,5,1024,efficient_su2,,,,,,,,,,0.08137809999971068,0
time_to_target,pdp_100,lr111,1,,5,1024,hybrid_alns,,,,,,,,,,0.0698225000014645,0
fixed_budget,pdp_100,lr112,1,53,5,1024,ropke_distance_fixed_k,9,1003.77,inf,8614265.26116121,inf,inf,inf,3.814786200000526,0,,
fixed_budget,pdp_100,lr112,1,53,5,1024,qaoa,9,1003.77,inf,8750317.832524102,inf,inf,inf,3.974714699998003,0,,
fixed_budget,pdp_100,lr112,1,53,5,1024,efficient_su2,9,1003.77,inf,8614547.341122545,inf,inf,inf,3.827966100001504,0,,
fixed_budget,pdp_100,lr112,1,53,5,1024,hybrid_alns,9,1003.77,inf,8750317.832524102,inf,inf,inf,4.012387599999784,0,,
time_to_target,pdp_100,lr112,1,,5,1024,ropke_distance_fixed_k,,,,,,,,,,0.07684570000128588,0
time_to_target,pdp_100,lr112,1,,5,1024,qaoa,,,,,,,,,,0.08139459999802057,0
time_to_target,pdp_100,lr112,1,,5,1024,efficient_su2,,,,,,,,,,0.08109020000119926,0
time_to_target,pdp_100,lr112,1,,5,1024,hybrid_alns,,,,,,,,,,0.06974479999917094,0
fixed_budget,pdp_100,lr201,1,51,5,1024,ropke_distance_fixed_k,4,1253.23,inf,1145469.1223547522,inf,inf,inf,10.422482699999819,0,,
fixed_budget,pdp_100,lr201,1,51,5,1024,qaoa,4,1253.23,inf,1145469.1223547522,inf,inf,inf,10.57935059999727,0,,
fixed_budget,pdp_100,lr201,1,51,5,1024,efficient_su2,4,1253.23,inf,1145469.1223547522,inf,inf,inf,10.505231600000116,0,,
fixed_budget,pdp_100,lr201,1,51,5,1024,hybrid_alns,4,1253.23,inf,1145469.1223547522,inf,inf,inf,10.278650699998252,0,,
time_to_target,pdp_100,lr201,1,,5,1024,ropke_distance_fixed_k,,,,,,,,,,0.2225953999986814,0
time_to_target,pdp_100,lr201,1,,5,1024,qaoa,,,,,,,,,,0.2149498999970092,0
time_to_target,pdp_100,lr201,1,,5,1024,efficient_su2,,,,,,,,,,0.2633378000027733,0
time_to_target,pdp_100,lr201,1,,5,1024,hybrid_alns,,,,,,,,,,0.2270368999998027,0
fixed_budget,pdp_100,lr202,1,50,5,1024,ropke_distance_fixed_k,3,1197.67,inf,3572028.996853761,inf,inf,inf,15.935304300001008,0,,
fixed_budget,pdp_100,lr202,1,50,5,1024,qaoa,3,1197.67,inf,3572028.996853761,inf,inf,inf,16.510168000000704,0,,
fixed_budget,pdp_100,lr202,1,50,5,1024,efficient_su2,3,1197.67,inf,3572028.996853761,inf,inf,inf,16.30205620000197,0,,
fixed_budget,pdp_100,lr202,1,50,5,1024,hybrid_alns,3,1197.67,inf,3187905.1670918143,inf,inf,inf,15.599187300002086,0,,
time_to_target,pdp_100,lr202,1,,5,1024,ropke_distance_fixed_k,,,,,,,,,,0.3301763999988907,0
time_to_target,pdp_100,lr202,1,,5,1024,qaoa,,,,,,,,,,0.32951759999923524,0
time_to_target,pdp_100,lr202,1,,5,1024,efficient_su2,,,,,,,,,,0.3358399999997346,0
time_to_target,pdp_100,lr202,1,,5,1024,hybrid_alns,,,,,,,,,,0.3019936000018788,0
fixed_budget,pdp_100,lr203,1,51,5,1024,ropke_distance_fixed_k,3,949.4,inf,645361.0057225944,inf,inf,inf,16.246412399999826,0,,
fixed_budget,pdp_100,lr203,1,51,5,1024,qaoa,3,949.4,inf,645361.0057225944,inf,inf,inf,16.142455600001995,0,,
fixed_budget,pdp_100,lr203,1,51,5,1024,efficient_su2,3,949.4,inf,645361.0057225944,inf,inf,inf,16.442915199997515,0,,
fixed_budget,pdp_100,lr203,1,51,5,1024,hybrid_alns,3,949.4,inf,493603.4753435767,inf,inf,inf,16.202775000001566,0,,
time_to_target,pdp_100,lr203,1,,5,1024,ropke_distance_fixed_k,,,,,,,,,,0.31284020000020973,0
time_to_target,pdp_100,lr203,1,,5,1024,qaoa,,,,,,,,,,0.37172300000020186,0
time_to_target,pdp_100,lr203,1,,5,1024,efficient_su2,,,,,,,,,,0.34142509999946924,0
time_to_target,pdp_100,lr203,1,,5,1024,hybrid_alns,,,,,,,,,,0.3114363999993657,0
fixed_budget,pdp_100,lr204,1,50,5,1024,ropke_distance_fixed_k,2,849.05,inf,11714838.762927094,inf,inf,inf,30.61399579999852,0,,
fixed_budget,pdp_100,lr204,1,50,5,1024,qaoa,2,849.05,inf,11691084.769527074,inf,inf,inf,31.04312669999854,0,,
fixed_budget,pdp_100,lr204,1,50,5,1024,efficient_su2,2,849.05,inf,11714838.762927094,inf,inf,inf,30.563181699999404,0,,
fixed_budget,pdp_100,lr204,1,50,5,1024,hybrid_alns,2,849.05,inf,11714838.762927094,inf,inf,inf,30.80583100000149,0,,
time_to_target,pdp_100,lr204,1,,5,1024,ropke_distance_fixed_k,,,,,,,,,,0.5903087000006053,0
time_to_target,pdp_100,lr204,1,,5,1024,qaoa,,,,,,,,,,0.6786345999971672,0
time_to_target,pdp_100,lr204,1,,5,1024,efficient_su2,,,,,,,,,,0.6639771999980439,0
time_to_target,pdp_100,lr204,1,,5,1024,hybrid_alns,,,,,,,,,,0.6110799000016414,0
fixed_budget,pdp_100,lr205,1,51,5,1024,ropke_distance_fixed_k,3,1054.02,inf,7669168.990518073,inf,inf,inf,16.329920599997422,0,,
fixed_budget,pdp_100,lr205,1,51,5,1024,qaoa,3,1054.02,inf,7669168.990518073,inf,inf,inf,16.29814610000176,0,,
fixed_budget,pdp_100,lr205,1,51,5,1024,efficient_su2,3,1054.02,inf,7669168.990518073,inf,inf,inf,16.347933599998214,0,,
fixed_budget,pdp_100,lr205,1,51,5,1024,hybrid_alns,3,1054.02,inf,7669168.990518073,inf,inf,inf,16.768459699997038,0,,
time_to_target,pdp_100,lr205,1,,5,1024,ropke_distance_fixed_k,,,,,,,,,,0.3294997999983025,0
time_to_target,pdp_100,lr205,1,,5,1024,qaoa,,,,,,,,,,0.32655069999964326,0
time_to_target,pdp_100,lr205,1,,5,1024,efficient_su2,,,,,,,,,,0.3775343999986944,0
time_to_target,pdp_100,lr205,1,,5,1024,hybrid_alns,,,,,,,,,,0.3106233999969845,0
fixed_budget,pdp_100,lr206,1,50,5,1024,ropke_distance_fixed_k,3,931.63,inf,1716902.1471166946,inf,inf,inf,15.895526399999653,0,,
fixed_budget,pdp_100,lr206,1,50,5,1024,qaoa,3,931.63,inf,1716902.1471166946,inf,inf,inf,15.83675029999722,0,,
fixed_budget,pdp_100,lr206,1,50,5,1024,efficient_su2,3,931.63,inf,1716902.1471166946,inf,inf,inf,15.809442100002343,0,,
fixed_budget,pdp_100,lr206,1,50,5,1024,hybrid_alns,3,931.63,inf,1716902.1471166946,inf,inf,inf,15.918159900000319,0,,
time_to_target,pdp_100,lr206,1,,5,1024,ropke_distance_fixed_k,,,,,,,,,,0.3679216999989876,0
time_to_target,pdp_100,lr206,1,,5,1024,qaoa,,,,,,,,,,0.30272509999849717,0
time_to_target,pdp_100,lr206,1,,5,1024,efficient_su2,,,,,,,,,,0.3197010000003502,0
time_to_target,pdp_100,lr206,1,,5,1024,hybrid_alns,,,,,,,,,,0.29724809999970603,0
fixed_budget,pdp_100,lr207,1,51,5,1024,ropke_distance_fixed_k,2,903.06,inf,16060541.346584298,inf,inf,inf,34.83473380000214,0,,
fixed_budget,pdp_100,lr207,1,51,5,1024,qaoa,2,903.06,inf,17847398.301167883,inf,inf,inf,34.34373929999856,0,,
fixed_budget,pdp_100,lr207,1,51,5,1024,efficient_su2,2,903.06,inf,22366508.46041491,inf,inf,inf,34.52477210000143,0,,
fixed_budget,pdp_100,lr207,1,51,5,1024,hybrid_alns,2,903.06,inf,25338868.71379877,inf,inf,inf,34.5647026000006,0,,
time_to_target,pdp_100,lr207,1,,5,1024,ropke_distance_fixed_k,,,,,,,,,,0.7146788999998535,0
time_to_target,pdp_100,lr207,1,,5,1024,qaoa,,,,,,,,,,0.6390235999970173,0
time_to_target,pdp_100,lr207,1,,5,1024,efficient_su2,,,,,,,,,,0.8001923999981955,0
time_to_target,pdp_100,lr207,1,,5,1024,hybrid_alns,,,,,,,,,,0.8006654999990133,0
fixed_budget,pdp_100,lr208,1,50,5,1024,ropke_distance_fixed_k,2,734.85,inf,4178333.3189451676,inf,inf,inf,30.863473900000827,0,,
fixed_budget,pdp_100,lr208,1,50,5,1024,qaoa,2,734.85,inf,4178333.3189451676,inf,inf,inf,31.38912039999923,0,,
fixed_budget,pdp_100,lr208,1,50,5,1024,efficient_su2,2,734.85,inf,4178333.3189451676,inf,inf,inf,31.266239900000073,0,,
fixed_budget,pdp_100,lr208,1,50,5,1024,hybrid_alns,2,734.85,inf,4178333.3189451676,inf,inf,inf,31.379020199998195,0,,
time_to_target,pdp_100,lr208,1,,5,1024,ropke_distance_fixed_k,,,,,,,,,,0.5863882999983616,0
time_to_target,pdp_100,lr208,1,,5,1024,qaoa,,,,,,,,,,0.5853002000003471,0
time_to_target,pdp_100,lr208,1,,5,1024,efficient_su2,,,,,,,,,,0.5949248000033549,0
time_to_target,pdp_100,lr208,1,,5,1024,hybrid_alns,,,,,,,,,,0.6084932999983721,0
fixed_budget,pdp_100,lr209,1,51,5,1024,ropke_distance_fixed_k,3,930.59,inf,3619338.713267274,inf,inf,inf,16.6490707999983,0,,
fixed_budget,pdp_100,lr209,1,51,5,1024,qaoa,3,930.59,inf,4629078.1290539075,inf,inf,inf,16.642512599999463,0,,
fixed_budget,pdp_100,lr209,1,51,5,1024,efficient_su2,3,930.59,inf,3783689.168316162,inf,inf,inf,17.002702400001,0,,
fixed_budget,pdp_100,lr209,1,51,5,1024,hybrid_alns,3,930.59,inf,4629078.1290539075,inf,inf,inf,16.89882430000216,0,,
time_to_target,pdp_100,lr209,1,,5,1024,ropke_distance_fixed_k,,,,,,,,,,0.31175620000067283,0
time_to_target,pdp_100,lr209,1,,5,1024,qaoa,,,,,,,,,,0.3588051999977324,0
time_to_target,pdp_100,lr209,1,,5,1024,efficient_su2,,,,,,,,,,0.35450309999941965,0
time_to_target,pdp_100,lr209,1,,5,1024,hybrid_alns,,,,,,,,,,0.3510018000015407,0
fixed_budget,pdp_100,lr210,1,51,5,1024,ropke_distance_fixed_k,3,964.22,inf,260410.8122736809,inf,inf,inf,16.36209610000151,0,,
fixed_budget,pdp_100,lr210,1,51,5,1024,qaoa,3,964.22,inf,260410.8122736809,inf,inf,inf,16.283515899998747,0,,
fixed_budget,pdp_100,lr210,1,51,5,1024,efficient_su2,3,964.22,inf,260410.8122736809,inf,inf,inf,16.42154010000013,0,,
fixed_budget,pdp_100,lr210,1,51,5,1024,hybrid_alns,3,964.22,inf,260410.8122736809,inf,inf,inf,16.2087317000005,0,,
time_to_target,pdp_100,lr210,1,,5,1024,ropke_distance_fixed_k,,,,,,,,,,0.3132162000001699,0
time_to_target,pdp_100,lr210,1,,5,1024,qaoa,,,,,,,,,,0.3542334999983723,0
time_to_target,pdp_100,lr210,1,,5,1024,efficient_su2,,,,,,,,,,0.3419017000014719,0
time_to_target,pdp_100,lr210,1,,5,1024,hybrid_alns,,,,,,,,,,0.3117424000010942,0
fixed_budget,pdp_100,lr211,1,50,5,1024,ropke_distance_fixed_k,2,911.52,inf,18990547.0948482,inf,inf,inf,30.21757509999952,0,,
fixed_budget,pdp_100,lr211,1,50,5,1024,qaoa,2,911.52,inf,18779698.041987937,inf,inf,inf,31.206548699999985,0,,
fixed_budget,pdp_100,lr211,1,50,5,1024,efficient_su2,2,911.52,inf,17711511.61622741,inf,inf,inf,31.21394700000019,0,,
fixed_budget,pdp_100,lr211,1,50,5,1024,hybrid_alns,2,911.52,inf,20518937.379359026,inf,inf,inf,31.494060199998785,0,,
time_to_target,pdp_100,lr211,1,,5,1024,ropke_distance_fixed_k,,,,,,,,,,0.5849410000009811,0
time_to_target,pdp_100,lr211,1,,5,1024,qaoa,,,,,,,,,,0.6476564000004146,0
time_to_target,pdp_100,lr211,1,,5,1024,efficient_su2,,,,,,,,,,0.608651499998814,0
time_to_target,pdp_100,lr211,1,,5,1024,hybrid_alns,,,,,,,,,,0.6091694999995525,0
fixed_budget,pdp_100,lrc101,1,53,5,1024,ropke_distance_fixed_k,14,1708.8,inf,2682593.527675667,inf,inf,inf,2.543100399998366,0,,
fixed_budget,pdp_100,lrc101,1,53,5,1024,qaoa,14,1708.8,inf,2682593.527675667,inf,inf,inf,2.739868700002262,0,,
fixed_budget,pdp_100,lrc101,1,53,5,1024,efficient_su2,14,1708.8,inf,2682593.527675667,inf,inf,inf,2.7567032999977528,0,,
fixed_budget,pdp_100,lrc101,1,53,5,1024,hybrid_alns,14,1708.8,inf,2682593.527675667,inf,inf,inf,2.774284200000693,0,,
time_to_target,pdp_100,lrc101,1,,5,1024,ropke_distance_fixed_k,,,,,,,,,,0.06310079999821028,0
time_to_target,pdp_100,lrc101,1,,5,1024,qaoa,,,,,,,,,,0.06949900000108755,0
time_to_target,pdp_100,lrc101,1,,5,1024,efficient_su2,,,,,,,,,,0.060308899999654386,0
time_to_target,pdp_100,lrc101,1,,5,1024,hybrid_alns,,,,,,,,,,0.041593499998271,0
fixed_budget,pdp_100,lrc102,1,53,5,1024,ropke_distance_fixed_k,12,1558.07,inf,2879184.9099457418,inf,inf,inf,2.7490484999980254,0,,
fixed_budget,pdp_100,lrc102,1,53,5,1024,qaoa,12,1558.07,inf,2879184.9099457418,inf,inf,inf,3.021966100001009,0,,
fixed_budget,pdp_100,lrc102,1,53,5,1024,efficient_su2,12,1558.07,inf,2879184.9099457418,inf,inf,inf,2.9684293000027537,0,,
fixed_budget,pdp_100,lrc102,1,53,5,1024,hybrid_alns,12,1558.07,inf,2879184.9099457418,inf,inf,inf,3.0640740000017104,0,,
time_to_target,pdp_100,lrc102,1,,5,1024,ropke_distance_fixed_k,,,,,,,,,,0.04997129999901517,0
time_to_target,pdp_100,lrc102,1,,5,1024,qaoa,,,,,,,,,,0.06472550000034971,0
time_to_target,pdp_100,lrc102,1,,5,1024,efficient_su2,,,,,,,,,,0.0698995000020659,0
time_to_target,pdp_100,lrc102,1,,5,1024,hybrid_alns,,,,,,,,,,0.06971759999942151,0
fixed_budget,pdp_100,lrc103,1,53,5,1024,ropke_distance_fixed_k,11,1258.74,inf,1643796.3677759212,inf,inf,inf,3.1436694000003627,0,,
fixed_budget,pdp_100,lrc103,1,53,5,1024,qaoa,11,1258.74,inf,1643796.3677759212,inf,inf,inf,3.46177340000213,0,,
fixed_budget,pdp_100,lrc103,1,53,5,1024,efficient_su2,11,1258.74,inf,1643796.3677759212,inf,inf,inf,3.268915900000138,0,,
fixed_budget,pdp_100,lrc103,1,53,5,1024,hybrid_alns,11,1258.74,inf,1643796.3677759212,inf,inf,inf,3.1603183999977773,0,,
time_to_target,pdp_100,lrc103,1,,5,1024,ropke_distance_fixed_k,,,,,,,,,,0.06370479999895906,0
time_to_target,pdp_100,lrc103,1,,5,1024,qaoa,,,,,,,,,,0.07540120000339812,0
time_to_target,pdp_100,lrc103,1,,5,1024,efficient_su2,,,,,,,,,,0.07606330000271555,0
time_to_target,pdp_100,lrc103,1,,5,1024,hybrid_alns,,,,,,,,,,0.07600079999974696,0
fixed_budget,pdp_100,lrc104,1,54,5,1024,ropke_distance_fixed_k,10,1128.4,inf,4472638.746032601,inf,inf,inf,3.6623519000022497,0,,
fixed_budget,pdp_100,lrc104,1,54,5,1024,qaoa,10,1128.4,inf,4472638.746032601,inf,inf,inf,3.6099074999983713,0,,
fixed_budget,pdp_100,lrc104,1,54,5,1024,efficient_su2,10,1128.4,inf,4210196.952369233,inf,inf,inf,3.6395706000002974,0,,
fixed_budget,pdp_100,lrc104,1,54,5,1024,hybrid_alns,10,1128.4,inf,4249874.250604743,inf,inf,inf,3.513353199999983,0,,
time_to_target,pdp_100,lrc104,1,,5,1024,ropke_distance_fixed_k,,,,,,,,,,0.06131420000019716,0
time_to_target,pdp_100,lrc104,1,,5,1024,qaoa,,,,,,,,,,0.07488639999792213,0
time_to_target,pdp_100,lrc104,1,,5,1024,efficient_su2,,,,,,,,,,0.07154019999870798,0
time_to_target,pdp_100,lrc104,1,,5,1024,hybrid_alns,,,,,,,,,,0.08413560000190046,0
fixed_budget,pdp_100,lrc105,1,54,5,1024,ropke_distance_fixed_k,13,1637.62,inf,2242227.1840807376,inf,inf,inf,2.7820644000021275,0,,
fixed_budget,pdp_100,lrc105,1,54,5,1024,qaoa,13,1637.62,inf,1961971.8170468854,inf,inf,inf,3.0428570000003674,0,,
fixed_budget,pdp_100,lrc105,1,54,5,1024,efficient_su2,13,1637.62,inf,2003160.094417512,inf,inf,inf,2.9260063000001537,0,,
fixed_budget,pdp_100,lrc105,1,54,5,1024,hybrid_alns,13,1637.62,inf,2003160.094417512,inf,inf,inf,2.9731950999994297,0,,
time_to_target,pdp_100,lrc105,1,,5,1024,ropke_distance_fixed_k,,,,,,,,,,0.05025750000277185,0
time_to_target,pdp_100,lrc105,1,,5,1024,qaoa,,,,,,,,,,0.05266889999984414,0
time_to_target,pdp_100,lrc105,1,,5,1024,efficient_su2,,,,,,,,,,0.055288799998379545,0
time_to_target,pdp_100,lrc105,1,,5,1024,hybrid_alns,,,,,,,,,,0.06167800000184798,0
fixed_budget,pdp_100,lrc106,1,53,5,1024,ropke_distance_fixed_k,11,1424.73,inf,6457476.094811743,inf,inf,inf,3.0991127000015695,0,,
fixed_budget,pdp_100,lrc106,1,53,5,1024,qaoa,11,1424.73,inf,6457476.094811743,inf,inf,inf,3.266036400000303,0,,
fixed_budget,pdp_100,lrc106,1,53,5,1024,efficient_su2,11,1424.73,inf,6457476.094811743,inf,inf,inf,3.1777013999999326,0,,
fixed_budget,pdp_100,lrc106,1,53,5,1024,hybrid_alns,11,1424.73,inf,6393059.533059025,inf,inf,inf,3.1829503000008117,0,,
time_to_target,pdp_100,lrc106,1,,5,1024,ropke_distance_fixed_k,,,,,,,,,,0.06536460000279476,0
time_to_target,pdp_100,lrc106,1,,5,1024,qaoa,,,,,,,,,,0.06401680000271881,0
time_to_target,pdp_100,lrc106,1,,5,1024,efficient_su2,,,,,,,,,,0.05412219999925583,0
time_to_target,pdp_100,lrc106,1,,5,1024,hybrid_alns,,,,,,,,,,0.06573429999843938,0
fixed_budget,pdp_100,lrc107,1,53,5,1024,ropke_distance_fixed_k,11,1230.14,inf,5721349.952574204,inf,inf,inf,3.0306705000002694,0,,
fixed_budget,pdp_100,lrc107,1,53,5,1024,qaoa,11,1230.14,inf,5367012.375204539,inf,inf,inf,3.2060617999995884,0,,
fixed_budget,pdp_100,lrc107,1,53,5,1024,efficient_su2,11,1230.14,inf,5368250.656233661,inf,inf,inf,3.3903442999981053,0,,
fixed_budget,pdp_100,lrc107,1,53,5,1024,hybrid_alns,11,1230.14,inf,5751583.629402446,inf,inf,inf,3.04200629999832,0,,
time_to_target,pdp_100,lrc107,1,,5,1024,ropke_distance_fixed_k,,,,,,,,,,0.058018100000481354,0
time_to_target,pdp_100,lrc107,1,,5,1024,qaoa,,,,,,,,,,0.05605360000117798,0
time_to_target,pdp_100,lrc107,1,,5,1024,efficient_su2,,,,,,,,,,0.06598219999796129,0
time_to_target,pdp_100,lrc107,1,,5,1024,hybrid_alns,,,,,,,,,,0.06470439999975497,0
fixed_budget,pdp_100,lrc108,1,52,5,1024,ropke_distance_fixed_k,10,1147.43,inf,5818260.64367291,inf,inf,inf,3.1839230000005045,0,,
fixed_budget,pdp_100,lrc108,1,52,5,1024,qaoa,10,1147.43,inf,6260580.504956586,inf,inf,inf,3.329685900000186,0,,
fixed_budget,pdp_100,lrc108,1,52,5,1024,efficient_su2,10,1147.43,inf,7112746.897928754,inf,inf,inf,3.451629099999991,0,,
fixed_budget,pdp_100,lrc108,1,52,5,1024,hybrid_alns,10,1147.43,inf,7091885.31433866,inf,inf,inf,3.3077583000012964,0,,
time_to_target,pdp_100,lrc108,1,,5,1024,ropke_distance_fixed_k,,,,,,,,,,0.07213120000233175,0
time_to_target,pdp_100,lrc108,1,,5,1024,qaoa,,,,,,,,,,0.07335429999875487,0
time_to_target,pdp_100,lrc108,1,,5,1024,efficient_su2,,,,,,,,,,0.06733170000006794,0
time_to_target,pdp_100,lrc108,1,,5,1024,hybrid_alns,,,,,,,,,,0.07208689999970375,0
fixed_budget,pdp_100,lrc201,1,51,5,1024,ropke_distance_fixed_k,4,1406.94,inf,6700500.485394245,inf,inf,inf,10.291759899999306,0,,
fixed_budget,pdp_100,lrc201,1,51,5,1024,qaoa,4,1406.94,inf,6200143.01938381,inf,inf,inf,10.290269799999805,0,,
fixed_budget,pdp_100,lrc201,1,51,5,1024,efficient_su2,4,1406.94,inf,6700500.485394245,inf,inf,inf,10.36690169999929,0,,
fixed_budget,pdp_100,lrc201,1,51,5,1024,hybrid_alns,4,1406.94,inf,5477111.228160108,inf,inf,inf,10.177112400000624,0,,
time_to_target,pdp_100,lrc201,1,,5,1024,ropke_distance_fixed_k,,,,,,,,,,0.2156579000002239,0
time_to_target,pdp_100,lrc201,1,,5,1024,qaoa,,,,,,,,,,0.19430239999928745,0
time_to_target,pdp_100,lrc201,1,,5,1024,efficient_su2,,,,,,,,,,0.2133073000004515,0
time_to_target,pdp_100,lrc201,1,,5,1024,hybrid_alns,,,,,,,,,,0.20831550000002608,0
fixed_budget,pdp_100,lrc202,1,51,5,1024,ropke_distance_fixed_k,3,1374.27,inf,12474600.249944009,inf,inf,inf,15.961038099998405,0,,
fixed_budget,pdp_100,lrc202,1,51,5,1024,qaoa,3,1374.27,inf,12474600.249944009,inf,inf,inf,16.285177199999453,0,,
fixed_budget,pdp_100,lrc202,1,51,5,1024,efficient_su2,3,1374.27,inf,11762134.7183197,inf,inf,inf,16.080083299999387,0,,
fixed_budget,pdp_100,lrc202,1,51,5,1024,hybrid_alns,3,1374.27,inf,12474600.249944009,inf,inf,inf,16.134176399998978,0,,
time_to_target,pdp_100,lrc202,1,,5,1024,ropke_distance_fixed_k,,,,,,,,,,0.3213590000013937,0
time_to_target,pdp_100,lrc202,1,,5,1024,qaoa,,,,,,,,,,0.3058000999990327,0
time_to_target,pdp_100,lrc202,1,,5,1024,efficient_su2,,,,,,,,,,0.3095744999991439,0
time_to_target,pdp_100,lrc202,1,,5,1024,hybrid_alns,,,,,,,,,,0.3246774999970512,0
fixed_budget,pdp_100,lrc203,1,51,5,1024,ropke_distance_fixed_k,3,1089.07,inf,2467692.493003616,inf,inf,inf,16.319594399999914,0,,
fixed_budget,pdp_100,lrc203,1,51,5,1024,qaoa,3,1089.07,inf,2467692.493003616,inf,inf,inf,16.402462999998534,0,,
fixed_budget,pdp_100,lrc203,1,51,5,1024,efficient_su2,3,1089.07,inf,2467692.493003616,inf,inf,inf,16.479908200002683,0,,
fixed_budget,pdp_100,lrc203,1,51,5,1024,hybrid_alns,3,1089.07,inf,2467692.493003616,inf,inf,inf,16.28068479999638,0,,
time_to_target,pdp_100,lrc203,1,,5,1024,ropke_distance_fixed_k,,,,,,,,,,0.3196003999983077,0
time_to_target,pdp_100,lrc203,1,,5,1024,qaoa,,,,,,,,,,0.3221460999993724,0
time_to_target,pdp_100,lrc203,1,,5,1024,efficient_su2,,,,,,,,,,0.3474324000017077,0
time_to_target,pdp_100,lrc203,1,,5,1024,hybrid_alns,,,,,,,,,,0.37208429999736836,0
fixed_budget,pdp_100,lrc204,1,51,5,1024,ropke_distance_fixed_k,3,818.66,inf,73377.59550370394,inf,inf,inf,17.4326058000006,0,,
fixed_budget,pdp_100,lrc204,1,51,5,1024,qaoa,3,818.66,inf,73377.59550370394,inf,inf,inf,17.80915559999994,0,,
fixed_budget,pdp_100,lrc204,1,51,5,1024,efficient_su2,3,818.66,inf,73377.59550370394,inf,inf,inf,17.58120929999859,0,,
fixed_budget,pdp_100,lrc204,1,51,5,1024,hybrid_alns,3,818.66,inf,73377.59550370394,inf,inf,inf,17.39026979999835,0,,
time_to_target,pdp_100,lrc204,1,,5,1024,ropke_distance_fixed_k,,,,,,,,,,0.3304385999981605,0
time_to_target,pdp_100,lrc204,1,,5,1024,qaoa,,,,,,,,,,0.3784777999971993,0
time_to_target,pdp_100,lrc204,1,,5,1024,efficient_su2,,,,,,,,,,0.31323019999763346,0
time_to_target,pdp_100,lrc204,1,,5,1024,hybrid_alns,,,,,,,,,,0.4302459999998973,0
fixed_budget,pdp_100,lrc205,1,51,5,1024,ropke_distance_fixed_k,4,1302.2,inf,3227409.4028338417,inf,inf,inf,10.445503599999938,0,,
fixed_budget,pdp_100,lrc205,1,51,5,1024,qaoa,4,1302.2,inf,3420327.129647418,inf,inf,inf,10.74442210000052,0,,
fixed_budget,pdp_100,lrc205,1,51,5,1024,efficient_su2,4,1302.2,inf,3420327.129647418,inf,inf,inf,10.731606699999247,0,,
fixed_budget,pdp_100,lrc205,1,51,5,1024,hybrid_alns,4,1302.2,inf,3420327.129647418,inf,inf,inf,10.495590200000152,0,,
time_to_target,pdp_100,lrc205,1,,5,1024,ropke_distance_fixed_k,,,,,,,,,,0.23500229999990552,0
time_to_target,pdp_100,lrc205,1,,5,1024,qaoa,,,,,,,,,,0.1996118999995815,0
time_to_target,pdp_100,lrc205,1,,5,1024,efficient_su2,,,,,,,,,,0.1931509999994887,0
time_to_target,pdp_100,lrc205,1,,5,1024,hybrid_alns,,,,,,,,,,0.2012499000011303,0
fixed_budget,pdp_100,lrc206,1,51,5,1024,ropke_distance_fixed_k,3,1159.03,inf,18051821.98937867,inf,inf,inf,16.030581499999244,0,,
fixed_budget,pdp_100,lrc206,1,51,5,1024,qaoa,3,1159.03,inf,17872671.802295204,inf,inf,inf,16.032693400000426,0,,
fixed_budget,pdp_100,lrc206,1,51,5,1024,efficient_su2,3,1159.03,inf,18908507.63097166,inf,inf,inf,15.795664700002817,0,,
fixed_budget,pdp_100,lrc206,1,51,5,1024,hybrid_alns,3,1159.03,inf,17955963.286290202,inf,inf,inf,16.022864599999593,0,,
time_to_target,pdp_100,lrc206,1,,5,1024,ropke_distance_fixed_k,,,,,,,,,,0.2956116999994265,0
time_to_target,pdp_100,lrc206,1,,5,1024,qaoa,,,,,,,,,,0.30816480000066804,0
time_to_target,pdp_100,lrc206,1,,5,1024,efficient_su2,,,,,,,,,,0.3356837999999698,0
time_to_target,pdp_100,lrc206,1,,5,1024,hybrid_alns,,,,,,,,,,0.36924740000176826,0
fixed_budget,pdp_100,lrc207,1,51,5,1024,ropke_distance_fixed_k,3,1062.05,inf,14712896.980225042,inf,inf,inf,16.05333189999874,0,,
fixed_budget,pdp_100,lrc207,1,51,5,1024,qaoa,3,1062.05,inf,15577256.553891182,inf,inf,inf,16.242307299999084,0,,
fixed_budget,pdp_100,lrc207,1,51,5,1024,efficient_su2,3,1062.05,inf,14671937.511487897,inf,inf,inf,16.283714100001816,0,,
fixed_budget,pdp_100,lrc207,1,51,5,1024,hybrid_alns,3,1062.05,inf,14385361.211076071,inf,inf,inf,16.0180775000008,0,,
time_to_target,pdp_100,lrc207,1,,5,1024,ropke_distance_fixed_k,,,,,,,,,,0.32401970000137226,0
time_to_target,pdp_100,lrc207,1,,5,1024,qaoa,,,,,,,,,,0.3249778999997943,0
time_to_target,pdp_100,lrc207,1,,5,1024,efficient_su2,,,,,,,,,,0.32484699999986333,0
time_to_target,pdp_100,lrc207,1,,5,1024,hybrid_alns,,,,,,,,,,0.30962300000101095,0
fixed_budget,pdp_100,lrc208,1,51,5,1024,ropke_distance_fixed_k,3,852.76,inf,6300718.347345757,inf,inf,inf,16.48205650000091,0,,
fixed_budget,pdp_100,lrc208,1,51,5,1024,qaoa,3,852.76,inf,6300718.347345757,inf,inf,inf,16.93365790000098,0,,
fixed_budget,pdp_100,lrc208,1,51,5,1024,efficient_su2,3,852.76,inf,6300718.347345757,inf,inf,inf,17.158574100001715,0,,
fixed_budget,pdp_100,lrc208,1,51,5,1024,hybrid_alns,3,852.76,inf,6300718.347345757,inf,inf,inf,16.683977900000173,0,,
time_to_target,pdp_100,lrc208,1,,5,1024,ropke_distance_fixed_k,,,,,,,,,,0.322742800002743,0
time_to_target,pdp_100,lrc208,1,,5,1024,qaoa,,,,,,,,,,0.35301630000321893,0
time_to_target,pdp_100,lrc208,1,,5,1024,efficient_su2,,,,,,,,,,0.34345680000114953,0
time_to_target,pdp_100,lrc208,1,,5,1024,hybrid_alns,,,,,,,,,,0.322726700000203,0
