capacity_slack,elapsed_sec,final_gap_to_instance_best,final_objective,grid_capacity_slack,grid_mode,grid_tw_tightness,instance_tag,iters_to_target,k_vehicles,method,n_requests,outcome,reference_best,remove_count,seed,shots,target_eps,time_to_target_sec,tw_tightness
0.15,15.661739400000002,0.019360559136790495,335084.83478624286,0.15,alns_grid,0.15,R100_K10_tw0.15_cap0.15,,10,regret_k,100,fixed_budget,328720.6197873671,2,10,16,,,0.15
0.15,16.0270498,0.03983525864570713,341815.29069877404,0.15,alns_grid,0.15,R100_K10_tw0.15_cap0.15,,10,standard_alns,100,fixed_budget,328720.6197873671,2,10,16,,,0.15
0.15,36.95415399999999,0.09922502343521034,361337.9309894055,0.15,alns_grid,0.15,R100_K10_tw0.15_cap0.15,,10,qaoa,100,fixed_budget,328720.6197873671,2,10,16,,,0.15
0.15,30.0118607,0.1599926571930292,381313.5052212874,0.15,alns_grid,0.15,R100_K10_tw0.15_cap0.15,,10,efficient_su2,100,fixed_budget,328720.6197873671,2,10,16,,,0.15
0.15,23.055308999999994,0.0,328720.6197873671,0.15,alns_grid,0.15,R100_K10_tw0.15_cap0.15,,10,hybrid_alns,100,fixed_budget,328720.6197873671,2,10,16,,,0.15
0.15,,,,0.15,alns_grid,0.15,R100_K10_tw0.15_cap0.15,inf,10,regret_k,100,time_to_target,,2,10,16,0.01,inf,0.15
0.15,,,,0.15,alns_grid,0.15,R100_K10_tw0.15_cap0.15,inf,10,standard_alns,100,time_to_target,,2,10,16,0.01,inf,0.15
0.15,,,,0.15,alns_grid,0.15,R100_K10_tw0.15_cap0.15,inf,10,qaoa,100,time_to_target,,2,10,16,0.01,inf,0.15
0.15,,,,0.15,alns_grid,0.15,R100_K10_tw0.15_cap0.15,inf,10,efficient_su2,100,time_to_target,,2,10,16,0.01,inf,0.15
0.15,,,,0.15,alns_grid,0.15,R100_K10_tw0.15_cap0.15,90,10,hybrid_alns,100,time_to_target,,2,10,16,0.01,20.617634100000004,0.15
0.15,15.388461499999949,0.03245558198051911,304332.77038822474,0.15,alns_grid,0.15,R100_K10_tw0.15_cap0.15,,10,regret_k,100,fixed_budget,294765.9693063358,2,20,16,,,0.15
0.15,16.507644700000014,0.019923846326471463,300638.8411810686,0.15,alns_grid,0.15,R100_K10_tw0.15_cap0.15,,10,standard_alns,100,fixed_budget,294765.9693063358,2,20,16,,,0.15
0.15,30.573709699999995,0.07163607860446261,315881.84745348507,0.15,alns_grid,0.15,R100_K10_tw0.15_cap0.15,,10,qaoa,100,fixed_budget,294765.9693063358,2,20,16,,,0.15
0.15,30.400501700000007,0.0,294765.9693063358,0.15,alns_grid,0.15,R100_K10_tw0.15_cap0.15,,10,efficient_su2,100,fixed_budget,294765.9693063358,2,20,16,,,0.15
0.15,20.99231080000004,0.08242172166062028,319061.08798352553,0.15,alns_grid,0.15,R100_K10_tw0.15_cap0.15,,10,hybrid_alns,100,fixed_budget,294765.9693063358,2,20,16,,,0.15
0.15,,,,0.15,alns_grid,0.15,R100_K10_tw0.15_cap0.15,inf,10,regret_k,100,time_to_target,,2,20,16,0.01,inf,0.15
0.15,,,,0.15,alns_grid,0.15,R100_K10_tw0.15_cap0.15,inf,10,standard_alns,100,time_to_target,,2,20,16,0.01,inf,0.15
0.15,,,,0.15,alns_grid,0.15,R100_K10_tw0.15_cap0.15,inf,10,qaoa,100,time_to_target,,2,20,16,0.01,inf,0.15
0.15,,,,0.15,alns_grid,0.15,R100_K10_tw0.15_cap0.15,72,10,efficient_su2,100,time_to_target,,2,20,16,0.01,22.12099840000002,0.15
0.15,,,,0.15,alns_grid,0.15,R100_K10_tw0.15_cap0.15,inf,10,hybrid_alns,100,time_to_target,,2,20,16,0.01,inf,0.15
0.15,16.022036300000025,0.00398488611010164,289406.932934295,0.15,alns_grid,0.15,R100_K10_tw0.15_cap0.15,,10,regret_k,100,fixed_budget,288258.2566114021,2,30,16,,,0.15
0.15,15.934496599999989,0.0416923906007188,300276.4324399269,0.15,alns_grid,0.15,R100_K10_tw0.15_cap0.15,,10,standard_alns,100,fixed_budget,288258.2566114021,2,30,16,,,0.15
0.15,30.103740599999924,0.0,288258.2566114021,0.15,alns_grid,0.15,R100_K10_tw0.15_cap0.15,,10,qaoa,100,fixed_budget,288258.2566114021,2,30,16,,,0.15
0.15,29.851106500000014,0.022328113363567277,294694.51964300574,0.15,alns_grid,0.15,R100_K10_tw0.15_cap0.15,,10,efficient_su2,100,fixed_budget,288258.2566114021,2,30,16,,,0.15
0.15,21.684729100000027,0.013976874269482898,292287.2060212,0.15,alns_grid,0.15,R100_K10_tw0.15_cap0.15,,10,hybrid_alns,100,fixed_budget,288258.2566114021,2,30,16,,,0.15
0.15,,,,0.15,alns_grid,0.15,R100_K10_tw0.15_cap0.15,95,10,regret_k,100,time_to_target,,2,30,16,0.01,15.411377700000003,0.15
0.15,,,,0.15,alns_grid,0.15,R100_K10_tw0.15_cap0.15,inf,10,standard_alns,100,time_to_target,,2,30,16,0.01,inf,0.15
0.15,,,,0.15,alns_grid,0.15,R100_K10_tw0.15_cap0.15,87,10,qaoa,100,time_to_target,,2,30,16,0.01,26.48082869999996,0.15
0.15,,,,0.15,alns_grid,0.15,R100_K10_tw0.15_cap0.15,inf,10,efficient_su2,100,time_to_target,,2,30,16,0.01,inf,0.15
0.15,,,,0.15,alns_grid,0.15,R100_K10_tw0.15_cap0.15,inf,10,hybrid_alns,100,time_to_target,,2,30,16,0.01,inf,0.15
0.15,15.737881600000037,0.0,304247.7365870113,0.15,alns_grid,0.15,R100_K10_tw0.15_cap0.15,,10,regret_k,100,fixed_budget,304247.7365870113,2,40,16,,,0.15
0.15,16.387088000000062,0.04267353111677758,317231.0618414663,0.15,alns_grid,0.15,R100_K10_tw0.15_cap0.15,,10,standard_alns,100,fixed_budget,304247.7365870113,2,40,16,,,0.15
0.15,29.661280000000033,0.023666298938763257,311448.1544725216,0.15,alns_grid,0.15,R100_K10_tw0.15_cap0.15,,10,qaoa,100,fixed_budget,304247.7365870113,2,40,16,,,0.15
0.15,29.71525079999992,0.054265502059696664,320757.8927634318,0.15,alns_grid,0.15,R100_K10_tw0.15_cap0.15,,10,efficient_su2,100,fixed_budget,304247.7365870113,2,40,16,,,0.15
0.15,21.185822700000017,0.023037958631636723,311256.983356272,0.15,alns_grid,0.15,R100_K10_tw0.15_cap0.15,,10,hybrid_alns,100,fixed_budget,304247.7365870113,2,40,16,,,0.15
0.15,,,,0.15,alns_grid,0.15,R100_K10_tw0.15_cap0.15,82,10,regret_k,100,time_to_target,,2,40,16,0.01,13.255771500000037,0.15
0.15,,,,0.15,alns_grid,0.15,R100_K10_tw0.15_cap0.15,inf,10,standard_alns,100,time_to_target,,2,40,16,0.01,inf,0.15
0.15,,,,0.15,alns_grid,0.15,R100_K10_tw0.15_cap0.15,inf,10,qaoa,100,time_to_target,,2,40,16,0.01,inf,0.15
0.15,,,,0.15,alns_grid,0.15,R100_K10_tw0.15_cap0.15,inf,10,efficient_su2,100,time_to_target,,2,40,16,0.01,inf,0.15
0.15,,,,0.15,alns_grid,0.15,R100_K10_tw0.15_cap0.15,inf,10,hybrid_alns,100,time_to_target,,2,40,16,0.01,inf,0.15
0.15,15.865980100000002,0.0,348167.063142069,0.15,alns_grid,0.15,R100_K10_tw0.15_cap0.15,,10,regret_k,100,fixed_budget,348167.063142069,2,50,16,,,0.15
0.15,16.256091099999935,0.12432623891899644,391453.36461799516,0.15,alns_grid,0.15,R100_K10_tw0.15_cap0.15,,10,standard_alns,100,fixed_budget,348167.063142069,2,50,16,,,0.15
0.15,30.276178800000025,0.0730126216298444,373587.653187235,0.15,alns_grid,0.15,R100_K10_tw0.15_cap0.15,,10,qaoa,100,fixed_budget,348167.063142069,2,50,16,,,0.15
0.15,29.78273869999998,0.07617562289975582,374688.9060500947,0.15,alns_grid,0.15,R100_K10_tw0.15_cap0.15,,10,efficient_su2,100,fixed_budget,348167.063142069,2,50,16,,,0.15
0.15,23.51262029999998,0.11282720046316631,387449.7781698711,0.15,alns_grid,0.15,R100_K10_tw0.15_cap0.15,,10,hybrid_alns,100,fixed_budget,348167.063142069,2,50,16,,,0.15
0.15,,,,0.15,alns_grid,0.15,R100_K10_tw0.15_cap0.15,65,10,regret_k,100,time_to_target,,2,50,16,0.01,10.48095920000003,0.15
0.15,,,,0.15,alns_grid,0.15,R100_K10_tw0.15_cap0.15,inf,10,standard_alns,100,time_to_target,,2,50,16,0.01,inf,0.15
0.15,,,,0.15,alns_grid,0.15,R100_K10_tw0.15_cap0.15,inf,10,qaoa,100,time_to_target,,2,50,16,0.01,inf,0.15
0.15,,,,0.15,alns_grid,0.15,R100_K10_tw0.15_cap0.15,inf,10,efficient_su2,100,time_to_target,,2,50,16,0.01,inf,0.15
0.15,,,,0.15,alns_grid,0.15,R100_K10_tw0.15_cap0.15,inf,10,hybrid_alns,100,time_to_target,,2,50,16,0.01,inf,0.15
0.15,25.857353800000055,0.0,391601.3608420613,0.15,alns_grid,0.15,R150_K15_tw0.15_cap0.15,,15,regret_k,150,fixed_budget,391601.3608420613,2,10,16,,,0.15
0.15,25.72882750000008,0.030960889979505364,403725.6874909169,0.15,alns_grid,0.15,R150_K15_tw0.15_cap0.15,,15,standard_alns,150,fixed_budget,391601.3608420613,2,10,16,,,0.15
0.15,39.18861700000002,0.05042641706295812,411348.414386305,0.15,alns_grid,0.15,R150_K15_tw0.15_cap0.15,,15,qaoa,150,fixed_budget,391601.3608420613,2,10,16,,,0.15
0.15,38.712050999999974,0.08346240437296079,424285.35197366314,0.15,alns_grid,0.15,R150_K15_tw0.15_cap0.15,,15,efficient_su2,150,fixed_budget,391601.3608420613,2,10,16,,,0.15
0.15,32.419988500000045,0.10179909052650062,431466.0232247231,0.15,alns_grid,0.15,R150_K15_tw0.15_cap0.15,,15,hybrid_alns,150,fixed_budget,391601.3608420613,2,10,16,,,0.15
0.15,,,,0.15,alns_grid,0.15,R150_K15_tw0.15_cap0.15,81,15,regret_k,150,time_to_target,,2,10,16,0.01,21.1684487,0.15
0.15,,,,0.15,alns_grid,0.15,R150_K15_tw0.15_cap0.15,inf,15,standard_alns,150,time_to_target,,2,10,16,0.01,inf,0.15
0.15,,,,0.15,alns_grid,0.15,R150_K15_tw0.15_cap0.15,inf,15,qaoa,150,time_to_target,,2,10,16,0.01,inf,0.15
0.15,,,,0.15,alns_grid,0.15,R150_K15_tw0.15_cap0.15,inf,15,efficient_su2,150,time_to_target,,2,10,16,0.01,inf,0.15
0.15,,,,0.15,alns_grid,0.15,R150_K15_tw0.15_cap0.15,inf,15,hybrid_alns,150,time_to_target,,2,10,16,0.01,inf,0.15
0.15,25.203665499999943,0.058090945123999156,425418.8952630602,0.15,alns_grid,0.15,R150_K15_tw0.15_cap0.15,,15,regret_k,150,fixed_budget,402062.6934041145,2,20,16,,,0.15
0.15,25.585065099999838,0.031861459481185087,414872.99761890585,0.15,alns_grid,0.15,R150_K15_tw0.15_cap0.15,,15,standard_alns,150,fixed_budget,402062.6934041145,2,20,16,,,0.15
0.15,39.43881650000003,0.0,402062.6934041145,0.15,alns_grid,0.15,R150_K15_tw0.15_cap0.15,,15,qaoa,150,fixed_budget,402062.6934041145,2,20,16,,,0.15
0.15,40.04162549999978,0.04836682550516659,421509.1895381286,0.15,alns_grid,0.15,R150_K15_tw0.15_cap0.15,,15,efficient_su2,150,fixed_budget,402062.6934041145,2,20,16,,,0.15
0.15,30.14233639999975,0.04732768613143673,421091.3903627045,0.15,alns_grid,0.15,R150_K15_tw0.15_cap0.15,,15,hybrid_alns,150,fixed_budget,402062.6934041145,2,20,16,,,0.15
0.15,,,,0.15,alns_grid,0.15,R150_K15_tw0.15_cap0.15,inf,15,regret_k,150,time_to_target,,2,20,16,0.01,inf,0.15
0.15,,,,0.15,alns_grid,0.15,R150_K15_tw0.15_cap0.15,inf,15,standard_alns,150,time_to_target,,2,20,16,0.01,inf,0.15
0.15,,,,0.15,alns_grid,0.15,R150_K15_tw0.15_cap0.15,84,15,qaoa,150,time_to_target,,2,20,16,0.01,33.56371119999994,0.15
0.15,,,,0.15,alns_grid,0.15,R150_K15_tw0.15_cap0.15,inf,15,efficient_su2,150,time_to_target,,2,20,16,0.01,inf,0.15
0.15,,,,0.15,alns_grid,0.15,R150_K15_tw0.15_cap0.15,inf,15,hybrid_alns,150,time_to_target,,2,20,16,0.01,inf,0.15
0.15,25.820363899999847,0.0,348426.1918157422,0.15,alns_grid,0.15,R150_K15_tw0.15_cap0.15,,15,regret_k,150,fixed_budget,348426.1918157422,2,30,16,,,0.15
0.15,25.53358040000012,0.04025902581325091,362453.49086606485,0.15,alns_grid,0.15,R150_K15_tw0.15_cap0.15,,15,standard_alns,150,fixed_budget,348426.1918157422,2,30,16,,,0.15
0.15,39.35041520000004,0.014530077275549298,353488.8513076503,0.15,alns_grid,0.15,R150_K15_tw0.15_cap0.15,,15,qaoa,150,fixed_budget,348426.1918157422,2,30,16,,,0.15
0.15,39.913396300000386,0.10743278341712673,385858.58741793706,0.15,alns_grid,0.15,R150_K15_tw0.15_cap0.15,,15,efficient_su2,150,fixed_budget,348426.1918157422,2,30,16,,,0.15
0.15,31.222737900000084,0.07966153401344,376182.3567462453,0.15,alns_grid,0.15,R150_K15_tw0.15_cap0.15,,15,hybrid_alns,150,fixed_budget,348426.1918157422,2,30,16,,,0.15
0.15,,,,0.15,alns_grid,0.15,R150_K15_tw0.15_cap0.15,96,15,regret_k,150,time_to_target,,2,30,16,0.01,25.052524300000186,0.15
0.15,,,,0.15,alns_grid,0.15,R150_K15_tw0.15_cap0.15,inf,15,standard_alns,150,time_to_target,,2,30,16,0.01,inf,0.15
0.15,,,,0.15,alns_grid,0.15,R150_K15_tw0.15_cap0.15,inf,15,qaoa,150,time_to_target,,2,30,16,0.01,inf,0.15
0.15,,,,0.15,alns_grid,0.15,R150_K15_tw0.15_cap0.15,inf,15,efficient_su2,150,time_to_target,,2,30,16,0.01,inf,0.15
0.15,,,,0.15,alns_grid,0.15,R150_K15_tw0.15_cap0.15,inf,15,hybrid_alns,150,time_to_target,,2,30,16,0.01,inf,0.15
0.15,24.575310900000204,0.0,400127.9900199913,0.15,alns_grid,0.15,R150_K15_tw0.15_cap0.15,,15,regret_k,150,fixed_budget,400127.9900199913,2,40,16,,,0.15
0.15,25.232197400000132,0.11747755912396408,447134.04962471774,0.15,alns_grid,0.15,R150_K15_tw0.15_cap0.15,,15,standard_alns,150,fixed_budget,400127.9900199913,2,40,16,,,0.15
0.15,40.40293429999974,0.10149099515574675,440737.3779167889,0.15,alns_grid,0.15,R150_K15_tw0.15_cap0.15,,15,qaoa,150,fixed_budget,400127.9900199913,2,40,16,,,0.15
0.15,40.04408429999967,0.05865073666795743,423595.7913961329,0.15,alns_grid,0.15,R150_K15_tw0.15_cap0.15,,15,efficient_su2,150,fixed_budget,400127.9900199913,2,40,16,,,0.15
0.15,29.065575099999933,0.037171243573545454,415001.24499761756,0.15,alns_grid,0.15,R150_K15_tw0.15_cap0.15,,15,hybrid_alns,150,fixed_budget,400127.9900199913,2,40,16,,,0.15
0.15,,,,0.15,alns_grid,0.15,R150_K15_tw0.15_cap0.15,88,15,regret_k,150,time_to_target,,2,40,16,0.01,21.8016961000003,0.15
0.15,,,,0.15,alns_grid,0.15,R150_K15_tw0.15_cap0.15,inf,15,standard_alns,150,time_to_target,,2,40,16,0.01,inf,0.15
0.15,,,,0.15,alns_grid,0.15,R150_K15_tw0.15_cap0.15,inf,15,qaoa,150,time_to_target,,2,40,16,0.01,inf,0.15
0.15,,,,0.15,alns_grid,0.15,R150_K15_tw0.15_cap0.15,inf,15,efficient_su2,150,time_to_target,,2,40,16,0.01,inf,0.15
0.15,,,,0.15,alns_grid,0.15,R150_K15_tw0.15_cap0.15,inf,15,hybrid_alns,150,time_to_target,,2,40,16,0.01,inf,0.15
0.15,24.66113819999964,0.029429731290395476,456136.5738715898,0.15,alns_grid,0.15,R150_K15_tw0.15_cap0.15,,15,regret_k,150,fixed_budget,443096.3668591738,2,50,16,,,0.15
0.15,24.63614890000008,0.06673809542088079,472667.77447126695,0.15,alns_grid,0.15,R150_K15_tw0.15_cap0.15,,15,standard_alns,150,fixed_budget,443096.3668591738,2,50,16,,,0.15
0.15,39.744952399999875,0.0,443096.3668591738,0.15,alns_grid,0.15,R150_K15_tw0.15_cap0.15,,15,qaoa,150,fixed_budget,443096.3668591738,2,50,16,,,0.15
0.15,40.0394268,0.008673447898907402,446939.540111322,0.15,alns_grid,0.15,R150_K15_tw0.15_cap0.15,,15,efficient_su2,150,fixed_budget,443096.3668591738,2,50,16,,,0.15
0.15,29.78673280000021,0.053002547313754186,466581.60300817975,0.15,alns_grid,0.15,R150_K15_tw0.15_cap0.15,,15,hybrid_alns,150,fixed_budget,443096.3668591738,2,50,16,,,0.15
0.15,,,,0.15,alns_grid,0.15,R150_K15_tw0.15_cap0.15,inf,15,regret_k,150,time_to_target,,2,50,16,0.01,inf,0.15
0.15,,,,0.15,alns_grid,0.15,R150_K15_tw0.15_cap0.15,inf,15,standard_alns,150,time_to_target,,2,50,16,0.01,inf,0.15
0.15,,,,0.15,alns_grid,0.15,R150_K15_tw0.15_cap0.15,94,15,qaoa,150,time_to_target,,2,50,16,0.01,37.78183309999986,0.15
0.15,,,,0.15,alns_grid,0.15,R150_K15_tw0.15_cap0.15,99,15,efficient_su2,150,time_to_target,,2,50,16,0.01,40.0394268,0.15
0.15,,,,0.15,alns_grid,0.15,R150_K15_tw0.15_cap0.15,inf,15,hybrid_alns,150,time_to_target,,2,50,16,0.01,inf,0.15
0.15,35.0483577,0.06236091627447819,516485.6700700829,0.15,alns_grid,0.15,R200_K20_tw0.15_cap0.15,,20,regret_k,200,fixed_budget,486167.8005637779,2,10,16,,,0.15
0.15,34.66349470000023,0.023929073736173173,497801.3457116217,0.15,alns_grid,0.15,R200_K20_tw0.15_cap0.15,,20,standard_alns,200,fixed_budget,486167.8005637779,2,10,16,,,0.15
0.15,49.99714089999998,0.04341096973819674,507272.81624173775,0.15,alns_grid,0.15,R200_K20_tw0.15_cap0.15,,20,qaoa,200,fixed_budget,486167.8005637779,2,10,16,,,0.15
0.15,47.859514099999615,0.04213231816915821,506651.17702073086,0.15,alns_grid,0.15,R200_K20_tw0.15_cap0.15,,20,efficient_su2,200,fixed_budget,486167.8005637779,2,10,16,,,0.15
0.15,40.833942499999466,0.0,486167.8005637779,0.15,alns_grid,0.15,R200_K20_tw0.15_cap0.15,,20,hybrid_alns,200,fixed_budget,486167.8005637779,2,10,16,,,0.15
0.15,,,,0.15,alns_grid,0.15,R200_K20_tw0.15_cap0.15,inf,20,regret_k,200,time_to_target,,2,10,16,0.01,inf,0.15
0.15,,,,0.15,alns_grid,0.15,R200_K20_tw0.15_cap0.15,inf,20,standard_alns,200,time_to_target,,2,10,16,0.01,inf,0.15
0.15,,,,0.15,alns_grid,0.15,R200_K20_tw0.15_cap0.15,inf,20,qaoa,200,time_to_target,,2,10,16,0.01,inf,0.15
0.15,,,,0.15,alns_grid,0.15,R200_K20_tw0.15_cap0.15,inf,20,efficient_su2,200,time_to_target,,2,10,16,0.01,inf,0.15
0.15,,,,0.15,alns_grid,0.15,R200_K20_tw0.15_cap0.15,95,20,hybrid_alns,200,time_to_target,,2,10,16,0.01,38.763291299999764,0.15
0.15,35.75807429999986,0.07893417867512674,554588.5889921203,0.15,alns_grid,0.15,R200_K20_tw0.15_cap0.15,,20,regret_k,200,fixed_budget,514015.2197913735,2,20,16,,,0.15
0.15,37.275236499999664,0.03938524144104652,534259.8333272294,0.15,alns_grid,0.15,R200_K20_tw0.15_cap0.15,,20,standard_alns,200,fixed_budget,514015.2197913735,2,20,16,,,0.15
0.15,48.86659270000018,0.0,514015.2197913735,0.15,alns_grid,0.15,R200_K20_tw0.15_cap0.15,,20,qaoa,200,fixed_budget,514015.2197913735,2,20,16,,,0.15
0.15,49.677054200000384,0.11040987193453555,570767.5743809412,0.15,alns_grid,0.15,R200_K20_tw0.15_cap0.15,,20,efficient_su2,200,fixed_budget,514015.2197913735,2,20,16,,,0.15
0.15,41.04730070000005,0.0628952211480301,546344.3207136053,0.15,alns_grid,0.15,R200_K20_tw0.15_cap0.15,,20,hybrid_alns,200,fixed_budget,514015.2197913735,2,20,16,,,0.15
0.15,,,,0.15,alns_grid,0.15,R200_K20_tw0.15_cap0.15,inf,20,regret_k,200,time_to_target,,2,20,16,0.01,inf,0.15
0.15,,,,0.15,alns_grid,0.15,R200_K20_tw0.15_cap0.15,inf,20,standard_alns,200,time_to_target,,2,20,16,0.01,inf,0.15
0.15,,,,0.15,alns_grid,0.15,R200_K20_tw0.15_cap0.15,97,20,qaoa,200,time_to_target,,2,20,16,0.01,47.82750289999967,0.15
0.15,,,,0.15,alns_grid,0.15,R200_K20_tw0.15_cap0.15,inf,20,efficient_su2,200,time_to_target,,2,20,16,0.01,inf,0.15
0.15,,,,0.15,alns_grid,0.15,R200_K20_tw0.15_cap0.15,inf,20,hybrid_alns,200,time_to_target,,2,20,16,0.01,inf,0.15
0.15,33.615666200000305,0.14269637568133942,558889.4683805513,0.15,alns_grid,0.15,R200_K20_tw0.15_cap0.15,,20,regret_k,200,fixed_budget,489097.08674564597,2,30,16,,,0.15
0.15,35.50486819999969,0.05140056094291756,514236.951359919,0.15,alns_grid,0.15,R200_K20_tw0.15_cap0.15,,20,standard_alns,200,fixed_budget,489097.08674564597,2,30,16,,,0.15
0.15,48.59271330000047,0.0,489097.08674564597,0.15,alns_grid,0.15,R200_K20_tw0.15_cap0.15,,20,qaoa,200,fixed_budget,489097.08674564597,2,30,16,,,0.15
0.15,49.19491870000002,0.017543416862785727,497677.5208247989,0.15,alns_grid,0.15,R200_K20_tw0.15_cap0.15,,20,efficient_su2,200,fixed_budget,489097.08674564597,2,30,16,,,0.15
0.15,39.365694000000076,0.0811548249005198,528789.6751798432,0.15,alns_grid,0.15,R200_K20_tw0.15_cap0.15,,20,hybrid_alns,200,fixed_budget,489097.08674564597,2,30,16,,,0.15
0.15,,,,0.15,alns_grid,0.15,R200_K20_tw0.15_cap0.15,inf,20,regret_k,200,time_to_target,,2,30,16,0.01,inf,0.15
0.15,,,,0.15,alns_grid,0.15,R200_K20_tw0.15_cap0.15,inf,20,standard_alns,200,time_to_target,,2,30,16,0.01,inf,0.15
0.15,,,,0.15,alns_grid,0.15,R200_K20_tw0.15_cap0.15,97,20,qaoa,200,time_to_target,,2,30,16,0.01,47.60621590000028,0.15
0.15,,,,0.15,alns_grid,0.15,R200_K20_tw0.15_cap0.15,inf,20,efficient_su2,200,time_to_target,,2,30,16,0.01,inf,0.15
0.15,,,,0.15,alns_grid,0.15,R200_K20_tw0.15_cap0.15,inf,20,hybrid_alns,200,time_to_target,,2,30,16,0.01,inf,0.15
0.15,35.030405799999244,0.028374390380069597,557500.7741248842,0.15,alns_grid,0.15,R200_K20_tw0.15_cap0.15,,20,regret_k,200,fixed_budget,542118.4923895678,2,40,16,,,0.15
0.15,33.58940849999999,0.03032112617989346,558556.1356017655,0.15,alns_grid,0.15,R200_K20_tw0.15_cap0.15,,20,standard_alns,200,fixed_budget,542118.4923895678,2,40,16,,,0.15
0.15,48.39767709999978,0.0,542118.4923895678,0.15,alns_grid,0.15,R200_K20_tw0.15_cap0.15,,20,qaoa,200,fixed_budget,542118.4923895678,2,40,16,,,0.15
0.15,51.474151899999924,0.06235078375034315,575920.0052756118,0.15,alns_grid,0.15,R200_K20_tw0.15_cap0.15,,20,efficient_su2,200,fixed_budget,542118.4923895678,2,40,16,,,0.15
0.15,39.089664000000084,0.047453470794634786,567843.8964354076,0.15,alns_grid,0.15,R200_K20_tw0.15_cap0.15,,20,hybrid_alns,200,fixed_budget,542118.4923895678,2,40,16,,,0.15
0.15,,,,0.15,alns_grid,0.15,R200_K20_tw0.15_cap0.15,inf,20,regret_k,200,time_to_target,,2,40,16,0.01,inf,0.15
0.15,,,,0.15,alns_grid,0.15,R200_K20_tw0.15_cap0.15,inf,20,standard_alns,200,time_to_target,,2,40,16,0.01,inf,0.15
0.15,,,,0.15,alns_grid,0.15,R200_K20_tw0.15_cap0.15,94,20,qaoa,200,time_to_target,,2,40,16,0.01,45.9305260000001,0.15
0.15,,,,0.15,alns_grid,0.15,R200_K20_tw0.15_cap0.15,inf,20,efficient_su2,200,time_to_target,,2,40,16,0.01,inf,0.15
0.15,,,,0.15,alns_grid,0.15,R200_K20_tw0.15_cap0.15,inf,20,hybrid_alns,200,time_to_target,,2,40,16,0.01,inf,0.15
0.15,34.71706659999927,0.09442153016557349,550493.9875474278,0.15,alns_grid,0.15,R200_K20_tw0.15_cap0.15,,20,regret_k,200,fixed_budget,502999.96150856453,2,50,16,,,0.15
0.15,36.6132190999997,0.11977032141973332,563244.4285725588,0.15,alns_grid,0.15,R200_K20_tw0.15_cap0.15,,20,standard_alns,200,fixed_budget,502999.96150856453,2,50,16,,,0.15
0.15,48.35853759999918,0.009194575516547175,507624.83263947535,0.15,alns_grid,0.15,R200_K20_tw0.15_cap0.15,,20,qaoa,200,fixed_budget,502999.96150856453,2,50,16,,,0.15
0.15,51.229544499999975,0.0,502999.96150856453,0.15,alns_grid,0.15,R200_K20_tw0.15_cap0.15,,20,efficient_su2,200,fixed_budget,502999.96150856453,2,50,16,,,0.15
0.15,40.25619200000074,0.020029484548356832,513074.7914654244,0.15,alns_grid,0.15,R200_K20_tw0.15_cap0.15,,20,hybrid_alns,200,fixed_budget,502999.96150856453,2,50,16,,,0.15
0.15,,,,0.15,alns_grid,0.15,R200_K20_tw0.15_cap0.15,inf,20,regret_k,200,time_to_target,,2,50,16,0.01,inf,0.15
0.15,,,,0.15,alns_grid,0.15,R200_K20_tw0.15_cap0.15,inf,20,standard_alns,200,time_to_target,,2,50,16,0.01,inf,0.15
0.15,,,,0.15,alns_grid,0.15,R200_K20_tw0.15_cap0.15,98,20,qaoa,200,time_to_target,,2,50,16,0.01,47.951086099999884,0.15
0.15,,,,0.15,alns_grid,0.15,R200_K20_tw0.15_cap0.15,95,20,efficient_su2,200,time_to_target,,2,50,16,0.01,49.1936110000006,0.15
0.15,,,,0.15,alns_grid,0.15,R200_K20_tw0.15_cap0.15,inf,20,hybrid_alns,200,time_to_target,,2,50,16,0.01,inf,0.15
0.15,15.498569499999576,0.0,335084.83478624286,0.15,alns_grid,0.15,R100_K10_tw0.15_cap0.15,,10,regret_k,100,fixed_budget,335084.83478624286,2,10,128,,,0.15
0.15,16.573090899999443,0.020085826673787454,341815.29069877404,0.15,alns_grid,0.15,R100_K10_tw0.15_cap0.15,,10,standard_alns,100,fixed_budget,335084.83478624286,2,10,128,,,0.15
0.15,34.581204300000536,0.061599400339514394,355725.8596719407,0.15,alns_grid,0.15,R100_K10_tw0.15_cap0.15,,10,qaoa,100,fixed_budget,335084.83478624286,2,10,128,,,0.15
0.15,35.599463799999285,0.048559403677614535,351356.3545448748,0.15,alns_grid,0.15,R100_K10_tw0.15_cap0.15,,10,efficient_su2,100,fixed_budget,335084.83478624286,2,10,128,,,0.15
0.15,22.153879600000437,0.052131117057762175,352553.1815327654,0.15,alns_grid,0.15,R100_K10_tw0.15_cap0.15,,10,hybrid_alns,100,fixed_budget,335084.83478624286,2,10,128,,,0.15
0.15,,,,0.15,alns_grid,0.15,R100_K10_tw0.15_cap0.15,71,10,regret_k,100,time_to_target,,2,10,128,0.01,11.129968400000507,0.15
0.15,,,,0.15,alns_grid,0.15,R100_K10_tw0.15_cap0.15,inf,10,standard_alns,100,time_to_target,,2,10,128,0.01,inf,0.15
0.15,,,,0.15,alns_grid,0.15,R100_K10_tw0.15_cap0.15,inf,10,qaoa,100,time_to_target,,2,10,128,0.01,inf,0.15
0.15,,,,0.15,alns_grid,0.15,R100_K10_tw0.15_cap0.15,inf,10,efficient_su2,100,time_to_target,,2,10,128,0.01,inf,0.15
0.15,,,,0.15,alns_grid,0.15,R100_K10_tw0.15_cap0.15,inf,10,hybrid_alns,100,time_to_target,,2,10,128,0.01,inf,0.15
0.15,15.164830599998822,0.012286932695204686,304332.77038822474,0.15,alns_grid,0.15,R100_K10_tw0.15_cap0.15,,10,regret_k,100,fixed_budget,300638.8411810686,2,20,128,,,0.15
0.15,16.696202600000106,0.0,300638.8411810686,0.15,alns_grid,0.15,R100_K10_tw0.15_cap0.15,,10,standard_alns,100,fixed_budget,300638.8411810686,2,20,128,,,0.15
0.15,35.56326249999984,0.015776756862461227,305381.94708179444,0.15,alns_grid,0.15,R100_K10_tw0.15_cap0.15,,10,qaoa,100,fixed_budget,300638.8411810686,2,20,128,,,0.15
0.15,35.05481529999997,0.016673320748651913,305651.4890095836,0.15,alns_grid,0.15,R100_K10_tw0.15_cap0.15,,10,efficient_su2,100,fixed_budget,300638.8411810686,2,20,128,,,0.15
0.15,20.345307200001116,0.012075721627777048,304269.2721376687,0.15,alns_grid,0.15,R100_K10_tw0.15_cap0.15,,10,hybrid_alns,100,fixed_budget,300638.8411810686,2,20,128,,,0.15
0.15,,,,0.15,alns_grid,0.15,R100_K10_tw0.15_cap0.15,inf,10,regret_k,100,time_to_target,,2,20,128,0.01,inf,0.15
0.15,,,,0.15,alns_grid,0.15,R100_K10_tw0.15_cap0.15,96,10,standard_alns,100,time_to_target,,2,20,128,0.01,16.08888880000086,0.15
0.15,,,,0.15,alns_grid,0.15,R100_K10_tw0.15_cap0.15,inf,10,qaoa,100,time_to_target,,2,20,128,0.01,inf,0.15
0.15,,,,0.15,alns_grid,0.15,R100_K10_tw0.15_cap0.15,inf,10,efficient_su2,100,time_to_target,,2,20,128,0.01,inf,0.15
0.15,,,,0.15,alns_grid,0.15,R100_K10_tw0.15_cap0.15,inf,10,hybrid_alns,100,time_to_target,,2,20,128,0.01,inf,0.15
0.15,15.073799600000712,0.0,289406.932934295,0.15,alns_grid,0.15,R100_K10_tw0.15_cap0.15,,10,regret_k,100,fixed_budget,289406.932934295,2,30,128,,,0.15
0.15,15.55235200000061,0.03755784077259702,300276.4324399269,0.15,alns_grid,0.15,R100_K10_tw0.15_cap0.15,,10,standard_alns,100,fixed_budget,289406.932934295,2,30,128,,,0.15
0.15,35.50572710000051,0.03311354857426767,298990.2234657446,0.15,alns_grid,0.15,R100_K10_tw0.15_cap0.15,,10,qaoa,100,fixed_budget,289406.932934295,2,30,128,,,0.15
0.15,35.20705090000047,0.015147689065889949,293790.77916789654,0.15,alns_grid,0.15,R100_K10_tw0.15_cap0.15,,10,efficient_su2,100,fixed_budget,289406.932934295,2,30,128,,,0.15
0.15,22.694166699999187,0.011042068444585072,292602.5840960929,0.15,alns_grid,0.15,R100_K10_tw0.15_cap0.15,,10,hybrid_alns,100,fixed_budget,289406.932934295,2,30,128,,,0.15
0.15,,,,0.15,alns_grid,0.15,R100_K10_tw0.15_cap0.15,94,10,regret_k,100,time_to_target,,2,30,128,0.01,14.367252000000008,0.15
0.15,,,,0.15,alns_grid,0.15,R100_K10_tw0.15_cap0.15,inf,10,standard_alns,100,time_to_target,,2,30,128,0.01,inf,0.15
0.15,,,,0.15,alns_grid,0.15,R100_K10_tw0.15_cap0.15,inf,10,qaoa,100,time_to_target,,2,30,128,0.01,inf,0.15
0.15,,,,0.15,alns_grid,0.15,R100_K10_tw0.15_cap0.15,inf,10,efficient_su2,100,time_to_target,,2,30,128,0.01,inf,0.15
0.15,,,,0.15,alns_grid,0.15,R100_K10_tw0.15_cap0.15,inf,10,hybrid_alns,100,time_to_target,,2,30,128,0.01,inf,0.15
0.15,15.121730599999864,0.0,304247.7365870113,0.15,alns_grid,0.15,R100_K10_tw0.15_cap0.15,,10,regret_k,100,fixed_budget,304247.7365870113,2,40,128,,,0.15
0.15,15.265359900000476,0.04267353111677758,317231.0618414663,0.15,alns_grid,0.15,R100_K10_tw0.15_cap0.15,,10,standard_alns,100,fixed_budget,304247.7365870113,2,40,128,,,0.15
0.15,35.06766919999973,0.0644244709938381,323848.7360677021,0.15,alns_grid,0.15,R100_K10_tw0.15_cap0.15,,10,qaoa,100,fixed_budget,304247.7365870113,2,40,128,,,0.15
0.15,36.21119240000007,0.07722422993471169,327743.03375432227,0.15,alns_grid,0.15,R100_K10_tw0.15_cap0.15,,10,efficient_su2,100,fixed_budget,304247.7365870113,2,40,128,,,0.15
0.15,24.826015200000256,0.04031061030346855,316512.1485322827,0.15,alns_grid,0.15,R100_K10_tw0.15_cap0.15,,10,hybrid_alns,100,fixed_budget,304247.7365870113,2,40,128,,,0.15
0.15,,,,0.15,alns_grid,0.15,R100_K10_tw0.15_cap0.15,82,10,regret_k,100,time_to_target,,2,40,128,0.01,12.654504400001315,0.15
0.15,,,,0.15,alns_grid,0.15,R100_K10_tw0.15_cap0.15,inf,10,standard_alns,100,time_to_target,,2,40,128,0.01,inf,0.15
0.15,,,,0.15,alns_grid,0.15,R100_K10_tw0.15_cap0.15,inf,10,qaoa,100,time_to_target,,2,40,128,0.01,inf,0.15
0.15,,,,0.15,alns_grid,0.15,R100_K10_tw0.15_cap0.15,inf,10,efficient_su2,100,time_to_target,,2,40,128,0.01,inf,0.15
0.15,,,,0.15,alns_grid,0.15,R100_K10_tw0.15_cap0.15,inf,10,hybrid_alns,100,time_to_target,,2,40,128,0.01,inf,0.15
0.15,15.358709099999032,0.0,348167.063142069,0.15,alns_grid,0.15,R100_K10_tw0.15_cap0.15,,10,regret_k,100,fixed_budget,348167.063142069,2,50,128,,,0.15
0.15,15.661420000000362,0.12432623891899644,391453.36461799516,0.15,alns_grid,0.15,R100_K10_tw0.15_cap0.15,,10,standard_alns,100,fixed_budget,348167.063142069,2,50,128,,,0.15
0.15,35.49972189999971,0.031107495386584146,358997.66845252144,0.15,alns_grid,0.15,R100_K10_tw0.15_cap0.15,,10,qaoa,100,fixed_budget,348167.063142069,2,50,128,,,0.15
0.15,35.09979879999992,0.028917801918104506,358235.2893084195,0.15,alns_grid,0.15,R100_K10_tw0.15_cap0.15,,10,efficient_su2,100,fixed_budget,348167.063142069,2,50,128,,,0.15
0.15,23.60890180000024,0.01890416718884504,354748.8715133558,0.15,alns_grid,0.15,R100_K10_tw0.15_cap0.15,,10,hybrid_alns,100,fixed_budget,348167.063142069,2,50,128,,,0.15
0.15,,,,0.15,alns_grid,0.15,R100_K10_tw0.15_cap0.15,65,10,regret_k,100,time_to_target,,2,50,128,0.01,10.095098799998595,0.15
0.15,,,,0.15,alns_grid,0.15,R100_K10_tw0.15_cap0.15,inf,10,standard_alns,100,time_to_target,,2,50,128,0.01,inf,0.15
0.15,,,,0.15,alns_grid,0.15,R100_K10_tw0.15_cap0.15,inf,10,qaoa,100,time_to_target,,2,50,128,0.01,inf,0.15
0.15,,,,0.15,alns_grid,0.15,R100_K10_tw0.15_cap0.15,inf,10,efficient_su2,100,time_to_target,,2,50,128,0.01,inf,0.15
0.15,,,,0.15,alns_grid,0.15,R100_K10_tw0.15_cap0.15,inf,10,hybrid_alns,100,time_to_target,,2,50,128,0.01,inf,0.15
0.15,24.83793229999901,0.0,391601.3608420613,0.15,alns_grid,0.15,R150_K15_tw0.15_cap0.15,,15,regret_k,150,fixed_budget,391601.3608420613,2,10,128,,,0.15
0.15,25.741418300000078,0.030960889979505364,403725.6874909169,0.15,alns_grid,0.15,R150_K15_tw0.15_cap0.15,,15,standard_alns,150,fixed_budget,391601.3608420613,2,10,128,,,0.15
0.15,45.33833570000024,0.1278430408144499,441664.86959918705,0.15,alns_grid,0.15,R150_K15_tw0.15_cap0.15,,15,qaoa,150,fixed_budget,391601.3608420613,2,10,128,,,0.15
0.15,44.15278869999929,0.06522851983683478,417144.9379758792,0.15,alns_grid,0.15,R150_K15_tw0.15_cap0.15,,15,efficient_su2,150,fixed_budget,391601.3608420613,2,10,128,,,0.15
0.15,32.80450550000023,0.07583006794515114,421296.51864212845,0.15,alns_grid,0.15,R150_K15_tw0.15_cap0.15,,15,hybrid_alns,150,fixed_budget,391601.3608420613,2,10,128,,,0.15
0.15,,,,0.15,alns_grid,0.15,R150_K15_tw0.15_cap0.15,81,15,regret_k,150,time_to_target,,2,10,128,0.01,20.244270499999402,0.15
0.15,,,,0.15,alns_grid,0.15,R150_K15_tw0.15_cap0.15,inf,15,standard_alns,150,time_to_target,,2,10,128,0.01,inf,0.15
0.15,,,,0.15,alns_grid,0.15,R150_K15_tw0.15_cap0.15,inf,15,qaoa,150,time_to_target,,2,10,128,0.01,inf,0.15
0.15,,,,0.15,alns_grid,0.15,R150_K15_tw0.15_cap0.15,inf,15,efficient_su2,150,time_to_target,,2,10,128,0.01,inf,0.15
0.15,,,,0.15,alns_grid,0.15,R150_K15_tw0.15_cap0.15,inf,15,hybrid_alns,150,time_to_target,,2,10,128,0.01,inf,0.15
0.15,24.42718810000042,0.02622493918009511,425418.8952630602,0.15,alns_grid,0.15,R150_K15_tw0.15_cap0.15,,15,regret_k,150,fixed_budget,414547.4145297518,2,20,128,,,0.15
0.15,25.95285049999984,0.0007853940894152463,414872.99761890585,0.15,alns_grid,0.15,R150_K15_tw0.15_cap0.15,,15,standard_alns,150,fixed_budget,414547.4145297518,2,20,128,,,0.15
0.15,44.6134052999987,0.024670754663244605,424774.6120898977,0.15,alns_grid,0.15,R150_K15_tw0.15_cap0.15,,15,qaoa,150,fixed_budget,414547.4145297518,2,20,128,,,0.15
0.15,44.76433999999972,0.0,414547.4145297518,0.15,alns_grid,0.15,R150_K15_tw0.15_cap0.15,,15,efficient_su2,150,fixed_budget,414547.4145297518,2,20,128,,,0.15
0.15,34.842106299998704,0.03323538315342766,428325.0566869109,0.15,alns_grid,0.15,R150_K15_tw0.15_cap0.15,,15,hybrid_alns,150,fixed_budget,414547.4145297518,2,20,128,,,0.15
0.15,,,,0.15,alns_grid,0.15,R150_K15_tw0.15_cap0.15,inf,15,regret_k,150,time_to_target,,2,20,128,0.01,inf,0.15
0.15,,,,0.15,alns_grid,0.15,R150_K15_tw0.15_cap0.15,75,15,standard_alns,150,time_to_target,,2,20,128,0.01,19.486795599999823,0.15
0.15,,,,0.15,alns_grid,0.15,R150_K15_tw0.15_cap0.15,inf,15,qaoa,150,time_to_target,,2,20,128,0.01,inf,0.15
0.15,,,,0.15,alns_grid,0.15,R150_K15_tw0.15_cap0.15,82,15,efficient_su2,150,time_to_target,,2,20,128,0.01,37.5084982999997,0.15
0.15,,,,0.15,alns_grid,0.15,R150_K15_tw0.15_cap0.15,inf,15,hybrid_alns,150,time_to_target,,2,20,128,0.01,inf,0.15
0.15,25.18025989999842,0.0,348426.1918157422,0.15,alns_grid,0.15,R150_K15_tw0.15_cap0.15,,15,regret_k,150,fixed_budget,348426.1918157422,2,30,128,,,0.15
0.15,25.23739620000015,0.04025902581325091,362453.49086606485,0.15,alns_grid,0.15,R150_K15_tw0.15_cap0.15,,15,standard_alns,150,fixed_budget,348426.1918157422,2,30,128,,,0.15
0.15,44.70273359999919,0.06996041826476876,372802.23392957204,0.15,alns_grid,0.15,R150_K15_tw0.15_cap0.15,,15,qaoa,150,fixed_budget,348426.1918157422,2,30,128,,,0.15
0.15,44.46085680000033,0.06863688111082036,372341.07891929516,0.15,alns_grid,0.15,R150_K15_tw0.15_cap0.15,,15,efficient_su2,150,fixed_budget,348426.1918157422,2,30,128,,,0.15
0.15,32.49012240000047,0.07635016761188738,375028.5899612457,0.15,alns_grid,0.15,R150_K15_tw0.15_cap0.15,,15,hybrid_alns,150,fixed_budget,348426.1918157422,2,30,128,,,0.15
0.15,,,,0.15,alns_grid,0.15,R150_K15_tw0.15_cap0.15,96,15,regret_k,150,time_to_target,,2,30,128,0.01,24.36978139999883,0.15
0.15,,,,0.15,alns_grid,0.15,R150_K15_tw0.15_cap0.15,inf,15,standard_alns,150,time_to_target,,2,30,128,0.01,inf,0.15
0.15,,,,0.15,alns_grid,0.15,R150_K15_tw0.15_cap0.15,inf,15,qaoa,150,time_to_target,,2,30,128,0.01,inf,0.15
0.15,,,,0.15,alns_grid,0.15,R150_K15_tw0.15_cap0.15,inf,15,efficient_su2,150,time_to_target,,2,30,128,0.01,inf,0.15
0.15,,,,0.15,alns_grid,0.15,R150_K15_tw0.15_cap0.15,inf,15,hybrid_alns,150,time_to_target,,2,30,128,0.01,inf,0.15
0.15,24.592355200000384,0.0,400127.9900199913,0.15,alns_grid,0.15,R150_K15_tw0.15_cap0.15,,15,regret_k,150,fixed_budget,400127.9900199913,2,40,128,,,0.15
0.15,25.889810199998465,0.11747755912396408,447134.04962471774,0.15,alns_grid,0.15,R150_K15_tw0.15_cap0.15,,15,standard_alns,150,fixed_budget,400127.9900199913,2,40,128,,,0.15
0.15,44.40073039999879,0.03522105813564088,414220.92121818254,0.15,alns_grid,0.15,R150_K15_tw0.15_cap0.15,,15,qaoa,150,fixed_budget,400127.9900199913,2,40,128,,,0.15
0.15,43.73752360000071,0.11602016909478405,446550.90708166675,0.15,alns_grid,0.15,R150_K15_tw0.15_cap0.15,,15,efficient_su2,150,fixed_budget,400127.9900199913,2,40,128,,,0.15
0.15,32.930423700001484,0.047917225524279954,419301.01315635606,0.15,alns_grid,0.15,R150_K15_tw0.15_cap0.15,,15,hybrid_alns,150,fixed_budget,400127.9900199913,2,40,128,,,0.15
0.15,,,,0.15,alns_grid,0.15,R150_K15_tw0.15_cap0.15,88,15,regret_k,150,time_to_target,,2,40,128,0.01,21.798788500000228,0.15
0.15,,,,0.15,alns_grid,0.15,R150_K15_tw0.15_cap0.15,inf,15,standard_alns,150,time_to_target,,2,40,128,0.01,inf,0.15
0.15,,,,0.15,alns_grid,0.15,R150_K15_tw0.15_cap0.15,inf,15,qaoa,150,time_to_target,,2,40,128,0.01,inf,0.15
0.15,,,,0.15,alns_grid,0.15,R150_K15_tw0.15_cap0.15,inf,15,efficient_su2,150,time_to_target,,2,40,128,0.01,inf,0.15
0.15,,,,0.15,alns_grid,0.15,R150_K15_tw0.15_cap0.15,inf,15,hybrid_alns,150,time_to_target,,2,40,128,0.01,inf,0.15
0.15,24.78247669999837,0.006256638433283222,456136.5738715898,0.15,alns_grid,0.15,R150_K15_tw0.15_cap0.15,,15,regret_k,150,fixed_budget,453300.43693603174,2,50,128,,,0.15
0.15,25.281282399999327,0.04272516846915873,472667.77447126695,0.15,alns_grid,0.15,R150_K15_tw0.15_cap0.15,,15,standard_alns,150,fixed_budget,453300.43693603174,2,50,128,,,0.15
0.15,45.54743310000049,0.01918886558093363,461998.75808817573,0.15,alns_grid,0.15,R150_K15_tw0.15_cap0.15,,15,qaoa,150,fixed_budget,453300.43693603174,2,50,128,,,0.15
0.15,46.477444000000105,0.05968492739389645,480355.6406021803,0.15,alns_grid,0.15,R150_K15_tw0.15_cap0.15,,15,efficient_su2,150,fixed_budget,453300.43693603174,2,50,128,,,0.15
0.15,34.80478959999891,0.0,453300.43693603174,0.15,alns_grid,0.15,R150_K15_tw0.15_cap0.15,,15,hybrid_alns,150,fixed_budget,453300.43693603174,2,50,128,,,0.15
0.15,,,,0.15,alns_grid,0.15,R150_K15_tw0.15_cap0.15,97,15,regret_k,150,time_to_target,,2,50,128,0.01,24.216047799998705,0.15
0.15,,,,0.15,alns_grid,0.15,R150_K15_tw0.15_cap0.15,inf,15,standard_alns,150,time_to_target,,2,50,128,0.01,inf,0.15
0.15,,,,0.15,alns_grid,0.15,R150_K15_tw0.15_cap0.15,inf,15,qaoa,150,time_to_target,,2,50,128,0.01,inf,0.15
0.15,,,,0.15,alns_grid,0.15,R150_K15_tw0.15_cap0.15,inf,15,efficient_su2,150,time_to_target,,2,50,128,0.01,inf,0.15
0.15,,,,0.15,alns_grid,0.15,R150_K15_tw0.15_cap0.15,79,15,hybrid_alns,150,time_to_target,,2,50,128,0.01,27.96783890000006,0.15
0.15,36.18670199999906,0.05702187735341607,516485.6700700829,0.15,alns_grid,0.15,R200_K20_tw0.15_cap0.15,,20,regret_k,200,fixed_budget,488623.4439756969,2,10,128,,,0.15
0.15,35.22284260000015,0.018783179254045893,497801.3457116217,0.15,alns_grid,0.15,R200_K20_tw0.15_cap0.15,,20,standard_alns,200,fixed_budget,488623.4439756969,2,10,128,,,0.15
0.15,57.552758199999516,0.0,488623.4439756969,0.15,alns_grid,0.15,R200_K20_tw0.15_cap0.15,,20,qaoa,200,fixed_budget,488623.4439756969,2,10,128,,,0.15
0.15,56.997890599999664,0.03572573364476158,506079.87498775875,0.15,alns_grid,0.15,R200_K20_tw0.15_cap0.15,,20,efficient_su2,200,fixed_budget,488623.4439756969,2,10,128,,,0.15
0.15,43.962814600001366,0.007281829088183908,492181.51638320775,0.15,alns_grid,0.15,R200_K20_tw0.15_cap0.15,,20,hybrid_alns,200,fixed_budget,488623.4439756969,2,10,128,,,0.15
0.15,,,,0.15,alns_grid,0.15,R200_K20_tw0.15_cap0.15,inf,20,regret_k,200,time_to_target,,2,10,128,0.01,inf,0.15
0.15,,,,0.15,alns_grid,0.15,R200_K20_tw0.15_cap0.15,inf,20,standard_alns,200,time_to_target,,2,10,128,0.01,inf,0.15
0.15,,,,0.15,alns_grid,0.15,R200_K20_tw0.15_cap0.15,91,20,qaoa,200,time_to_target,,2,10,128,0.01,53.088056399999914,0.15
0.15,,,,0.15,alns_grid,0.15,R200_K20_tw0.15_cap0.15,inf,20,efficient_su2,200,time_to_target,,2,10,128,0.01,inf,0.15
0.15,,,,0.15,alns_grid,0.15,R200_K20_tw0.15_cap0.15,93,20,hybrid_alns,200,time_to_target,,2,10,128,0.01,41.51251200000115,0.15
0.15,35.88371779999943,0.03805031633819232,554588.5889921203,0.15,alns_grid,0.15,R200_K20_tw0.15_cap0.15,,20,regret_k,200,fixed_budget,534259.8333272294,2,20,128,,,0.15
0.15,37.45164090000071,0.0,534259.8333272294,0.15,alns_grid,0.15,R200_K20_tw0.15_cap0.15,,20,standard_alns,200,fixed_budget,534259.8333272294,2,20,128,,,0.15
0.15,56.36009419999937,0.0875114733608457,581013.6984992151,0.15,alns_grid,0.15,R200_K20_tw0.15_cap0.15,,20,qaoa,200,fixed_budget,534259.8333272294,2,20,128,,,0.15
0.15,56.828551499998866,0.0002023035767409235,534367.9160024205,0.15,alns_grid,0.15,R200_K20_tw0.15_cap0.15,,20,efficient_su2,200,fixed_budget,534259.8333272294,2,20,128,,,0.15
0.15,45.038617300000624,0.015270185206239295,542418.0799303907,0.15,alns_grid,0.15,R200_K20_tw0.15_cap0.15,,20,hybrid_alns,200,fixed_budget,534259.8333272294,2,20,128,,,0.15
0.15,,,,0.15,alns_grid,0.15,R200_K20_tw0.15_cap0.15,inf,20,regret_k,200,time_to_target,,2,20,128,0.01,inf,0.15
0.15,,,,0.15,alns_grid,0.15,R200_K20_tw0.15_cap0.15,79,20,standard_alns,200,time_to_target,,2,20,128,0.01,29.54409620000115,0.15
0.15,,,,0.15,alns_grid,0.15,R200_K20_tw0.15_cap0.15,inf,20,qaoa,200,time_to_target,,2,20,128,0.01,inf,0.15
0.15,,,,0.15,alns_grid,0.15,R200_K20_tw0.15_cap0.15,98,20,efficient_su2,200,time_to_target,,2,20,128,0.01,56.3651589000001,0.15
0.15,,,,0.15,alns_grid,0.15,R200_K20_tw0.15_cap0.15,inf,20,hybrid_alns,200,time_to_target,,2,20,128,0.01,inf,0.15
0.15,34.07578499999909,0.13929451037832472,558889.4683805513,0.15,alns_grid,0.15,R200_K20_tw0.15_cap0.15,,20,regret_k,200,fixed_budget,490557.50140932505,2,30,128,,,0.15
0.15,36.29407919999903,0.0482704879296823,514236.951359919,0.15,alns_grid,0.15,R200_K20_tw0.15_cap0.15,,20,standard_alns,200,fixed_budget,490557.50140932505,2,30,128,,,0.15
0.15,56.81708869999966,0.0,490557.50140932505,0.15,alns_grid,0.15,R200_K20_tw0.15_cap0.15,,20,qaoa,200,fixed_budget,490557.50140932505,2,30,128,,,0.15
0.15,56.984369500001776,0.11401405090334765,546487.9493460269,0.15,alns_grid,0.15,R200_K20_tw0.15_cap0.15,,20,efficient_su2,200,fixed_budget,490557.50140932505,2,30,128,,,0.15
0.15,42.92132649999985,0.08717175275948513,533320.2586364895,0.15,alns_grid,0.15,R200_K20_tw0.15_cap0.15,,20,hybrid_alns,200,fixed_budget,490557.50140932505,2,30,128,,,0.15
0.15,,,,0.15,alns_grid,0.15,R200_K20_tw0.15_cap0.15,inf,20,regret_k,200,time_to_target,,2,30,128,0.01,inf,0.15
0.15,,,,0.15,alns_grid,0.15,R200_K20_tw0.15_cap0.15,inf,20,standard_alns,200,time_to_target,,2,30,128,0.01,inf,0.15
0.15,,,,0.15,alns_grid,0.15,R200_K20_tw0.15_cap0.15,96,20,qaoa,200,time_to_target,,2,30,128,0.01,55.198721699998714,0.15
0.15,,,,0.15,alns_grid,0.15,R200_K20_tw0.15_cap0.15,inf,20,efficient_su2,200,time_to_target,,2,30,128,0.01,inf,0.15
0.15,,,,0.15,alns_grid,0.15,R200_K20_tw0.15_cap0.15,inf,20,hybrid_alns,200,time_to_target,,2,30,128,0.01,inf,0.15
0.15,35.67123309999988,0.032359570026093895,557500.7741248842,0.15,alns_grid,0.15,R200_K20_tw0.15_cap0.15,,20,regret_k,200,fixed_budget,540025.7723292988,2,40,128,,,0.15
0.15,33.92677499999991,0.0343138498604233,558556.1356017655,0.15,alns_grid,0.15,R200_K20_tw0.15_cap0.15,,20,standard_alns,200,fixed_budget,540025.7723292988,2,40,128,,,0.15
0.15,55.995866500001284,0.07964647904235862,583036.9236874578,0.15,alns_grid,0.15,R200_K20_tw0.15_cap0.15,,20,qaoa,200,fixed_budget,540025.7723292988,2,40,128,,,0.15
0.15,55.96260560000155,0.0,540025.7723292988,0.15,alns_grid,0.15,R200_K20_tw0.15_cap0.15,,20,efficient_su2,200,fixed_budget,540025.7723292988,2,40,128,,,0.15
0.15,44.23490110000057,0.0608225782773319,572871.5321385742,0.15,alns_grid,0.15,R200_K20_tw0.15_cap0.15,,20,hybrid_alns,200,fixed_budget,540025.7723292988,2,40,128,,,0.15
0.15,,,,0.15,alns_grid,0.15,R200_K20_tw0.15_cap0.15,inf,20,regret_k,200,time_to_target,,2,40,128,0.01,inf,0.15
0.15,,,,0.15,alns_grid,0.15,R200_K20_tw0.15_cap0.15,inf,20,standard_alns,200,time_to_target,,2,40,128,0.01,inf,0.15
0.15,,,,0.15,alns_grid,0.15,R200_K20_tw0.15_cap0.15,inf,20,qaoa,200,time_to_target,,2,40,128,0.01,inf,0.15
0.15,,,,0.15,alns_grid,0.15,R200_K20_tw0.15_cap0.15,95,20,efficient_su2,200,time_to_target,,2,40,128,0.01,53.82312599999932,0.15
0.15,,,,0.15,alns_grid,0.15,R200_K20_tw0.15_cap0.15,inf,20,hybrid_alns,200,time_to_target,,2,40,128,0.01,inf,0.15
0.15,35.07795509999778,0.06453182271977882,550493.9875474278,0.15,alns_grid,0.15,R200_K20_tw0.15_cap0.15,,20,regret_k,200,fixed_budget,517123.091859262,2,50,128,,,0.15
0.15,35.99962120000055,0.08918831403848625,563244.4285725588,0.15,alns_grid,0.15,R200_K20_tw0.15_cap0.15,,20,standard_alns,200,fixed_budget,517123.091859262,2,50,128,,,0.15
0.15,56.76314310000089,0.0,517123.091859262,0.15,alns_grid,0.15,R200_K20_tw0.15_cap0.15,,20,qaoa,200,fixed_budget,517123.091859262,2,50,128,,,0.15
0.15,56.53801579999708,0.04183833802013737,538758.6625744883,0.15,alns_grid,0.15,R200_K20_tw0.15_cap0.15,,20,efficient_su2,200,fixed_budget,517123.091859262,2,50,128,,,0.15
0.15,44.59645310000269,0.03534305549063579,535399.801990333,0.15,alns_grid,0.15,R200_K20_tw0.15_cap0.15,,20,hybrid_alns,200,fixed_budget,517123.091859262,2,50,128,,,0.15
0.15,,,,0.15,alns_grid,0.15,R200_K20_tw0.15_cap0.15,inf,20,regret_k,200,time_to_target,,2,50,128,0.01,inf,0.15
0.15,,,,0.15,alns_grid,0.15,R200_K20_tw0.15_cap0.15,inf,20,standard_alns,200,time_to_target,,2,50,128,0.01,inf,0.15
0.15,,,,0.15,alns_grid,0.15,R200_K20_tw0.15_cap0.15,95,20,qaoa,200,time_to_target,,2,50,128,0.01,54.48652299999958,0.15
0.15,,,,0.15,alns_grid,0.15,R200_K20_tw0.15_cap0.15,inf,20,efficient_su2,200,time_to_target,,2,50,128,0.01,inf,0.15
0.15,,,,0.15,alns_grid,0.15,R200_K20_tw0.15_cap0.15,inf,20,hybrid_alns,200,time_to_target,,2,50,128,0.01,inf,0.15
0.15,15.398463300000003,0.03354463244339103,335084.83478624286,0.15,alns_grid,0.15,R100_K10_tw0.15_cap0.15,,10,regret_k,100,fixed_budget,324209.3512634018,2,10,1024,,,0.15
0.15,15.468300399999862,0.05430423079027234,341815.29069877404,0.15,alns_grid,0.15,R100_K10_tw0.15_cap0.15,,10,standard_alns,100,fixed_budget,324209.3512634018,2,10,1024,,,0.15
0.15,35.38253710000208,0.052875641699382664,341352.1287563947,0.15,alns_grid,0.15,R100_K10_tw0.15_cap0.15,,10,qaoa,100,fixed_budget,324209.3512634018,2,10,1024,,,0.15
0.15,36.69129360000079,0.0837329434690414,351356.3545448748,0.15,alns_grid,0.15,R100_K10_tw0.15_cap0.15,,10,efficient_su2,100,fixed_budget,324209.3512634018,2,10,1024,,,0.15
0.15,23.298023100000137,0.0,324209.3512634018,0.15,alns_grid,0.15,R100_K10_tw0.15_cap0.15,,10,hybrid_alns,100,fixed_budget,324209.3512634018,2,10,1024,,,0.15
0.15,,,,0.15,alns_grid,0.15,R100_K10_tw0.15_cap0.15,inf,10,regret_k,100,time_to_target,,2,10,1024,0.01,inf,0.15
0.15,,,,0.15,alns_grid,0.15,R100_K10_tw0.15_cap0.15,inf,10,standard_alns,100,time_to_target,,2,10,1024,0.01,inf,0.15
0.15,,,,0.15,alns_grid,0.15,R100_K10_tw0.15_cap0.15,inf,10,qaoa,100,time_to_target,,2,10,1024,0.01,inf,0.15
0.15,,,,0.15,alns_grid,0.15,R100_K10_tw0.15_cap0.15,inf,10,efficient_su2,100,time_to_target,,2,10,1024,0.01,inf,0.15
0.15,,,,0.15,alns_grid,0.15,R100_K10_tw0.15_cap0.15,91,10,hybrid_alns,100,time_to_target,,2,10,1024,0.01,21.464891700001317,0.15
0.15,15.654503900001146,0.012286932695204686,304332.77038822474,0.15,alns_grid,0.15,R100_K10_tw0.15_cap0.15,,10,regret_k,100,fixed_budget,300638.8411810686,2,20,1024,,,0.15
0.15,15.908103499998106,0.0,300638.8411810686,0.15,alns_grid,0.15,R100_K10_tw0.15_cap0.15,,10,standard_alns,100,fixed_budget,300638.8411810686,2,20,1024,,,0.15
0.15,36.4213622999996,0.06078979183068111,318914.613752683,0.15,alns_grid,0.15,R100_K10_tw0.15_cap0.15,,10,qaoa,100,fixed_budget,300638.8411810686,2,20,1024,,,0.15
0.15,35.99283199999991,0.016673320748651913,305651.4890095836,0.15,alns_grid,0.15,R100_K10_tw0.15_cap0.15,,10,efficient_su2,100,fixed_budget,300638.8411810686,2,20,1024,,,0.15
0.15,20.596691100003227,0.00014106069014917176,300681.2495034913,0.15,alns_grid,0.15,R100_K10_tw0.15_cap0.15,,10,hybrid_alns,100,fixed_budget,300638.8411810686,2,20,1024,,,0.15
0.15,,,,0.15,alns_grid,0.15,R100_K10_tw0.15_cap0.15,inf,10,regret_k,100,time_to_target,,2,20,1024,0.01,inf,0.15
0.15,,,,0.15,alns_grid,0.15,R100_K10_tw0.15_cap0.15,96,10,standard_alns,100,time_to_target,,2,20,1024,0.01,15.47004300000117,0.15
0.15,,,,0.15,alns_grid,0.15,R100_K10_tw0.15_cap0.15,inf,10,qaoa,100,time_to_target,,2,20,1024,0.01,inf,0.15
0.15,,,,0.15,alns_grid,0.15,R100_K10_tw0.15_cap0.15,inf,10,efficient_su2,100,time_to_target,,2,20,1024,0.01,inf,0.15
0.15,,,,0.15,alns_grid,0.15,R100_K10_tw0.15_cap0.15,89,10,hybrid_alns,100,time_to_target,,2,20,1024,0.01,18.2476072999998,0.15
0.15,15.831749299999501,0.0,289406.932934295,0.15,alns_grid,0.15,R100_K10_tw0.15_cap0.15,,10,regret_k,100,fixed_budget,289406.932934295,2,30,1024,,,0.15
0.15,15.42537319999974,0.03755784077259702,300276.4324399269,0.15,alns_grid,0.15,R100_K10_tw0.15_cap0.15,,10,standard_alns,100,fixed_budget,289406.932934295,2,30,1024,,,0.15
0.15,36.170151900001656,0.05905317063507837,306497.3299278386,0.15,alns_grid,0.15,R100_K10_tw0.15_cap0.15,,10,qaoa,100,fixed_budget,289406.932934295,2,30,1024,,,0.15
0.15,35.8309279999994,0.015147689065889949,293790.77916789654,0.15,alns_grid,0.15,R100_K10_tw0.15_cap0.15,,10,efficient_su2,100,fixed_budget,289406.932934295,2,30,1024,,,0.15
0.15,23.89666329999818,0.012387003432510639,292991.81760594447,0.15,alns_grid,0.15,R100_K10_tw0.15_cap0.15,,10,hybrid_alns,100,fixed_budget,289406.932934295,2,30,1024,,,0.15
0.15,,,,0.15,alns_grid,0.15,R100_K10_tw0.15_cap0.15,94,10,regret_k,100,time_to_target,,2,30,1024,0.01,15.040294200000062,0.15
0.15,,,,0.15,alns_grid,0.15,R100_K10_tw0.15_cap0.15,inf,10,standard_alns,100,time_to_target,,2,30,1024,0.01,inf,0.15
0.15,,,,0.15,alns_grid,0.15,R100_K10_tw0.15_cap0.15,inf,10,qaoa,100,time_to_target,,2,30,1024,0.01,inf,0.15
0.15,,,,0.15,alns_grid,0.15,R100_K10_tw0.15_cap0.15,inf,10,efficient_su2,100,time_to_target,,2,30,1024,0.01,inf,0.15
0.15,,,,0.15,alns_grid,0.15,R100_K10_tw0.15_cap0.15,inf,10,hybrid_alns,100,time_to_target,,2,30,1024,0.01,inf,0.15
0.15,15.590336900000693,0.0,304247.7365870113,0.15,alns_grid,0.15,R100_K10_tw0.15_cap0.15,,10,regret_k,100,fixed_budget,304247.7365870113,2,40,1024,,,0.15
0.15,15.488585999999486,0.04267353111677758,317231.0618414663,0.15,alns_grid,0.15,R100_K10_tw0.15_cap0.15,,10,standard_alns,100,fixed_budget,304247.7365870113,2,40,1024,,,0.15
0.15,36.59484059999886,0.09144225970251967,332068.8371299046,0.15,alns_grid,0.15,R100_K10_tw0.15_cap0.15,,10,qaoa,100,fixed_budget,304247.7365870113,2,40,1024,,,0.15
0.15,37.158341800000926,0.07722422993471169,327743.03375432227,0.15,alns_grid,0.15,R100_K10_tw0.15_cap0.15,,10,efficient_su2,100,fixed_budget,304247.7365870113,2,40,1024,,,0.15
0.15,23.632626800001162,0.0628691535602413,323375.534258856,0.15,alns_grid,0.15,R100_K10_tw0.15_cap0.15,,10,hybrid_alns,100,fixed_budget,304247.7365870113,2,40,1024,,,0.15
0.15,,,,0.15,alns_grid,0.15,R100_K10_tw0.15_cap0.15,82,10,regret_k,100,time_to_target,,2,40,1024,0.01,13.002853400001186,0.15
0.15,,,,0.15,alns_grid,0.15,R100_K10_tw0.15_cap0.15,inf,10,standard_alns,100,time_to_target,,2,40,1024,0.01,inf,0.15
0.15,,,,0.15,alns_grid,0.15,R100_K10_tw0.15_cap0.15,inf,10,qaoa,100,time_to_target,,2,40,1024,0.01,inf,0.15
0.15,,,,0.15,alns_grid,0.15,R100_K10_tw0.15_cap0.15,inf,10,efficient_su2,100,time_to_target,,2,40,1024,0.01,inf,0.15
0.15,,,,0.15,alns_grid,0.15,R100_K10_tw0.15_cap0.15,inf,10,hybrid_alns,100,time_to_target,,2,40,1024,0.01,inf,0.15
0.15,15.515826800001378,0.0,348167.063142069,0.15,alns_grid,0.15,R100_K10_tw0.15_cap0.15,,10,regret_k,100,fixed_budget,348167.063142069,2,50,1024,,,0.15
0.15,15.777685400000337,0.12432623891899644,391453.36461799516,0.15,alns_grid,0.15,R100_K10_tw0.15_cap0.15,,10,standard_alns,100,fixed_budget,348167.063142069,2,50,1024,,,0.15
0.15,36.68370789999972,0.21110203125127522,421665.8373861507,0.15,alns_grid,0.15,R100_K10_tw0.15_cap0.15,,10,qaoa,100,fixed_budget,348167.063142069,2,50,1024,,,0.15
0.15,36.66399979999915,0.028917801918104506,358235.2893084195,0.15,alns_grid,0.15,R100_K10_tw0.15_cap0.15,,10,efficient_su2,100,fixed_budget,348167.063142069,2,50,1024,,,0.15
0.15,24.72406409999894,0.02543680770551459,357023.32177660754,0.15,alns_grid,0.15,R100_K10_tw0.15_cap0.15,,10,hybrid_alns,100,fixed_budget,348167.063142069,2,50,1024,,,0.15
0.15,,,,0.15,alns_grid,0.15,R100_K10_tw0.15_cap0.15,65,10,regret_k,100,time_to_target,,2,50,1024,0.01,10.218778599999496,0.15
0.15,,,,0.15,alns_grid,0.15,R100_K10_tw0.15_cap0.15,inf,10,standard_alns,100,time_to_target,,2,50,1024,0.01,inf,0.15
0.15,,,,0.15,alns_grid,0.15,R100_K10_tw0.15_cap0.15,inf,10,qaoa,100,time_to_target,,2,50,1024,0.01,inf,0.15
0.15,,,,0.15,alns_grid,0.15,R100_K10_tw0.15_cap0.15,inf,10,efficient_su2,100,time_to_target,,2,50,1024,0.01,inf,0.15
0.15,,,,0.15,alns_grid,0.15,R100_K10_tw0.15_cap0.15,inf,10,hybrid_alns,100,time_to_target,,2,50,1024,0.01,inf,0.15
0.15,25.87554480000108,0.0,391601.3608420613,0.15,alns_grid,0.15,R150_K15_tw0.15_cap0.15,,15,regret_k,150,fixed_budget,391601.3608420613,2,10,1024,,,0.15
0.15,25.350935300000856,0.030960889979505364,403725.6874909169,0.15,alns_grid,0.15,R150_K15_tw0.15_cap0.15,,15,standard_alns,150,fixed_budget,391601.3608420613,2,10,1024,,,0.15
0.15,47.148039199997584,0.11551276494059805,436836.31678742863,0.15,alns_grid,0.15,R150_K15_tw0.15_cap0.15,,15,qaoa,150,fixed_budget,391601.3608420613,2,10,1024,,,0.15
0.15,45.82825249999951,0.06522851983683478,417144.9379758792,0.15,alns_grid,0.15,R150_K15_tw0.15_cap0.15,,15,efficient_su2,150,fixed_budget,391601.3608420613,2,10,1024,,,0.15
0.15,33.69518810000227,0.10617236971120127,433178.60530479415,0.15,alns_grid,0.15,R150_K15_tw0.15_cap0.15,,15,hybrid_alns,150,fixed_budget,391601.3608420613,2,10,1024,,,0.15
0.15,,,,0.15,alns_grid,0.15,R150_K15_tw0.15_cap0.15,81,15,regret_k,150,time_to_target,,2,10,1024,0.01,21.174991200001386,0.15
0.15,,,,0.15,alns_grid,0.15,R150_K15_tw0.15_cap0.15,inf,15,standard_alns,150,time_to_target,,2,10,1024,0.01,inf,0.15
0.15,,,,0.15,alns_grid,0.15,R150_K15_tw0.15_cap0.15,inf,15,qaoa,150,time_to_target,,2,10,1024,0.01,inf,0.15
0.15,,,,0.15,alns_grid,0.15,R150_K15_tw0.15_cap0.15,inf,15,efficient_su2,150,time_to_target,,2,10,1024,0.01,inf,0.15
0.15,,,,0.15,alns_grid,0.15,R150_K15_tw0.15_cap0.15,inf,15,hybrid_alns,150,time_to_target,,2,10,1024,0.01,inf,0.15
0.15,24.42483500000162,0.02622493918009511,425418.8952630602,0.15,alns_grid,0.15,R150_K15_tw0.15_cap0.15,,15,regret_k,150,fixed_budget,414547.4145297518,2,20,1024,,,0.15
0.15,25.161906600002112,0.0007853940894152463,414872.99761890585,0.15,alns_grid,0.15,R150_K15_tw0.15_cap0.15,,15,standard_alns,150,fixed_budget,414547.4145297518,2,20,1024,,,0.15
0.15,47.75227700000323,0.04543109160151874,433380.7560924257,0.15,alns_grid,0.15,R150_K15_tw0.15_cap0.15,,15,qaoa,150,fixed_budget,414547.4145297518,2,20,1024,,,0.15
0.15,47.07700249999834,0.0,414547.4145297518,0.15,alns_grid,0.15,R150_K15_tw0.15_cap0.15,,15,efficient_su2,150,fixed_budget,414547.4145297518,2,20,1024,,,0.15
0.15,34.462635600000795,0.04627062520906936,433728.7825788467,0.15,alns_grid,0.15,R150_K15_tw0.15_cap0.15,,15,hybrid_alns,150,fixed_budget,414547.4145297518,2,20,1024,,,0.15
0.15,,,,0.15,alns_grid,0.15,R150_K15_tw0.15_cap0.15,inf,15,regret_k,150,time_to_target,,2,20,1024,0.01,inf,0.15
0.15,,,,0.15,alns_grid,0.15,R150_K15_tw0.15_cap0.15,75,15,standard_alns,150,time_to_target,,2,20,1024,0.01,18.98168330000044,0.15
0.15,,,,0.15,alns_grid,0.15,R150_K15_tw0.15_cap0.15,inf,15,qaoa,150,time_to_target,,2,20,1024,0.01,inf,0.15
0.15,,,,0.15,alns_grid,0.15,R150_K15_tw0.15_cap0.15,82,15,efficient_su2,150,time_to_target,,2,20,1024,0.01,39.72947909999857,0.15
0.15,,,,0.15,alns_grid,0.15,R150_K15_tw0.15_cap0.15,inf,15,hybrid_alns,150,time_to_target,,2,20,1024,0.01,inf,0.15
0.15,24.281223899997713,0.0,348426.1918157422,0.15,alns_grid,0.15,R150_K15_tw0.15_cap0.15,,15,regret_k,150,fixed_budget,348426.1918157422,2,30,1024,,,0.15
0.15,25.239777999999205,0.04025902581325091,362453.49086606485,0.15,alns_grid,0.15,R150_K15_tw0.15_cap0.15,,15,standard_alns,150,fixed_budget,348426.1918157422,2,30,1024,,,0.15
0.15,46.617617700001574,0.08755091081500334,378931.22226101346,0.15,alns_grid,0.15,R150_K15_tw0.15_cap0.15,,15,qaoa,150,fixed_budget,348426.1918157422,2,30,1024,,,0.15
0.15,46.87893379999878,0.06863688111082036,372341.07891929516,0.15,alns_grid,0.15,R150_K15_tw0.15_cap0.15,,15,efficient_su2,150,fixed_budget,348426.1918157422,2,30,1024,,,0.15
0.15,34.778932299999724,0.08161044405228961,376861.40804927313,0.15,alns_grid,0.15,R150_K15_tw0.15_cap0.15,,15,hybrid_alns,150,fixed_budget,348426.1918157422,2,30,1024,,,0.15
0.15,,,,0.15,alns_grid,0.15,R150_K15_tw0.15_cap0.15,96,15,regret_k,150,time_to_target,,2,30,1024,0.01,23.594492500000342,0.15
0.15,,,,0.15,alns_grid,0.15,R150_K15_tw0.15_cap0.15,inf,15,standard_alns,150,time_to_target,,2,30,1024,0.01,inf,0.15
0.15,,,,0.15,alns_grid,0.15,R150_K15_tw0.15_cap0.15,inf,15,qaoa,150,time_to_target,,2,30,1024,0.01,inf,0.15
0.15,,,,0.15,alns_grid,0.15,R150_K15_tw0.15_cap0.15,inf,15,efficient_su2,150,time_to_target,,2,30,1024,0.01,inf,0.15
0.15,,,,0.15,alns_grid,0.15,R150_K15_tw0.15_cap0.15,inf,15,hybrid_alns,150,time_to_target,,2,30,1024,0.01,inf,0.15
0.15,24.061741400000756,0.0,400127.9900199913,0.15,alns_grid,0.15,R150_K15_tw0.15_cap0.15,,15,regret_k,150,fixed_budget,400127.9900199913,2,40,1024,,,0.15
0.15,24.931453000001056,0.11747755912396408,447134.04962471774,0.15,alns_grid,0.15,R150_K15_tw0.15_cap0.15,,15,standard_alns,150,fixed_budget,400127.9900199913,2,40,1024,,,0.15
0.15,47.24911390000125,0.08862066572889242,435587.59887232655,0.15,alns_grid,0.15,R150_K15_tw0.15_cap0.15,,15,qaoa,150,fixed_budget,400127.9900199913,2,40,1024,,,0.15
0.15,46.725986999997986,0.11602016909478405,446550.90708166675,0.15,alns_grid,0.15,R150_K15_tw0.15_cap0.15,,15,efficient_su2,150,fixed_budget,400127.9900199913,2,40,1024,,,0.15
0.15,33.931829900000594,0.06529513189569462,426254.3999035058,0.15,alns_grid,0.15,R150_K15_tw0.15_cap0.15,,15,hybrid_alns,150,fixed_budget,400127.9900199913,2,40,1024,,,0.15
0.15,,,,0.15,alns_grid,0.15,R150_K15_tw0.15_cap0.15,88,15,regret_k,150,time_to_target,,2,40,1024,0.01,21.48613639999894,0.15
0.15,,,,0.15,alns_grid,0.15,R150_K15_tw0.15_cap0.15,inf,15,standard_alns,150,time_to_target,,2,40,1024,0.01,inf,0.15
0.15,,,,0.15,alns_grid,0.15,R150_K15_tw0.15_cap0.15,inf,15,qaoa,150,time_to_target,,2,40,1024,0.01,inf,0.15
0.15,,,,0.15,alns_grid,0.15,R150_K15_tw0.15_cap0.15,inf,15,efficient_su2,150,time_to_target,,2,40,1024,0.01,inf,0.15
0.15,,,,0.15,alns_grid,0.15,R150_K15_tw0.15_cap0.15,inf,15,hybrid_alns,150,time_to_target,,2,40,1024,0.01,inf,0.15
0.15,24.718657899997197,0.08308837091441572,456136.5738715898,0.15,alns_grid,0.15,R150_K15_tw0.15_cap0.15,,15,regret_k,150,fixed_budget,421144.3739225902,2,50,1024,,,0.15
0.15,24.596508599999652,0.12234141956778734,472667.77447126695,0.15,alns_grid,0.15,R150_K15_tw0.15_cap0.15,,15,standard_alns,150,fixed_budget,421144.3739225902,2,50,1024,,,0.15
0.15,47.39348489999975,0.0,421144.3739225902,0.15,alns_grid,0.15,R150_K15_tw0.15_cap0.15,,15,qaoa,150,fixed_budget,421144.3739225902,2,50,1024,,,0.15
0.15,49.21998579999854,0.1405961241464278,480355.6406021803,0.15,alns_grid,0.15,R150_K15_tw0.15_cap0.15,,15,efficient_su2,150,fixed_budget,421144.3739225902,2,50,1024,,,0.15
0.15,34.214125200000126,0.10518618737255182,465442.9449489078,0.15,alns_grid,0.15,R150_K15_tw0.15_cap0.15,,15,hybrid_alns,150,fixed_budget,421144.3739225902,2,50,1024,,,0.15
0.15,,,,0.15,alns_grid,0.15,R150_K15_tw0.15_cap0.15,inf,15,regret_k,150,time_to_target,,2,50,1024,0.01,inf,0.15
0.15,,,,0.15,alns_grid,0.15,R150_K15_tw0.15_cap0.15,inf,15,standard_alns,150,time_to_target,,2,50,1024,0.01,inf,0.15
0.15,,,,0.15,alns_grid,0.15,R150_K15_tw0.15_cap0.15,98,15,qaoa,150,time_to_target,,2,50,1024,0.01,46.91330000000016,0.15
0.15,,,,0.15,alns_grid,0.15,R150_K15_tw0.15_cap0.15,inf,15,efficient_su2,150,time_to_target,,2,50,1024,0.01,inf,0.15
0.15,,,,0.15,alns_grid,0.15,R150_K15_tw0.15_cap0.15,inf,15,hybrid_alns,150,time_to_target,,2,50,1024,0.01,inf,0.15
0.15,35.082927099996596,0.04148390813321885,516485.6700700829,0.15,alns_grid,0.15,R200_K20_tw0.15_cap0.15,,20,regret_k,200,fixed_budget,495913.2503504969,2,10,1024,,,0.15
0.15,34.31747800000085,0.0038073097659526785,497801.3457116217,0.15,alns_grid,0.15,R200_K20_tw0.15_cap0.15,,20,standard_alns,200,fixed_budget,495913.2503504969,2,10,1024,,,0.15
0.15,56.434606700000586,0.06020344346328897,525768.9356806689,0.15,alns_grid,0.15,R200_K20_tw0.15_cap0.15,,20,qaoa,200,fixed_budget,495913.2503504969,2,10,1024,,,0.15
0.15,58.25445409999884,0.020500812652366873,506079.87498775875,0.15,alns_grid,0.15,R200_K20_tw0.15_cap0.15,,20,efficient_su2,200,fixed_budget,495913.2503504969,2,10,1024,,,0.15
0.15,43.14523350000309,0.0,495913.2503504969,0.15,alns_grid,0.15,R200_K20_tw0.15_cap0.15,,20,hybrid_alns,200,fixed_budget,495913.2503504969,2,10,1024,,,0.15
0.15,,,,0.15,alns_grid,0.15,R200_K20_tw0.15_cap0.15,inf,20,regret_k,200,time_to_target,,2,10,1024,0.01,inf,0.15
0.15,,,,0.15,alns_grid,0.15,R200_K20_tw0.15_cap0.15,71,20,standard_alns,200,time_to_target,,2,10,1024,0.01,24.43513950000124,0.15
0.15,,,,0.15,alns_grid,0.15,R200_K20_tw0.15_cap0.15,inf,20,qaoa,200,time_to_target,,2,10,1024,0.01,inf,0.15
0.15,,,,0.15,alns_grid,0.15,R200_K20_tw0.15_cap0.15,inf,20,efficient_su2,200,time_to_target,,2,10,1024,0.01,inf,0.15
0.15,,,,0.15,alns_grid,0.15,R200_K20_tw0.15_cap0.15,92,20,hybrid_alns,200,time_to_target,,2,10,1024,0.01,40.11344110000209,0.15
0.15,35.15817060000336,0.03805031633819232,554588.5889921203,0.15,alns_grid,0.15,R200_K20_tw0.15_cap0.15,,20,regret_k,200,fixed_budget,534259.8333272294,2,20,1024,,,0.15
0.15,36.90823079999973,0.0,534259.8333272294,0.15,alns_grid,0.15,R200_K20_tw0.15_cap0.15,,20,standard_alns,200,fixed_budget,534259.8333272294,2,20,1024,,,0.15
0.15,59.73738679999951,0.05851519751427484,565522.1529983158,0.15,alns_grid,0.15,R200_K20_tw0.15_cap0.15,,20,qaoa,200,fixed_budget,534259.8333272294,2,20,1024,,,0.15
0.15,59.413760999999795,0.0002023035767409235,534367.9160024205,0.15,alns_grid,0.15,R200_K20_tw0.15_cap0.15,,20,efficient_su2,200,fixed_budget,534259.8333272294,2,20,1024,,,0.15
0.15,44.37384799999927,0.01592643840087269,542768.689652776,0.15,alns_grid,0.15,R200_K20_tw0.15_cap0.15,,20,hybrid_alns,200,fixed_budget,534259.8333272294,2,20,1024,,,0.15
0.15,,,,0.15,alns_grid,0.15,R200_K20_tw0.15_cap0.15,inf,20,regret_k,200,time_to_target,,2,20,1024,0.01,inf,0.15
0.15,,,,0.15,alns_grid,0.15,R200_K20_tw0.15_cap0.15,79,20,standard_alns,200,time_to_target,,2,20,1024,0.01,29.003238900000724,0.15
0.15,,,,0.15,alns_grid,0.15,R200_K20_tw0.15_cap0.15,inf,20,qaoa,200,time_to_target,,2,20,1024,0.01,inf,0.15
0.15,,,,0.15,alns_grid,0.15,R200_K20_tw0.15_cap0.15,98,20,efficient_su2,200,time_to_target,,2,20,1024,0.01,58.86570690000008,0.15
0.15,,,,0.15,alns_grid,0.15,R200_K20_tw0.15_cap0.15,inf,20,hybrid_alns,200,time_to_target,,2,20,1024,0.01,inf,0.15
0.15,33.6972448000015,0.10398994158413549,558889.4683805513,0.15,alns_grid,0.15,R200_K20_tw0.15_cap0.15,,20,regret_k,200,fixed_budget,506245.07282973116,2,30,1024,,,0.15
0.15,35.76243899999827,0.015786580372063763,514236.951359919,0.15,alns_grid,0.15,R200_K20_tw0.15_cap0.15,,20,standard_alns,200,fixed_budget,506245.07282973116,2,30,1024,,,0.15
0.15,59.948750200001086,0.0,506245.07282973116,0.15,alns_grid,0.15,R200_K20_tw0.15_cap0.15,,20,qaoa,200,fixed_budget,506245.07282973116,2,30,1024,,,0.15
0.15,59.716567499999655,0.07949287543946304,546487.9493460269,0.15,alns_grid,0.15,R200_K20_tw0.15_cap0.15,,20,efficient_su2,200,fixed_budget,506245.07282973116,2,30,1024,,,0.15
0.15,44.21940370000084,0.03629415369620655,524618.8093109607,0.15,alns_grid,0.15,R200_K20_tw0.15_cap0.15,,20,hybrid_alns,200,fixed_budget,506245.07282973116,2,30,1024,,,0.15
0.15,,,,0.15,alns_grid,0.15,R200_K20_tw0.15_cap0.15,inf,20,regret_k,200,time_to_target,,2,30,1024,0.01,inf,0.15
0.15,,,,0.15,alns_grid,0.15,R200_K20_tw0.15_cap0.15,inf,20,standard_alns,200,time_to_target,,2,30,1024,0.01,inf,0.15
0.15,,,,0.15,alns_grid,0.15,R200_K20_tw0.15_cap0.15,89,20,qaoa,200,time_to_target,,2,30,1024,0.01,54.30911090000154,0.15
0.15,,,,0.15,alns_grid,0.15,R200_K20_tw0.15_cap0.15,inf,20,efficient_su2,200,time_to_target,,2,30,1024,0.01,inf,0.15
0.15,,,,0.15,alns_grid,0.15,R200_K20_tw0.15_cap0.15,inf,20,hybrid_alns,200,time_to_target,,2,30,1024,0.01,inf,0.15
0.15,34.51729150000028,0.032359570026093895,557500.7741248842,0.15,alns_grid,0.15,R200_K20_tw0.15_cap0.15,,20,regret_k,200,fixed_budget,540025.7723292988,2,40,1024,,,0.15
0.15,32.923345499999414,0.0343138498604233,558556.1356017655,0.15,alns_grid,0.15,R200_K20_tw0.15_cap0.15,,20,standard_alns,200,fixed_budget,540025.7723292988,2,40,1024,,,0.15
0.15,57.858953299997665,0.08903717903601184,588108.1437042431,0.15,alns_grid,0.15,R200_K20_tw0.15_cap0.15,,20,qaoa,200,fixed_budget,540025.7723292988,2,40,1024,,,0.15
0.15,59.96736310000051,0.0,540025.7723292988,0.15,alns_grid,0.15,R200_K20_tw0.15_cap0.15,,20,efficient_su2,200,fixed_budget,540025.7723292988,2,40,1024,,,0.15
0.15,43.073462699998345,0.026199511801508812,554174.1839245592,0.15,alns_grid,0.15,R200_K20_tw0.15_cap0.15,,20,hybrid_alns,200,fixed_budget,540025.7723292988,2,40,1024,,,0.15
0.15,,,,0.15,alns_grid,0.15,R200_K20_tw0.15_cap0.15,inf,20,regret_k,200,time_to_target,,2,40,1024,0.01,inf,0.15
0.15,,,,0.15,alns_grid,0.15,R200_K20_tw0.15_cap0.15,inf,20,standard_alns,200,time_to_target,,2,40,1024,0.01,inf,0.15
0.15,,,,0.15,alns_grid,0.15,R200_K20_tw0.15_cap0.15,inf,20,qaoa,200,time_to_target,,2,40,1024,0.01,inf,0.15
0.15,,,,0.15,alns_grid,0.15,R200_K20_tw0.15_cap0.15,95,20,efficient_su2,200,time_to_target,,2,40,1024,0.01,57.87343160000091,0.15
0.15,,,,0.15,alns_grid,0.15,R200_K20_tw0.15_cap0.15,inf,20,hybrid_alns,200,time_to_target,,2,40,1024,0.01,inf,0.15
0.15,34.45321580000018,0.10684099807968285,550493.9875474278,0.15,alns_grid,0.15,R200_K20_tw0.15_cap0.15,,20,regret_k,200,fixed_budget,497355.9784128967,2,50,1024,,,0.15
0.15,35.75359870000102,0.13247744677749226,563244.4285725588,0.15,alns_grid,0.15,R200_K20_tw0.15_cap0.15,,20,standard_alns,200,fixed_budget,497355.9784128967,2,50,1024,,,0.15
0.15,58.066504800000985,0.11635530242548324,555225.9836942514,0.15,alns_grid,0.15,R200_K20_tw0.15_cap0.15,,20,qaoa,200,fixed_budget,497355.9784128967,2,50,1024,,,0.15
0.15,59.130863400001545,0.08324557451528171,538758.6625744883,0.15,alns_grid,0.15,R200_K20_tw0.15_cap0.15,,20,efficient_su2,200,fixed_budget,497355.9784128967,2,50,1024,,,0.15
0.15,44.07249509999747,0.0,497355.9784128967,0.15,alns_grid,0.15,R200_K20_tw0.15_cap0.15,,20,hybrid_alns,200,fixed_budget,497355.9784128967,2,50,1024,,,0.15
0.15,,,,0.15,alns_grid,0.15,R200_K20_tw0.15_cap0.15,inf,20,regret_k,200,time_to_target,,2,50,1024,0.01,inf,0.15
0.15,,,,0.15,alns_grid,0.15,R200_K20_tw0.15_cap0.15,inf,20,standard_alns,200,time_to_target,,2,50,1024,0.01,inf,0.15
0.15,,,,0.15,alns_grid,0.15,R200_K20_tw0.15_cap0.15,inf,20,qaoa,200,time_to_target,,2,50,1024,0.01,inf,0.15
0.15,,,,0.15,alns_grid,0.15,R200_K20_tw0.15_cap0.15,inf,20,efficient_su2,200,time_to_target,,2,50,1024,0.01,inf,0.15
0.15,,,,0.15,alns_grid,0.15,R200_K20_tw0.15_cap0.15,94,20,hybrid_alns,200,time_to_target,,2,50,1024,0.01,41.84624659999827,0.15
0.15,21.563117699999566,0.03229593711889418,318779.0397435887,0.15,alns_grid,0.15,R100_K10_tw0.15_cap0.15,,10,regret_k,100,fixed_budget,308805.8649473048,3,10,16,,,0.15
0.15,21.77372540000215,0.16331899809604308,359239.72941668064,0.15,alns_grid,0.15,R100_K10_tw0.15_cap0.15,,10,standard_alns,100,fixed_budget,308805.8649473048,3,10,16,,,0.15
0.15,36.49037539999699,0.0,308805.8649473048,0.15,alns_grid,0.15,R100_K10_tw0.15_cap0.15,,10,qaoa,100,fixed_budget,308805.8649473048,3,10,16,,,0.15
0.15,36.97619870000199,0.054479986843705835,325629.6044068932,0.15,alns_grid,0.15,R100_K10_tw0.15_cap0.15,,10,efficient_su2,100,fixed_budget,308805.8649473048,3,10,16,,,0.15
0.15,26.74095319999833,0.0640016246514525,328569.94200582936,0.15,alns_grid,0.15,R100_K10_tw0.15_cap0.15,,10,hybrid_alns,100,fixed_budget,308805.8649473048,3,10,16,,,0.15
0.15,,,,0.15,alns_grid,0.15,R100_K10_tw0.15_cap0.15,inf,10,regret_k,100,time_to_target,,3,10,16,0.01,inf,0.15
0.15,,,,0.15,alns_grid,0.15,R100_K10_tw0.15_cap0.15,inf,10,standard_alns,100,time_to_target,,3,10,16,0.01,inf,0.15
0.15,,,,0.15,alns_grid,0.15,R100_K10_tw0.15_cap0.15,98,10,qaoa,100,time_to_target,,3,10,16,0.01,36.1518683999966,0.15
0.15,,,,0.15,alns_grid,0.15,R100_K10_tw0.15_cap0.15,inf,10,efficient_su2,100,time_to_target,,3,10,16,0.01,inf,0.15
0.15,,,,0.15,alns_grid,0.15,R100_K10_tw0.15_cap0.15,inf,10,hybrid_alns,100,time_to_target,,3,10,16,0.01,inf,0.15
0.15,22.16224919999877,0.04218188609284072,310643.352736942,0.15,alns_grid,0.15,R100_K10_tw0.15_cap0.15,,10,regret_k,100,fixed_budget,298070.189937334,3,20,16,,,0.15
0.15,21.710939799999323,0.0,298070.189937334,0.15,alns_grid,0.15,R100_K10_tw0.15_cap0.15,,10,standard_alns,100,fixed_budget,298070.189937334,3,20,16,,,0.15
0.15,36.441521799999464,0.010073417920462778,301072.77553020447,0.15,alns_grid,0.15,R100_K10_tw0.15_cap0.15,,10,qaoa,100,fixed_budget,298070.189937334,3,20,16,,,0.15
0.15,36.233615299999656,0.05679762913428504,314999.8700413806,0.15,alns_grid,0.15,R100_K10_tw0.15_cap0.15,,10,efficient_su2,100,fixed_budget,298070.189937334,3,20,16,,,0.15
0.15,26.98881049999909,0.019229965524777532,303802.0694137928,0.15,alns_grid,0.15,R100_K10_tw0.15_cap0.15,,10,hybrid_alns,100,fixed_budget,298070.189937334,3,20,16,,,0.15
0.15,,,,0.15,alns_grid,0.15,R100_K10_tw0.15_cap0.15,inf,10,regret_k,100,time_to_target,,3,20,16,0.01,inf,0.15
0.15,,,,0.15,alns_grid,0.15,R100_K10_tw0.15_cap0.15,75,10,standard_alns,100,time_to_target,,3,20,16,0.01,16.466833500002394,0.15
0.15,,,,0.15,alns_grid,0.15,R100_K10_tw0.15_cap0.15,inf,10,qaoa,100,time_to_target,,3,20,16,0.01,inf,0.15
0.15,,,,0.15,alns_grid,0.15,R100_K10_tw0.15_cap0.15,inf,10,efficient_su2,100,time_to_target,,3,20,16,0.01,inf,0.15
0.15,,,,0.15,alns_grid,0.15,R100_K10_tw0.15_cap0.15,inf,10,hybrid_alns,100,time_to_target,,3,20,16,0.01,inf,0.15
0.15,22.3050751999981,0.06651231657724373,291219.7231752082,0.15,alns_grid,0.15,R100_K10_tw0.15_cap0.15,,10,regret_k,100,fixed_budget,273058.0028459673,3,30,16,,,0.15
0.15,21.84255209999901,0.012227579224952675,276396.8412087737,0.15,alns_grid,0.15,R100_K10_tw0.15_cap0.15,,10,standard_alns,100,fixed_budget,273058.0028459673,3,30,16,,,0.15
0.15,36.23067019999871,0.06251038303623353,290126.96319497767,0.15,alns_grid,0.15,R100_K10_tw0.15_cap0.15,,10,qaoa,100,fixed_budget,273058.0028459673,3,30,16,,,0.15
0.15,36.347502599997824,0.0,273058.0028459673,0.15,alns_grid,0.15,R100_K10_tw0.15_cap0.15,,10,efficient_su2,100,fixed_budget,273058.0028459673,3,30,16,,,0.15
0.15,27.57508140000209,0.06452562978354659,290677.2424470408,0.15,alns_grid,0.15,R100_K10_tw0.15_cap0.15,,10,hybrid_alns,100,fixed_budget,273058.0028459673,3,30,16,,,0.15
0.15,,,,0.15,alns_grid,0.15,R100_K10_tw0.15_cap0.15,inf,10,regret_k,100,time_to_target,,3,30,16,0.01,inf,0.15
0.15,,,,0.15,alns_grid,0.15,R100_K10_tw0.15_cap0.15,inf,10,standard_alns,100,time_to_target,,3,30,16,0.01,inf,0.15
0.15,,,,0.15,alns_grid,0.15,R100_K10_tw0.15_cap0.15,inf,10,qaoa,100,time_to_target,,3,30,16,0.01,inf,0.15
0.15,,,,0.15,alns_grid,0.15,R100_K10_tw0.15_cap0.15,94,10,efficient_su2,100,time_to_target,,3,30,16,0.01,34.554018599999836,0.15
0.15,,,,0.15,alns_grid,0.15,R100_K10_tw0.15_cap0.15,inf,10,hybrid_alns,100,time_to_target,,3,30,16,0.01,inf,0.15
0.15,21.788928300000407,0.06660974894432566,296242.0583907979,0.15,alns_grid,0.15,R100_K10_tw0.15_cap0.15,,10,regret_k,100,fixed_budget,277741.75014245155,3,40,16,,,0.15
0.15,21.611570900000515,0.10721239391612376,307519.1080656777,0.15,alns_grid,0.15,R100_K10_tw0.15_cap0.15,,10,standard_alns,100,fixed_budget,277741.75014245155,3,40,16,,,0.15
0.15,36.50213490000169,0.07158766873636473,297624.63454590755,0.15,alns_grid,0.15,R100_K10_tw0.15_cap0.15,,10,qaoa,100,fixed_budget,277741.75014245155,3,40,16,,,0.15
0.15,36.98733859999993,0.0,277741.75014245155,0.15,alns_grid,0.15,R100_K10_tw0.15_cap0.15,,10,efficient_su2,100,fixed_budget,277741.75014245155,3,40,16,,,0.15
0.15,27.726136500001303,0.032614800938819195,286800.24203574687,0.15,alns_grid,0.15,R100_K10_tw0.15_cap0.15,,10,hybrid_alns,100,fixed_budget,277741.75014245155,3,40,16,,,0.15
0.15,,,,0.15,alns_grid,0.15,R100_K10_tw0.15_cap0.15,inf,10,regret_k,100,time_to_target,,3,40,16,0.01,inf,0.15
0.15,,,,0.15,alns_grid,0.15,R100_K10_tw0.15_cap0.15,inf,10,standard_alns,100,time_to_target,,3,40,16,0.01,inf,0.15
0.15,,,,0.15,alns_grid,0.15,R100_K10_tw0.15_cap0.15,inf,10,qaoa,100,time_to_target,,3,40,16,0.01,inf,0.15
0.15,,,,0.15,alns_grid,0.15,R100_K10_tw0.15_cap0.15,82,10,efficient_su2,100,time_to_target,,3,40,16,0.01,30.418931600001088,0.15
0.15,,,,0.15,alns_grid,0.15,R100_K10_tw0.15_cap0.15,inf,10,hybrid_alns,100,time_to_target,,3,40,16,0.01,inf,0.15
0.15,22.03757830000177,0.20056289113552753,381363.8923291215,0.15,alns_grid,0.15,R100_K10_tw0.15_cap0.15,,10,regret_k,100,fixed_budget,317654.23964455235,3,50,16,,,0.15
0.15,21.7521330999989,0.05695516027821421,335746.2877765621,0.15,alns_grid,0.15,R100_K10_tw0.15_cap0.15,,10,standard_alns,100,fixed_budget,317654.23964455235,3,50,16,,,0.15
0.15,35.90109389999998,0.21116919335849604,384733.02919719886,0.15,alns_grid,0.15,R100_K10_tw0.15_cap0.15,,10,qaoa,100,fixed_budget,317654.23964455235,3,50,16,,,0.15
0.15,36.012192800000776,0.08689558916750037,345256.9919500201,0.15,alns_grid,0.15,R100_K10_tw0.15_cap0.15,,10,efficient_su2,100,fixed_budget,317654.23964455235,3,50,16,,,0.15
0.15,28.035054500000115,0.0,317654.23964455235,0.15,alns_grid,0.15,R100_K10_tw0.15_cap0.15,,10,hybrid_alns,100,fixed_budget,317654.23964455235,3,50,16,,,0.15
0.15,,,,0.15,alns_grid,0.15,R100_K10_tw0.15_cap0.15,inf,10,regret_k,100,time_to_target,,3,50,16,0.01,inf,0.15
0.15,,,,0.15,alns_grid,0.15,R100_K10_tw0.15_cap0.15,inf,10,standard_alns,100,time_to_target,,3,50,16,0.01,inf,0.15
0.15,,,,0.15,alns_grid,0.15,R100_K10_tw0.15_cap0.15,inf,10,qaoa,100,time_to_target,,3,50,16,0.01,inf,0.15
0.15,,,,0.15,alns_grid,0.15,R100_K10_tw0.15_cap0.15,inf,10,efficient_su2,100,time_to_target,,3,50,16,0.01,inf,0.15
0.15,,,,0.15,alns_grid,0.15,R100_K10_tw0.15_cap0.15,85,10,hybrid_alns,100,time_to_target,,3,50,16,0.01,24.462052800001402,0.15
0.15,35.48699080000006,0.03575473761885961,408986.4470457325,0.15,alns_grid,0.15,R150_K15_tw0.15_cap0.15,,15,regret_k,150,fixed_budget,394868.0437474694,3,10,16,,,0.15
0.15,35.6935530999981,0.027438525899894154,405702.64079287485,0.15,alns_grid,0.15,R150_K15_tw0.15_cap0.15,,15,standard_alns,150,fixed_budget,394868.0437474694,3,10,16,,,0.15
0.15,49.2053384000028,0.06278137443198452,419658.4022532045,0.15,alns_grid,0.15,R150_K15_tw0.15_cap0.15,,15,qaoa,150,fixed_budget,394868.0437474694,3,10,16,,,0.15
0.15,50.86360609999974,0.0,394868.0437474694,0.15,alns_grid,0.15,R150_K15_tw0.15_cap0.15,,15,efficient_su2,150,fixed_budget,394868.0437474694,3,10,16,,,0.15
0.15,41.29465329999948,0.10834918533837627,437651.674603666,0.15,alns_grid,0.15,R150_K15_tw0.15_cap0.15,,15,hybrid_alns,150,fixed_budget,394868.0437474694,3,10,16,,,0.15
0.15,,,,0.15,alns_grid,0.15,R150_K15_tw0.15_cap0.15,inf,15,regret_k,150,time_to_target,,3,10,16,0.01,inf,0.15
0.15,,,,0.15,alns_grid,0.15,R150_K15_tw0.15_cap0.15,inf,15,standard_alns,150,time_to_target,,3,10,16,0.01,inf,0.15
0.15,,,,0.15,alns_grid,0.15,R150_K15_tw0.15_cap0.15,inf,15,qaoa,150,time_to_target,,3,10,16,0.01,inf,0.15
0.15,,,,0.15,alns_grid,0.15,R150_K15_tw0.15_cap0.15,93,15,efficient_su2,150,time_to_target,,3,10,16,0.01,47.84842949999802,0.15
0.15,,,,0.15,alns_grid,0.15,R150_K15_tw0.15_cap0.15,inf,15,hybrid_alns,150,time_to_target,,3,10,16,0.01,inf,0.15
0.15,34.7878406000018,0.0281996088119465,388016.9992293645,0.15,alns_grid,0.15,R150_K15_tw0.15_cap0.15,,15,regret_k,150,fixed_budget,377375.1671406551,3,20,16,,,0.15
0.15,35.09458509999968,0.032630429637304635,389689.0809789043,0.15,alns_grid,0.15,R150_K15_tw0.15_cap0.15,,15,standard_alns,150,fixed_budget,377375.1671406551,3,20,16,,,0.15
0.15,49.56822319999992,0.0606208330346672,400251.9641393184,0.15,alns_grid,0.15,R150_K15_tw0.15_cap0.15,,15,qaoa,150,fixed_budget,377375.1671406551,3,20,16,,,0.15
0.15,50.40472260000024,0.033091888892294634,389863.2242423848,0.15,alns_grid,0.15,R150_K15_tw0.15_cap0.15,,15,efficient_su2,150,fixed_budget,377375.1671406551,3,20,16,,,0.15
0.15,39.32538850000128,0.0,377375.1671406551,0.15,alns_grid,0.15,R150_K15_tw0.15_cap0.15,,15,hybrid_alns,150,fixed_budget,377375.1671406551,3,20,16,,,0.15
0.15,,,,0.15,alns_grid,0.15,R150_K15_tw0.15_cap0.15,inf,15,regret_k,150,time_to_target,,3,20,16,0.01,inf,0.15
0.15,,,,0.15,alns_grid,0.15,R150_K15_tw0.15_cap0.15,inf,15,standard_alns,150,time_to_target,,3,20,16,0.01,inf,0.15
0.15,,,,0.15,alns_grid,0.15,R150_K15_tw0.15_cap0.15,inf,15,qaoa,150,time_to_target,,3,20,16,0.01,inf,0.15
0.15,,,,0.15,alns_grid,0.15,R150_K15_tw0.15_cap0.15,inf,15,efficient_su2,150,time_to_target,,3,20,16,0.01,inf,0.15
0.15,,,,0.15,alns_grid,0.15,R150_K15_tw0.15_cap0.15,81,15,hybrid_alns,150,time_to_target,,3,20,16,0.01,31.97323559999859,0.15
0.15,33.977508600000874,0.04584244768731367,363474.33572791726,0.15,alns_grid,0.15,R150_K15_tw0.15_cap0.15,,15,regret_k,150,fixed_budget,347542.15277040366,3,30,16,,,0.15
0.15,34.9697668000008,0.04203844824080992,362152.2855711419,0.15,alns_grid,0.15,R150_K15_tw0.15_cap0.15,,15,standard_alns,150,fixed_budget,347542.15277040366,3,30,16,,,0.15
0.15,50.288100300000224,0.08688514432205181,377738.40287185676,0.15,alns_grid,0.15,R150_K15_tw0.15_cap0.15,,15,qaoa,150,fixed_budget,347542.15277040366,3,30,16,,,0.15
0.15,49.38508730000103,0.0,347542.15277040366,0.15,alns_grid,0.15,R150_K15_tw0.15_cap0.15,,15,efficient_su2,150,fixed_budget,347542.15277040366,3,30,16,,,0.15
0.15,40.03837629999907,0.13158375418325524,393273.0539688638,0.15,alns_grid,0.15,R150_K15_tw0.15_cap0.15,,15,hybrid_alns,150,fixed_budget,347542.15277040366,3,30,16,,,0.15
0.15,,,,0.15,alns_grid,0.15,R150_K15_tw0.15_cap0.15,inf,15,regret_k,150,time_to_target,,3,30,16,0.01,inf,0.15
0.15,,,,0.15,alns_grid,0.15,R150_K15_tw0.15_cap0.15,inf,15,standard_alns,150,time_to_target,,3,30,16,0.01,inf,0.15
0.15,,,,0.15,alns_grid,0.15,R150_K15_tw0.15_cap0.15,inf,15,qaoa,150,time_to_target,,3,30,16,0.01,inf,0.15
0.15,,,,0.15,alns_grid,0.15,R150_K15_tw0.15_cap0.15,83,15,efficient_su2,150,time_to_target,,3,30,16,0.01,41.95778770000106,0.15
0.15,,,,0.15,alns_grid,0.15,R150_K15_tw0.15_cap0.15,inf,15,hybrid_alns,150,time_to_target,,3,30,16,0.01,inf,0.15
0.15,34.202658600002906,0.0024914986461623567,397598.6342404866,0.15,alns_grid,0.15,R150_K15_tw0.15_cap0.15,,15,regret_k,150,fixed_budget,396610.4797670931,3,40,16,,,0.15
0.15,34.092430000000604,0.09920732782677952,435957.1456528834,0.15,alns_grid,0.15,R150_K15_tw0.15_cap0.15,,15,standard_alns,150,fixed_budget,396610.4797670931,3,40,16,,,0.15
0.15,48.79329240000152,0.0,396610.4797670931,0.15,alns_grid,0.15,R150_K15_tw0.15_cap0.15,,15,qaoa,150,fixed_budget,396610.4797670931,3,40,16,,,0.15
0.15,49.52195990000109,0.03221794271957447,409388.45348621224,0.15,alns_grid,0.15,R150_K15_tw0.15_cap0.15,,15,efficient_su2,150,fixed_budget,396610.4797670931,3,40,16,,,0.15
0.15,40.032342500002414,0.005219212122269908,398680.4739909128,0.15,alns_grid,0.15,R150_K15_tw0.15_cap0.15,,15,hybrid_alns,150,fixed_budget,396610.4797670931,3,40,16,,,0.15
0.15,,,,0.15,alns_grid,0.15,R150_K15_tw0.15_cap0.15,89,15,regret_k,150,time_to_target,,3,40,16,0.01,30.715350400001626,0.15
0.15,,,,0.15,alns_grid,0.15,R150_K15_tw0.15_cap0.15,inf,15,standard_alns,150,time_to_target,,3,40,16,0.01,inf,0.15
0.15,,,,0.15,alns_grid,0.15,R150_K15_tw0.15_cap0.15,96,15,qaoa,150,time_to_target,,3,40,16,0.01,47.23519490000035,0.15
0.15,,,,0.15,alns_grid,0.15,R150_K15_tw0.15_cap0.15,inf,15,efficient_su2,150,time_to_target,,3,40,16,0.01,inf,0.15
0.15,,,,0.15,alns_grid,0.15,R150_K15_tw0.15_cap0.15,86,15,hybrid_alns,150,time_to_target,,3,40,16,0.01,34.813643800000136,0.15
0.15,34.52055619999737,0.0,423431.21021886164,0.15,alns_grid,0.15,R150_K15_tw0.15_cap0.15,,15,regret_k,150,fixed_budget,423431.21021886164,3,50,16,,,0.15
0.15,34.996426800000336,0.049778860196431685,444509.1332351522,0.15,alns_grid,0.15,R150_K15_tw0.15_cap0.15,,15,standard_alns,150,fixed_budget,423431.21021886164,3,50,16,,,0.15
0.15,48.733816200001456,0.06830640815127986,452354.2752880616,0.15,alns_grid,0.15,R150_K15_tw0.15_cap0.15,,15,qaoa,150,fixed_budget,423431.21021886164,3,50,16,,,0.15
0.15,49.55078899999717,0.01303345156994527,428949.9803904525,0.15,alns_grid,0.15,R150_K15_tw0.15_cap0.15,,15,efficient_su2,150,fixed_budget,423431.21021886164,3,50,16,,,0.15
0.15,40.82212889999937,0.07890647300942143,456842.6735793429,0.15,alns_grid,0.15,R150_K15_tw0.15_cap0.15,,15,hybrid_alns,150,fixed_budget,423431.21021886164,3,50,16,,,0.15
0.15,,,,0.15,alns_grid,0.15,R150_K15_tw0.15_cap0.15,99,15,regret_k,150,time_to_target,,3,50,16,0.01,34.52055619999737,0.15
0.15,,,,0.15,alns_grid,0.15,R150_K15_tw0.15_cap0.15,inf,15,standard_alns,150,time_to_target,,3,50,16,0.01,inf,0.15
0.15,,,,0.15,alns_grid,0.15,R150_K15_tw0.15_cap0.15,inf,15,qaoa,150,time_to_target,,3,50,16,0.01,inf,0.15
0.15,,,,0.15,alns_grid,0.15,R150_K15_tw0.15_cap0.15,inf,15,efficient_su2,150,time_to_target,,3,50,16,0.01,inf,0.15
0.15,,,,0.15,alns_grid,0.15,R150_K15_tw0.15_cap0.15,inf,15,hybrid_alns,150,time_to_target,,3,50,16,0.01,inf,0.15
0.15,48.12253409999903,0.09486431024458733,496691.9669194636,0.15,alns_grid,0.15,R200_K20_tw0.15_cap0.15,,20,regret_k,200,fixed_budget,453656.18576835794,3,10,16,,,0.15
0.15,49.9986293999973,0.06421563003469512,482788.00355660974,0.15,alns_grid,0.15,R200_K20_tw0.15_cap0.15,,20,standard_alns,200,fixed_budget,453656.18576835794,3,10,16,,,0.15
0.15,64.04727700000149,0.0,453656.18576835794,0.15,alns_grid,0.15,R200_K20_tw0.15_cap0.15,,20,qaoa,200,fixed_budget,453656.18576835794,3,10,16,,,0.15
0.15,63.3052846999999,0.10410959075028618,500886.1456100375,0.15,alns_grid,0.15,R200_K20_tw0.15_cap0.15,,20,efficient_su2,200,fixed_budget,453656.18576835794,3,10,16,,,0.15
0.15,55.91381080000065,0.06521916782915219,483243.2646847175,0.15,alns_grid,0.15,R200_K20_tw0.15_cap0.15,,20,hybrid_alns,200,fixed_budget,453656.18576835794,3,10,16,,,0.15
0.15,,,,0.15,alns_grid,0.15,R200_K20_tw0.15_cap0.15,inf,20,regret_k,200,time_to_target,,3,10,16,0.01,inf,0.15
0.15,,,,0.15,alns_grid,0.15,R200_K20_tw0.15_cap0.15,inf,20,standard_alns,200,time_to_target,,3,10,16,0.01,inf,0.15
0.15,,,,0.15,alns_grid,0.15,R200_K20_tw0.15_cap0.15,89,20,qaoa,200,time_to_target,,3,10,16,0.01,57.533461400002125,0.15
0.15,,,,0.15,alns_grid,0.15,R200_K20_tw0.15_cap0.15,inf,20,efficient_su2,200,time_to_target,,3,10,16,0.01,inf,0.15
0.15,,,,0.15,alns_grid,0.15,R200_K20_tw0.15_cap0.15,inf,20,hybrid_alns,200,time_to_target,,3,10,16,0.01,inf,0.15
0.15,48.889208799999324,0.013391415336530866,496795.50356182235,0.15,alns_grid,0.15,R200_K20_tw0.15_cap0.15,,20,regret_k,200,fixed_budget,490230.6216960054,3,20,16,,,0.15
0.15,50.40010210000037,0.003356867452597363,491876.2609142433,0.15,alns_grid,0.15,R200_K20_tw0.15_cap0.15,,20,standard_alns,200,fixed_budget,490230.6216960054,3,20,16,,,0.15
0.15,64.03661809999903,0.0,490230.6216960054,0.15,alns_grid,0.15,R200_K20_tw0.15_cap0.15,,20,qaoa,200,fixed_budget,490230.6216960054,3,20,16,,,0.15
0.15,64.88721839999926,0.11671826199839454,547449.4878387556,0.15,alns_grid,0.15,R200_K20_tw0.15_cap0.15,,20,efficient_su2,200,fixed_budget,490230.6216960054,3,20,16,,,0.15
0.15,55.74095959999977,0.11868116505623208,548411.7630251283,0.15,alns_grid,0.15,R200_K20_tw0.15_cap0.15,,20,hybrid_alns,200,fixed_budget,490230.6216960054,3,20,16,,,0.15
0.15,,,,0.15,alns_grid,0.15,R200_K20_tw0.15_cap0.15,inf,20,regret_k,200,time_to_target,,3,20,16,0.01,inf,0.15
0.15,,,,0.15,alns_grid,0.15,R200_K20_tw0.15_cap0.15,93,20,standard_alns,200,time_to_target,,3,20,16,0.01,47.396030700001575,0.15
0.15,,,,0.15,alns_grid,0.15,R200_K20_tw0.15_cap0.15,96,20,qaoa,200,time_to_target,,3,20,16,0.01,62.18584499999997,0.15
0.15,,,,0.15,alns_grid,0.15,R200_K20_tw0.15_cap0.15,inf,20,efficient_su2,200,time_to_target,,3,20,16,0.01,inf,0.15
0.15,,,,0.15,alns_grid,0.15,R200_K20_tw0.15_cap0.15,inf,20,hybrid_alns,200,time_to_target,,3,20,16,0.01,inf,0.15
0.15,48.27148640000087,0.14932828905252077,531035.227533761,0.15,alns_grid,0.15,R200_K20_tw0.15_cap0.15,,20,regret_k,200,fixed_budget,462039.63879766146,3,30,16,,,0.15
0.15,49.93468750000466,0.10925429897259364,512519.45563205035,0.15,alns_grid,0.15,R200_K20_tw0.15_cap0.15,,20,standard_alns,200,fixed_budget,462039.63879766146,3,30,16,,,0.15
0.15,63.10539190000418,0.013450954907160691,468254.5131444496,0.15,alns_grid,0.15,R200_K20_tw0.15_cap0.15,,20,qaoa,200,fixed_budget,462039.63879766146,3,30,16,,,0.15
0.15,63.93372480000107,0.0002484642504521022,462154.4391301945,0.15,alns_grid,0.15,R200_K20_tw0.15_cap0.15,,20,efficient_su2,200,fixed_budget,462039.63879766146,3,30,16,,,0.15
0.15,54.350051099994744,0.0,462039.63879766146,0.15,alns_grid,0.15,R200_K20_tw0.15_cap0.15,,20,hybrid_alns,200,fixed_budget,462039.63879766146,3,30,16,,,0.15
0.15,,,,0.15,alns_grid,0.15,R200_K20_tw0.15_cap0.15,inf,20,regret_k,200,time_to_target,,3,30,16,0.01,inf,0.15
0.15,,,,0.15,alns_grid,0.15,R200_K20_tw0.15_cap0.15,inf,20,standard_alns,200,time_to_target,,3,30,16,0.01,inf,0.15
0.15,,,,0.15,alns_grid,0.15,R200_K20_tw0.15_cap0.15,inf,20,qaoa,200,time_to_target,,3,30,16,0.01,inf,0.15
0.15,,,,0.15,alns_grid,0.15,R200_K20_tw0.15_cap0.15,97,20,efficient_su2,200,time_to_target,,3,30,16,0.01,62.66132539999671,0.15
0.15,,,,0.15,alns_grid,0.15,R200_K20_tw0.15_cap0.15,87,20,hybrid_alns,200,time_to_target,,3,30,16,0.01,48.207871099999466,0.15
0.15,49.10975789999793,0.09897854947322576,565297.8361166272,0.15,alns_grid,0.15,R200_K20_tw0.15_cap0.15,,20,regret_k,200,fixed_budget,514384.7770164321,3,40,16,,,0.15
0.15,47.90150269999867,0.09419450838983993,562836.9982107123,0.15,alns_grid,0.15,R200_K20_tw0.15_cap0.15,,20,standard_alns,200,fixed_budget,514384.7770164321,3,40,16,,,0.15
0.15,63.602147700003115,0.07849896609280034,554763.4501860976,0.15,alns_grid,0.15,R200_K20_tw0.15_cap0.15,,20,qaoa,200,fixed_budget,514384.7770164321,3,40,16,,,0.15
0.15,65.3606987000021,0.0,514384.7770164321,0.15,alns_grid,0.15,R200_K20_tw0.15_cap0.15,,20,efficient_su2,200,fixed_budget,514384.7770164321,3,40,16,,,0.15
0.15,56.58482399999775,0.13915707949959788,585965.0603250907,0.15,alns_grid,0.15,R200_K20_tw0.15_cap0.15,,20,hybrid_alns,200,fixed_budget,514384.7770164321,3,40,16,,,0.15
0.15,,,,0.15,alns_grid,0.15,R200_K20_tw0.15_cap0.15,inf,20,regret_k,200,time_to_target,,3,40,16,0.01,inf,0.15
0.15,,,,0.15,alns_grid,0.15,R200_K20_tw0.15_cap0.15,inf,20,standard_alns,200,time_to_target,,3,40,16,0.01,inf,0.15
0.15,,,,0.15,alns_grid,0.15,R200_K20_tw0.15_cap0.15,inf,20,qaoa,200,time_to_target,,3,40,16,0.01,inf,0.15
0.15,,,,0.15,alns_grid,0.15,R200_K20_tw0.15_cap0.15,93,20,efficient_su2,200,time_to_target,,3,40,16,0.01,61.6287941000046,0.15
0.15,,,,0.15,alns_grid,0.15,R200_K20_tw0.15_cap0.15,inf,20,hybrid_alns,200,time_to_target,,3,40,16,0.01,inf,0.15
0.15,49.701761800002714,0.06230806467698921,514935.70894385024,0.15,alns_grid,0.15,R200_K20_tw0.15_cap0.15,,20,regret_k,200,fixed_budget,484732.9377099516,3,50,16,,,0.15
0.15,48.535793600000034,0.04517097224481073,506628.7957853934,0.15,alns_grid,0.15,R200_K20_tw0.15_cap0.15,,20,standard_alns,200,fixed_budget,484732.9377099516,3,50,16,,,0.15
0.15,64.1485451999979,0.0,484732.9377099516,0.15,alns_grid,0.15,R200_K20_tw0.15_cap0.15,,20,qaoa,200,fixed_budget,484732.9377099516,3,50,16,,,0.15
0.15,63.77068140000483,0.038751603003450895,503517.11607478413,0.15,alns_grid,0.15,R200_K20_tw0.15_cap0.15,,20,efficient_su2,200,fixed_budget,484732.9377099516,3,50,16,,,0.15
0.15,55.378394799998205,0.052041582706270934,509959.2069782377,0.15,alns_grid,0.15,R200_K20_tw0.15_cap0.15,,20,hybrid_alns,200,fixed_budget,484732.9377099516,3,50,16,,,0.15
0.15,,,,0.15,alns_grid,0.15,R200_K20_tw0.15_cap0.15,inf,20,regret_k,200,time_to_target,,3,50,16,0.01,inf,0.15
0.15,,,,0.15,alns_grid,0.15,R200_K20_tw0.15_cap0.15,inf,20,standard_alns,200,time_to_target,,3,50,16,0.01,inf,0.15
0.15,,,,0.15,alns_grid,0.15,R200_K20_tw0.15_cap0.15,98,20,qaoa,200,time_to_target,,3,50,16,0.01,63.481893699994544,0.15
0.15,,,,0.15,alns_grid,0.15,R200_K20_tw0.15_cap0.15,inf,20,efficient_su2,200,time_to_target,,3,50,16,0.01,inf,0.15
0.15,,,,0.15,alns_grid,0.15,R200_K20_tw0.15_cap0.15,inf,20,hybrid_alns,200,time_to_target,,3,50,16,0.01,inf,0.15
0.15,22.00563559999864,0.0,318779.0397435887,0.15,alns_grid,0.15,R100_K10_tw0.15_cap0.15,,10,regret_k,100,fixed_budget,318779.0397435887,3,10,128,,,0.15
0.15,21.805098500000895,0.1269239335987606,359239.72941668064,0.15,alns_grid,0.15,R100_K10_tw0.15_cap0.15,,10,standard_alns,100,fixed_budget,318779.0397435887,3,10,128,,,0.15
0.15,45.92375190000166,0.005037687409753008,320384.94889859814,0.15,alns_grid,0.15,R100_K10_tw0.15_cap0.15,,10,qaoa,100,fixed_budget,318779.0397435887,3,10,128,,,0.15
0.15,46.22365230000287,0.08706408185671409,346533.24415402923,0.15,alns_grid,0.15,R100_K10_tw0.15_cap0.15,,10,efficient_su2,100,fixed_budget,318779.0397435887,3,10,128,,,0.15
0.15,31.52929089999816,0.03605692222004024,330273.2307850024,0.15,alns_grid,0.15,R100_K10_tw0.15_cap0.15,,10,hybrid_alns,100,fixed_budget,318779.0397435887,3,10,128,,,0.15
0.15,,,,0.15,alns_grid,0.15,R100_K10_tw0.15_cap0.15,96,10,regret_k,100,time_to_target,,3,10,128,0.01,21.330394899996463,0.15
0.15,,,,0.15,alns_grid,0.15,R100_K10_tw0.15_cap0.15,inf,10,standard_alns,100,time_to_target,,3,10,128,0.01,inf,0.15
0.15,,,,0.15,alns_grid,0.15,R100_K10_tw0.15_cap0.15,90,10,qaoa,100,time_to_target,,3,10,128,0.01,42.07370230000379,0.15
0.15,,,,0.15,alns_grid,0.15,R100_K10_tw0.15_cap0.15,inf,10,efficient_su2,100,time_to_target,,3,10,128,0.01,inf,0.15
0.15,,,,0.15,alns_grid,0.15,R100_K10_tw0.15_cap0.15,inf,10,hybrid_alns,100,time_to_target,,3,10,128,0.01,inf,0.15
0.15,22.675636500003748,0.04894665400524734,310643.352736942,0.15,alns_grid,0.15,R100_K10_tw0.15_cap0.15,,10,regret_k,100,fixed_budget,296147.9037573516,3,20,128,,,0.15
0.15,22.084924300004786,0.006490966694660047,298070.189937334,0.15,alns_grid,0.15,R100_K10_tw0.15_cap0.15,,10,standard_alns,100,fixed_budget,296147.9037573516,3,20,128,,,0.15
0.15,46.00448909999977,0.0,296147.9037573516,0.15,alns_grid,0.15,R100_K10_tw0.15_cap0.15,,10,qaoa,100,fixed_budget,296147.9037573516,3,20,128,,,0.15
0.15,45.02029809999658,0.06092612986916007,314191.04940215155,0.15,alns_grid,0.15,R100_K10_tw0.15_cap0.15,,10,efficient_su2,100,fixed_budget,296147.9037573516,3,20,128,,,0.15
0.15,30.996088599997165,0.01762390679354039,301367.18681027356,0.15,alns_grid,0.15,R100_K10_tw0.15_cap0.15,,10,hybrid_alns,100,fixed_budget,296147.9037573516,3,20,128,,,0.15
0.15,,,,0.15,alns_grid,0.15,R100_K10_tw0.15_cap0.15,inf,10,regret_k,100,time_to_target,,3,20,128,0.01,inf,0.15
0.15,,,,0.15,alns_grid,0.15,R100_K10_tw0.15_cap0.15,97,10,standard_alns,100,time_to_target,,3,20,128,0.01,21.592362200004573,0.15
0.15,,,,0.15,alns_grid,0.15,R100_K10_tw0.15_cap0.15,96,10,qaoa,100,time_to_target,,3,20,128,0.01,44.56647569999768,0.15
0.15,,,,0.15,alns_grid,0.15,R100_K10_tw0.15_cap0.15,inf,10,efficient_su2,100,time_to_target,,3,20,128,0.01,inf,0.15
0.15,,,,0.15,alns_grid,0.15,R100_K10_tw0.15_cap0.15,inf,10,hybrid_alns,100,time_to_target,,3,20,128,0.01,inf,0.15
0.15,22.22805420000077,0.05362898469320116,291219.7231752082,0.15,alns_grid,0.15,R100_K10_tw0.15_cap0.15,,10,regret_k,100,fixed_budget,276396.8412087737,3,30,128,,,0.15
0.15,22.42275140000129,0.0,276396.8412087737,0.15,alns_grid,0.15,R100_K10_tw0.15_cap0.15,,10,standard_alns,100,fixed_budget,276396.8412087737,3,30,128,,,0.15
0.15,44.38541919999989,0.07321054869358795,296632.00561084255,0.15,alns_grid,0.15,R100_K10_tw0.15_cap0.15,,10,qaoa,100,fixed_budget,276396.8412087737,3,30,128,,,0.15
0.15,45.80820130000211,0.06739762684016971,295025.3323723643,0.15,alns_grid,0.15,R100_K10_tw0.15_cap0.15,,10,efficient_su2,100,fixed_budget,276396.8412087737,3,30,128,,,0.15
0.15,31.971303499994974,0.0024432429588189092,277072.14584489685,0.15,alns_grid,0.15,R100_K10_tw0.15_cap0.15,,10,hybrid_alns,100,fixed_budget,276396.8412087737,3,30,128,,,0.15
0.15,,,,0.15,alns_grid,0.15,R100_K10_tw0.15_cap0.15,inf,10,regret_k,100,time_to_target,,3,30,128,0.01,inf,0.15
0.15,,,,0.15,alns_grid,0.15,R100_K10_tw0.15_cap0.15,60,10,standard_alns,100,time_to_target,,3,30,128,0.01,13.708107800004655,0.15
0.15,,,,0.15,alns_grid,0.15,R100_K10_tw0.15_cap0.15,inf,10,qaoa,100,time_to_target,,3,30,128,0.01,inf,0.15
0.15,,,,0.15,alns_grid,0.15,R100_K10_tw0.15_cap0.15,inf,10,efficient_su2,100,time_to_target,,3,30,128,0.01,inf,0.15
0.15,,,,0.15,alns_grid,0.15,R100_K10_tw0.15_cap0.15,94,10,hybrid_alns,100,time_to_target,,3,30,128,0.01,30.423050099998363,0.15
0.15,21.82499309999548,0.0,296242.0583907979,0.15,alns_grid,0.15,R100_K10_tw0.15_cap0.15,,10,regret_k,100,fixed_budget,296242.0583907979,3,40,128,,,0.15
0.15,22.22549599999911,0.03806701093064683,307519.1080656777,0.15,alns_grid,0.15,R100_K10_tw0.15_cap0.15,,10,standard_alns,100,fixed_budget,296242.0583907979,3,40,128,,,0.15
0.15,45.71654319999652,0.0345197470176998,306468.25930245087,0.15,alns_grid,0.15,R100_K10_tw0.15_cap0.15,,10,qaoa,100,fixed_budget,296242.0583907979,3,40,128,,,0.15
0.15,44.98152090000076,0.05095802350693654,311337.9681660194,0.15,alns_grid,0.15,R100_K10_tw0.15_cap0.15,,10,efficient_su2,100,fixed_budget,296242.0583907979,3,40,128,,,0.15
0.15,31.923488699998416,0.09454209649913722,324249.40366228373,0.15,alns_grid,0.15,R100_K10_tw0.15_cap0.15,,10,hybrid_alns,100,fixed_budget,296242.0583907979,3,40,128,,,0.15
0.15,,,,0.15,alns_grid,0.15,R100_K10_tw0.15_cap0.15,84,10,regret_k,100,time_to_target,,3,40,128,0.01,18.532969799998682,0.15
0.15,,,,0.15,alns_grid,0.15,R100_K10_tw0.15_cap0.15,inf,10,standard_alns,100,time_to_target,,3,40,128,0.01,inf,0.15
0.15,,,,0.15,alns_grid,0.15,R100_K10_tw0.15_cap0.15,inf,10,qaoa,100,time_to_target,,3,40,128,0.01,inf,0.15
0.15,,,,0.15,alns_grid,0.15,R100_K10_tw0.15_cap0.15,inf,10,efficient_su2,100,time_to_target,,3,40,128,0.01,inf,0.15
0.15,,,,0.15,alns_grid,0.15,R100_K10_tw0.15_cap0.15,inf,10,hybrid_alns,100,time_to_target,,3,40,128,0.01,inf,0.15
0.15,22.352060700002767,0.17241598785667134,381363.8923291215,0.15,alns_grid,0.15,R100_K10_tw0.15_cap0.15,,10,regret_k,100,fixed_budget,325280.35806327086,3,50,128,,,0.15
0.15,21.846930799998518,0.03217510511733846,335746.2877765621,0.15,alns_grid,0.15,R100_K10_tw0.15_cap0.15,,10,standard_alns,100,fixed_budget,325280.35806327086,3,50,128,,,0.15
0.15,45.30281490000198,0.038505501386112334,337805.44134155125,0.15,alns_grid,0.15,R100_K10_tw0.15_cap0.15,,10,qaoa,100,fixed_budget,325280.35806327086,3,50,128,,,0.15
0.15,45.08799220000219,0.0,325280.35806327086,0.15,alns_grid,0.15,R100_K10_tw0.15_cap0.15,,10,efficient_su2,100,fixed_budget,325280.35806327086,3,50,128,,,0.15
0.15,30.629231000006257,0.03244185797735658,335833.0572423832,0.15,alns_grid,0.15,R100_K10_tw0.15_cap0.15,,10,hybrid_alns,100,fixed_budget,325280.35806327086,3,50,128,,,0.15
0.15,,,,0.15,alns_grid,0.15,R100_K10_tw0.15_cap0.15,inf,10,regret_k,100,time_to_target,,3,50,128,0.01,inf,0.15
0.15,,,,0.15,alns_grid,0.15,R100_K10_tw0.15_cap0.15,inf,10,standard_alns,100,time_to_target,,3,50,128,0.01,inf,0.15
0.15,,,,0.15,alns_grid,0.15,R100_K10_tw0.15_cap0.15,inf,10,qaoa,100,time_to_target,,3,50,128,0.01,inf,0.15
0.15,,,,0.15,alns_grid,0.15,R100_K10_tw0.15_cap0.15,80,10,efficient_su2,100,time_to_target,,3,50,128,0.01,35.92074159999902,0.15
0.15,,,,0.15,alns_grid,0.15,R100_K10_tw0.15_cap0.15,inf,10,hybrid_alns,100,time_to_target,,3,50,128,0.01,inf,0.15
0.15,35.47486299999582,0.008094120971064041,408986.4470457325,0.15,alns_grid,0.15,R150_K15_tw0.15_cap0.15,,15,regret_k,150,fixed_budget,405702.64079287485,3,10,128,,,0.15
0.15,37.16470339999796,0.0,405702.64079287485,0.15,alns_grid,0.15,R150_K15_tw0.15_cap0.15,,15,standard_alns,150,fixed_budget,405702.64079287485,3,10,128,,,0.15
0.15,60.71077019999939,0.04268994049460242,423022.06238682574,0.15,alns_grid,0.15,R150_K15_tw0.15_cap0.15,,15,qaoa,150,fixed_budget,405702.64079287485,3,10,128,,,0.15
0.15,60.62411169999541,0.008042869990572172,408965.65438760375,0.15,alns_grid,0.15,R150_K15_tw0.15_cap0.15,,15,efficient_su2,150,fixed_budget,405702.64079287485,3,10,128,,,0.15
0.15,44.91474020000169,0.03908012024859532,421557.5487802331,0.15,alns_grid,0.15,R150_K15_tw0.15_cap0.15,,15,hybrid_alns,150,fixed_budget,405702.64079287485,3,10,128,,,0.15
0.15,,,,0.15,alns_grid,0.15,R150_K15_tw0.15_cap0.15,94,15,regret_k,150,time_to_target,,3,10,128,0.01,33.74027579999529,0.15
0.15,,,,0.15,alns_grid,0.15,R150_K15_tw0.15_cap0.15,74,15,standard_alns,150,time_to_target,,3,10,128,0.01,28.48834899999929,0.15
0.15,,,,0.15,alns_grid,0.15,R150_K15_tw0.15_cap0.15,inf,15,qaoa,150,time_to_target,,3,10,128,0.01,inf,0.15
0.15,,,,0.15,alns_grid,0.15,R150_K15_tw0.15_cap0.15,86,15,efficient_su2,150,time_to_target,,3,10,128,0.01,53.08791569999448,0.15
0.15,,,,0.15,alns_grid,0.15,R150_K15_tw0.15_cap0.15,inf,15,hybrid_alns,150,time_to_target,,3,10,128,0.01,inf,0.15
0.15,35.868033200000355,0.0,388016.9992293645,0.15,alns_grid,0.15,R150_K15_tw0.15_cap0.15,,15,regret_k,150,fixed_budget,388016.9992293645,3,20,128,,,0.15
0.15,36.6683342000033,0.004309300244217965,389689.0809789043,0.15,alns_grid,0.15,R150_K15_tw0.15_cap0.15,,15,standard_alns,150,fixed_budget,388016.9992293645,3,20,128,,,0.15
0.15,58.533660100001725,0.01790660232392857,394965.06532948883,0.15,alns_grid,0.15,R150_K15_tw0.15_cap0.15,,15,qaoa,150,fixed_budget,388016.9992293645,3,20,128,,,0.15
0.15,59.56706639999902,0.08287120116229729,420172.4340268921,0.15,alns_grid,0.15,R150_K15_tw0.15_cap0.15,,15,efficient_su2,150,fixed_budget,388016.9992293645,3,20,128,,,0.15
0.15,43.694441800005734,0.015300111178320622,393953.7024566521,0.15,alns_grid,0.15,R150_K15_tw0.15_cap0.15,,15,hybrid_alns,150,fixed_budget,388016.9992293645,3,20,128,,,0.15
0.15,,,,0.15,alns_grid,0.15,R150_K15_tw0.15_cap0.15,66,15,regret_k,150,time_to_target,,3,20,128,0.01,24.180091100002755,0.15
0.15,,,,0.15,alns_grid,0.15,R150_K15_tw0.15_cap0.15,92,15,standard_alns,150,time_to_target,,3,20,128,0.01,34.19473300000391,0.15
0.15,,,,0.15,alns_grid,0.15,R150_K15_tw0.15_cap0.15,inf,15,qaoa,150,time_to_target,,3,20,128,0.01,inf,0.15
0.15,,,,0.15,alns_grid,0.15,R150_K15_tw0.15_cap0.15,inf,15,efficient_su2,150,time_to_target,,3,20,128,0.01,inf,0.15
0.15,,,,0.15,alns_grid,0.15,R150_K15_tw0.15_cap0.15,inf,15,hybrid_alns,150,time_to_target,,3,20,128,0.01,inf,0.15
0.15,34.85025200000382,0.0036505365545059687,363474.33572791726,0.15,alns_grid,0.15,R150_K15_tw0.15_cap0.15,,15,regret_k,150,fixed_budget,362152.2855711419,3,30,128,,,0.15
0.15,34.926366400002735,0.0,362152.2855711419,0.15,alns_grid,0.15,R150_K15_tw0.15_cap0.15,,15,standard_alns,150,fixed_budget,362152.2855711419,3,30,128,,,0.15
0.15,60.299702800002706,0.021289373232746153,369862.28074575803,0.15,alns_grid,0.15,R150_K15_tw0.15_cap0.15,,15,qaoa,150,fixed_budget,362152.2855711419,3,30,128,,,0.15
0.15,59.1785297000024,0.013392655715234252,367002.4664482814,0.15,alns_grid,0.15,R150_K15_tw0.15_cap0.15,,15,efficient_su2,150,fixed_budget,362152.2855711419,3,30,128,,,0.15
0.15,46.580384299995785,0.06543693174033915,385850.41996166855,0.15,alns_grid,0.15,R150_K15_tw0.15_cap0.15,,15,hybrid_alns,150,fixed_budget,362152.2855711419,3,30,128,,,0.15
0.15,,,,0.15,alns_grid,0.15,R150_K15_tw0.15_cap0.15,94,15,regret_k,150,time_to_target,,3,30,128,0.01,33.10684310000215,0.15
0.15,,,,0.15,alns_grid,0.15,R150_K15_tw0.15_cap0.15,79,15,standard_alns,150,time_to_target,,3,30,128,0.01,27.718790300001274,0.15
0.15,,,,0.15,alns_grid,0.15,R150_K15_tw0.15_cap0.15,inf,15,qaoa,150,time_to_target,,3,30,128,0.01,inf,0.15
0.15,,,,0.15,alns_grid,0.15,R150_K15_tw0.15_cap0.15,inf,15,efficient_su2,150,time_to_target,,3,30,128,0.01,inf,0.15
0.15,,,,0.15,alns_grid,0.15,R150_K15_tw0.15_cap0.15,inf,15,hybrid_alns,150,time_to_target,,3,30,128,0.01,inf,0.15
0.15,35.53768819999823,0.0,397598.6342404866,0.15,alns_grid,0.15,R150_K15_tw0.15_cap0.15,,15,regret_k,150,fixed_budget,397598.6342404866,3,40,128,,,0.15
0.15,35.47786169999745,0.096475460700893,435957.1456528834,0.15,alns_grid,0.15,R150_K15_tw0.15_cap0.15,,15,standard_alns,150,fixed_budget,397598.6342404866,3,40,128,,,0.15
0.15,60.068966799997725,0.11009410309201799,441371.8992678043,0.15,alns_grid,0.15,R150_K15_tw0.15_cap0.15,,15,qaoa,150,fixed_budget,397598.6342404866,3,40,128,,,0.15
0.15,59.98582350000652,0.11445547003014188,443105.97280582396,0.15,alns_grid,0.15,R150_K15_tw0.15_cap0.15,,15,efficient_su2,150,fixed_budget,397598.6342404866,3,40,128,,,0.15
0.15,42.475530299998354,0.07861183761444894,428854.5935111264,0.15,alns_grid,0.15,R150_K15_tw0.15_cap0.15,,15,hybrid_alns,150,fixed_budget,397598.6342404866,3,40,128,,,0.15
0.15,,,,0.15,alns_grid,0.15,R150_K15_tw0.15_cap0.15,89,15,regret_k,150,time_to_target,,3,40,128,0.01,31.92206299999816,0.15
0.15,,,,0.15,alns_grid,0.15,R150_K15_tw0.15_cap0.15,inf,15,standard_alns,150,time_to_target,,3,40,128,0.01,inf,0.15
0.15,,,,0.15,alns_grid,0.15,R150_K15_tw0.15_cap0.15,inf,15,qaoa,150,time_to_target,,3,40,128,0.01,inf,0.15
0.15,,,,0.15,alns_grid,0.15,R150_K15_tw0.15_cap0.15,inf,15,efficient_su2,150,time_to_target,,3,40,128,0.01,inf,0.15
0.15,,,,0.15,alns_grid,0.15,R150_K15_tw0.15_cap0.15,inf,15,hybrid_alns,150,time_to_target,,3,40,128,0.01,inf,0.15
0.15,35.06848309999623,0.0,423431.21021886164,0.15,alns_grid,0.15,R150_K15_tw0.15_cap0.15,,15,regret_k,150,fixed_budget,423431.21021886164,3,50,128,,,0.15
0.15,35.83966380000493,0.049778860196431685,444509.1332351522,0.15,alns_grid,0.15,R150_K15_tw0.15_cap0.15,,15,standard_alns,150,fixed_budget,423431.21021886164,3,50,128,,,0.15
0.15,59.76154520000273,0.07554054611516019,455417.43508099765,0.15,alns_grid,0.15,R150_K15_tw0.15_cap0.15,,15,qaoa,150,fixed_budget,423431.21021886164,3,50,128,,,0.15
0.15,58.88056869999855,0.0660431427525604,451395.93808123533,0.15,alns_grid,0.15,R150_K15_tw0.15_cap0.15,,15,efficient_su2,150,fixed_budget,423431.21021886164,3,50,128,,,0.15
0.15,45.087751399994886,0.07698293689519956,456028.18835459824,0.15,alns_grid,0.15,R150_K15_tw0.15_cap0.15,,15,hybrid_alns,150,fixed_budget,423431.21021886164,3,50,128,,,0.15
0.15,,,,0.15,alns_grid,0.15,R150_K15_tw0.15_cap0.15,99,15,regret_k,150,time_to_target,,3,50,128,0.01,35.06848309999623,0.15
0.15,,,,0.15,alns_grid,0.15,R150_K15_tw0.15_cap0.15,inf,15,standard_alns,150,time_to_target,,3,50,128,0.01,inf,0.15
0.15,,,,0.15,alns_grid,0.15,R150_K15_tw0.15_cap0.15,inf,15,qaoa,150,time_to_target,,3,50,128,0.01,inf,0.15
0.15,,,,0.15,alns_grid,0.15,R150_K15_tw0.15_cap0.15,inf,15,efficient_su2,150,time_to_target,,3,50,128,0.01,inf,0.15
0.15,,,,0.15,alns_grid,0.15,R150_K15_tw0.15_cap0.15,inf,15,hybrid_alns,150,time_to_target,,3,50,128,0.01,inf,0.15
0.15,47.11000989999593,0.05660487678442083,496691.9669194636,0.15,alns_grid,0.15,R200_K20_tw0.15_cap0.15,,20,regret_k,200,fixed_budget,470082.9778782137,3,10,128,,,0.15
0.15,49.71601759999612,0.02702719791246641,482788.00355660974,0.15,alns_grid,0.15,R200_K20_tw0.15_cap0.15,,20,standard_alns,200,fixed_budget,470082.9778782137,3,10,128,,,0.15
0.15,72.10860569999932,0.0,470082.9778782137,0.15,alns_grid,0.15,R200_K20_tw0.15_cap0.15,,20,qaoa,200,fixed_budget,470082.9778782137,3,10,128,,,0.15
0.15,71.97593139999663,0.06879226534690339,502421.0508274743,0.15,alns_grid,0.15,R200_K20_tw0.15_cap0.15,,20,efficient_su2,200,fixed_budget,470082.9778782137,3,10,128,,,0.15
0.15,58.536023900000146,0.044132248727198446,490828.79678035714,0.15,alns_grid,0.15,R200_K20_tw0.15_cap0.15,,20,hybrid_alns,200,fixed_budget,470082.9778782137,3,10,128,,,0.15
0.15,,,,0.15,alns_grid,0.15,R200_K20_tw0.15_cap0.15,inf,20,regret_k,200,time_to_target,,3,10,128,0.01,inf,0.15
0.15,,,,0.15,alns_grid,0.15,R200_K20_tw0.15_cap0.15,inf,20,standard_alns,200,time_to_target,,3,10,128,0.01,inf,0.15
0.15,,,,0.15,alns_grid,0.15,R200_K20_tw0.15_cap0.15,95,20,qaoa,200,time_to_target,,3,10,128,0.01,69.20663210000203,0.15
0.15,,,,0.15,alns_grid,0.15,R200_K20_tw0.15_cap0.15,inf,20,efficient_su2,200,time_to_target,,3,10,128,0.01,inf,0.15
0.15,,,,0.15,alns_grid,0.15,R200_K20_tw0.15_cap0.15,inf,20,hybrid_alns,200,time_to_target,,3,10,128,0.01,inf,0.15
0.15,50.014947499999835,0.010000975933328701,496795.50356182235,0.15,alns_grid,0.15,R200_K20_tw0.15_cap0.15,,20,regret_k,200,fixed_budget,491876.2609142433,3,20,128,,,0.15
0.15,51.30301170000166,0.0,491876.2609142433,0.15,alns_grid,0.15,R200_K20_tw0.15_cap0.15,,20,standard_alns,200,fixed_budget,491876.2609142433,3,20,128,,,0.15
0.15,76.85293470000033,0.10350090827697707,542785.9006787508,0.15,alns_grid,0.15,R200_K20_tw0.15_cap0.15,,20,qaoa,200,fixed_budget,491876.2609142433,3,20,128,,,0.15
0.15,74.85677340000257,0.06675728012245934,524712.5822496833,0.15,alns_grid,0.15,R200_K20_tw0.15_cap0.15,,20,efficient_su2,200,fixed_budget,491876.2609142433,3,20,128,,,0.15
0.15,60.05443680000462,0.06318897355265331,522957.4169563314,0.15,alns_grid,0.15,R200_K20_tw0.15_cap0.15,,20,hybrid_alns,200,fixed_budget,491876.2609142433,3,20,128,,,0.15
0.15,,,,0.15,alns_grid,0.15,R200_K20_tw0.15_cap0.15,inf,20,regret_k,200,time_to_target,,3,20,128,0.01,inf,0.15
0.15,,,,0.15,alns_grid,0.15,R200_K20_tw0.15_cap0.15,93,20,standard_alns,200,time_to_target,,3,20,128,0.01,48.39137589999882,0.15
0.15,,,,0.15,alns_grid,0.15,R200_K20_tw0.15_cap0.15,inf,20,qaoa,200,time_to_target,,3,20,128,0.01,inf,0.15
0.15,,,,0.15,alns_grid,0.15,R200_K20_tw0.15_cap0.15,inf,20,efficient_su2,200,time_to_target,,3,20,128,0.01,inf,0.15
0.15,,,,0.15,alns_grid,0.15,R200_K20_tw0.15_cap0.15,inf,20,hybrid_alns,200,time_to_target,,3,20,128,0.01,inf,0.15
0.15,49.2138696999973,0.10073534526168505,531035.227533761,0.15,alns_grid,0.15,R200_K20_tw0.15_cap0.15,,20,regret_k,200,fixed_budget,482436.790841412,3,30,128,,,0.15
0.15,50.49496270000236,0.06235566059995461,512519.45563205035,0.15,alns_grid,0.15,R200_K20_tw0.15_cap0.15,,20,standard_alns,200,fixed_budget,482436.790841412,3,30,128,,,0.15
0.15,72.38260839999566,0.018151977943413524,491193.9728278565,0.15,alns_grid,0.15,R200_K20_tw0.15_cap0.15,,20,qaoa,200,fixed_budget,482436.790841412,3,30,128,,,0.15
0.15,71.76966790000006,0.091270602732057,526469.087521627,0.15,alns_grid,0.15,R200_K20_tw0.15_cap0.15,,20,efficient_su2,200,fixed_budget,482436.790841412,3,30,128,,,0.15
0.15,59.23733219999849,0.0,482436.790841412,0.15,alns_grid,0.15,R200_K20_tw0.15_cap0.15,,20,hybrid_alns,200,fixed_budget,482436.790841412,3,30,128,,,0.15
0.15,,,,0.15,alns_grid,0.15,R200_K20_tw0.15_cap0.15,inf,20,regret_k,200,time_to_target,,3,30,128,0.01,inf,0.15
0.15,,,,0.15,alns_grid,0.15,R200_K20_tw0.15_cap0.15,inf,20,standard_alns,200,time_to_target,,3,30,128,0.01,inf,0.15
0.15,,,,0.15,alns_grid,0.15,R200_K20_tw0.15_cap0.15,inf,20,qaoa,200,time_to_target,,3,30,128,0.01,inf,0.15
0.15,,,,0.15,alns_grid,0.15,R200_K20_tw0.15_cap0.15,inf,20,efficient_su2,200,time_to_target,,3,30,128,0.01,inf,0.15
0.15,,,,0.15,alns_grid,0.15,R200_K20_tw0.15_cap0.15,82,20,hybrid_alns,200,time_to_target,,3,30,128,0.01,50.06020089999947,0.15
0.15,49.397536800002854,0.07660375997960048,565297.8361166272,0.15,alns_grid,0.15,R200_K20_tw0.15_cap0.15,,20,regret_k,200,fixed_budget,525075.1085314234,3,40,128,,,0.15
0.15,48.27693920000456,0.07191712017144511,562836.9982107123,0.15,alns_grid,0.15,R200_K20_tw0.15_cap0.15,,20,standard_alns,200,fixed_budget,525075.1085314234,3,40,128,,,0.15
0.15,71.62170100000367,0.0,525075.1085314234,0.15,alns_grid,0.15,R200_K20_tw0.15_cap0.15,,20,qaoa,200,fixed_budget,525075.1085314234,3,40,128,,,0.15
0.15,70.81284959999903,0.022463611249616863,536870.1916463237,0.15,alns_grid,0.15,R200_K20_tw0.15_cap0.15,,20,efficient_su2,200,fixed_budget,525075.1085314234,3,40,128,,,0.15
0.15,57.1463300999967,0.03121885213283311,541467.3507032972,0.15,alns_grid,0.15,R200_K20_tw0.15_cap0.15,,20,hybrid_alns,200,fixed_budget,525075.1085314234,3,40,128,,,0.15
0.15,,,,0.15,alns_grid,0.15,R200_K20_tw0.15_cap0.15,inf,20,regret_k,200,time_to_target,,3,40,128,0.01,inf,0.15
0.15,,,,0.15,alns_grid,0.15,R200_K20_tw0.15_cap0.15,inf,20,standard_alns,200,time_to_target,,3,40,128,0.01,inf,0.15
0.15,,,,0.15,alns_grid,0.15,R200_K20_tw0.15_cap0.15,97,20,qaoa,200,time_to_target,,3,40,128,0.01,70.3557495999994,0.15
0.15,,,,0.15,alns_grid,0.15,R200_K20_tw0.15_cap0.15,inf,20,efficient_su2,200,time_to_target,,3,40,128,0.01,inf,0.15
0.15,,,,0.15,alns_grid,0.15,R200_K20_tw0.15_cap0.15,inf,20,hybrid_alns,200,time_to_target,,3,40,128,0.01,inf,0.15
0.15,50.014879700000165,0.06656213164537515,514935.70894385024,0.15,alns_grid,0.15,R200_K20_tw0.15_cap0.15,,20,regret_k,200,fixed_budget,482799.54225401185,3,50,128,,,0.15
0.15,49.364836799999466,0.04935641285021027,506628.7957853934,0.15,alns_grid,0.15,R200_K20_tw0.15_cap0.15,,20,standard_alns,200,fixed_budget,482799.54225401185,3,50,128,,,0.15
0.15,72.67958139999973,0.014318197904515505,489712.3616482143,0.15,alns_grid,0.15,R200_K20_tw0.15_cap0.15,,20,qaoa,200,fixed_budget,482799.54225401185,3,50,128,,,0.15
0.15,73.61579299999721,0.012734721923297816,488947.86016931216,0.15,alns_grid,0.15,R200_K20_tw0.15_cap0.15,,20,efficient_su2,200,fixed_budget,482799.54225401185,3,50,128,,,0.15
0.15,61.28274589999637,0.0,482799.54225401185,0.15,alns_grid,0.15,R200_K20_tw0.15_cap0.15,,20,hybrid_alns,200,fixed_budget,482799.54225401185,3,50,128,,,0.15
0.15,,,,0.15,alns_grid,0.15,R200_K20_tw0.15_cap0.15,inf,20,regret_k,200,time_to_target,,3,50,128,0.01,inf,0.15
0.15,,,,0.15,alns_grid,0.15,R200_K20_tw0.15_cap0.15,inf,20,standard_alns,200,time_to_target,,3,50,128,0.01,inf,0.15
0.15,,,,0.15,alns_grid,0.15,R200_K20_tw0.15_cap0.15,inf,20,qaoa,200,time_to_target,,3,50,128,0.01,inf,0.15
0.15,,,,0.15,alns_grid,0.15,R200_K20_tw0.15_cap0.15,inf,20,efficient_su2,200,time_to_target,,3,50,128,0.01,inf,0.15
0.15,,,,0.15,alns_grid,0.15,R200_K20_tw0.15_cap0.15,93,20,hybrid_alns,200,time_to_target,,3,50,128,0.01,57.84426959999837,0.15
0.15,22.013858999998774,0.0,318779.0397435887,0.15,alns_grid,0.15,R100_K10_tw0.15_cap0.15,,10,regret_k,100,fixed_budget,318779.0397435887,3,10,1024,,,0.15
0.15,21.83533869999519,0.1269239335987606,359239.72941668064,0.15,alns_grid,0.15,R100_K10_tw0.15_cap0.15,,10,standard_alns,100,fixed_budget,318779.0397435887,3,10,1024,,,0.15
0.15,45.03384450000158,0.10695757998440528,352874.8743843155,0.15,alns_grid,0.15,R100_K10_tw0.15_cap0.15,,10,qaoa,100,fixed_budget,318779.0397435887,3,10,1024,,,0.15
0.15,45.95714959999896,0.08706408185671409,346533.24415402923,0.15,alns_grid,0.15,R100_K10_tw0.15_cap0.15,,10,efficient_su2,100,fixed_budget,318779.0397435887,3,10,1024,,,0.15
0.15,33.71953780000331,0.048662549254429616,334291.6404663909,0.15,alns_grid,0.15,R100_K10_tw0.15_cap0.15,,10,hybrid_alns,100,fixed_budget,318779.0397435887,3,10,1024,,,0.15
0.15,,,,0.15,alns_grid,0.15,R100_K10_tw0.15_cap0.15,96,10,regret_k,100,time_to_target,,3,10,1024,0.01,21.35589639999671,0.15
0.15,,,,0.15,alns_grid,0.15,R100_K10_tw0.15_cap0.15,inf,10,standard_alns,100,time_to_target,,3,10,1024,0.01,inf,0.15
0.15,,,,0.15,alns_grid,0.15,R100_K10_tw0.15_cap0.15,inf,10,qaoa,100,time_to_target,,3,10,1024,0.01,inf,0.15
0.15,,,,0.15,alns_grid,0.15,R100_K10_tw0.15_cap0.15,inf,10,efficient_su2,100,time_to_target,,3,10,1024,0.01,inf,0.15
0.15,,,,0.15,alns_grid,0.15,R100_K10_tw0.15_cap0.15,inf,10,hybrid_alns,100,time_to_target,,3,10,1024,0.01,inf,0.15
0.15,22.987024900001416,0.04218188609284072,310643.352736942,0.15,alns_grid,0.15,R100_K10_tw0.15_cap0.15,,10,regret_k,100,fixed_budget,298070.189937334,3,20,1024,,,0.15
0.15,22.69144360000064,0.0,298070.189937334,0.15,alns_grid,0.15,R100_K10_tw0.15_cap0.15,,10,standard_alns,100,fixed_budget,298070.189937334,3,20,1024,,,0.15
0.15,43.94738900000084,0.049945390816798114,312957.4220645914,0.15,alns_grid,0.15,R100_K10_tw0.15_cap0.15,,10,qaoa,100,fixed_budget,298070.189937334,3,20,1024,,,0.15
0.15,44.54045889999543,0.054084105049910555,314191.04940215155,0.15,alns_grid,0.15,R100_K10_tw0.15_cap0.15,,10,efficient_su2,100,fixed_budget,298070.189937334,3,20,1024,,,0.15
0.15,31.652750900000683,0.0751987093458797,320484.6835151027,0.15,alns_grid,0.15,R100_K10_tw0.15_cap0.15,,10,hybrid_alns,100,fixed_budget,298070.189937334,3,20,1024,,,0.15
0.15,,,,0.15,alns_grid,0.15,R100_K10_tw0.15_cap0.15,inf,10,regret_k,100,time_to_target,,3,20,1024,0.01,inf,0.15
0.15,,,,0.15,alns_grid,0.15,R100_K10_tw0.15_cap0.15,75,10,standard_alns,100,time_to_target,,3,20,1024,0.01,17.32386659999611,0.15
0.15,,,,0.15,alns_grid,0.15,R100_K10_tw0.15_cap0.15,inf,10,qaoa,100,time_to_target,,3,20,1024,0.01,inf,0.15
0.15,,,,0.15,alns_grid,0.15,R100_K10_tw0.15_cap0.15,inf,10,efficient_su2,100,time_to_target,,3,20,1024,0.01,inf,0.15
0.15,,,,0.15,alns_grid,0.15,R100_K10_tw0.15_cap0.15,inf,10,hybrid_alns,100,time_to_target,,3,20,1024,0.01,inf,0.15
0.15,22.43560580000485,0.05362898469320116,291219.7231752082,0.15,alns_grid,0.15,R100_K10_tw0.15_cap0.15,,10,regret_k,100,fixed_budget,276396.8412087737,3,30,1024,,,0.15
0.15,22.218818699999247,0.0,276396.8412087737,0.15,alns_grid,0.15,R100_K10_tw0.15_cap0.15,,10,standard_alns,100,fixed_budget,276396.8412087737,3,30,1024,,,0.15
0.15,44.96050000000105,0.07610906355667534,297433.1459631966,0.15,alns_grid,0.15,R100_K10_tw0.15_cap0.15,,10,qaoa,100,fixed_budget,276396.8412087737,3,30,1024,,,0.15
0.15,44.92818090000219,0.06739762684016971,295025.3323723643,0.15,alns_grid,0.15,R100_K10_tw0.15_cap0.15,,10,efficient_su2,100,fixed_budget,276396.8412087737,3,30,1024,,,0.15
0.15,29.08933039999829,0.0385072763231149,287040.1307480361,0.15,alns_grid,0.15,R100_K10_tw0.15_cap0.15,,10,hybrid_alns,100,fixed_budget,276396.8412087737,3,30,1024,,,0.15
0.15,,,,0.15,alns_grid,0.15,R100_K10_tw0.15_cap0.15,inf,10,regret_k,100,time_to_target,,3,30,1024,0.01,inf,0.15
0.15,,,,0.15,alns_grid,0.15,R100_K10_tw0.15_cap0.15,60,10,standard_alns,100,time_to_target,,3,30,1024,0.01,13.53024159999768,0.15
0.15,,,,0.15,alns_grid,0.15,R100_K10_tw0.15_cap0.15,inf,10,qaoa,100,time_to_target,,3,30,1024,0.01,inf,0.15
0.15,,,,0.15,alns_grid,0.15,R100_K10_tw0.15_cap0.15,inf,10,efficient_su2,100,time_to_target,,3,30,1024,0.01,inf,0.15
0.15,,,,0.15,alns_grid,0.15,R100_K10_tw0.15_cap0.15,inf,10,hybrid_alns,100,time_to_target,,3,30,1024,0.01,inf,0.15
0.15,22.139128900002106,0.023637885996740028,296242.0583907979,0.15,alns_grid,0.15,R100_K10_tw0.15_cap0.15,,10,regret_k,100,fixed_budget,289401.22522169066,3,40,1024,,,0.15
0.15,21.997869500002707,0.06260472059200214,307519.1080656777,0.15,alns_grid,0.15,R100_K10_tw0.15_cap0.15,,10,standard_alns,100,fixed_budget,289401.22522169066,3,40,1024,,,0.15
0.15,45.5559232999949,0.17045752910180154,338731.842992014,0.15,alns_grid,0.15,R100_K10_tw0.15_cap0.15,,10,qaoa,100,fixed_budget,289401.22522169066,3,40,1024,,,0.15
0.15,45.895030899999256,0.07580044945395274,311337.9681660194,0.15,alns_grid,0.15,R100_K10_tw0.15_cap0.15,,10,efficient_su2,100,fixed_budget,289401.22522169066,3,40,1024,,,0.15
0.15,30.41633059999731,0.0,289401.22522169066,0.15,alns_grid,0.15,R100_K10_tw0.15_cap0.15,,10,hybrid_alns,100,fixed_budget,289401.22522169066,3,40,1024,,,0.15
0.15,,,,0.15,alns_grid,0.15,R100_K10_tw0.15_cap0.15,inf,10,regret_k,100,time_to_target,,3,40,1024,0.01,inf,0.15
0.15,,,,0.15,alns_grid,0.15,R100_K10_tw0.15_cap0.15,inf,10,standard_alns,100,time_to_target,,3,40,1024,0.01,inf,0.15
0.15,,,,0.15,alns_grid,0.15,R100_K10_tw0.15_cap0.15,inf,10,qaoa,100,time_to_target,,3,40,1024,0.01,inf,0.15
0.15,,,,0.15,alns_grid,0.15,R100_K10_tw0.15_cap0.15,inf,10,efficient_su2,100,time_to_target,,3,40,1024,0.01,inf,0.15
0.15,,,,0.15,alns_grid,0.15,R100_K10_tw0.15_cap0.15,82,10,hybrid_alns,100,time_to_target,,3,40,1024,0.01,25.130258400000457,0.15
0.15,22.398004100003163,0.17241598785667134,381363.8923291215,0.15,alns_grid,0.15,R100_K10_tw0.15_cap0.15,,10,regret_k,100,fixed_budget,325280.35806327086,3,50,1024,,,0.15
0.15,22.319160599996394,0.03217510511733846,335746.2877765621,0.15,alns_grid,0.15,R100_K10_tw0.15_cap0.15,,10,standard_alns,100,fixed_budget,325280.35806327086,3,50,1024,,,0.15
0.15,45.17491329999757,0.22856141029861674,399626.8954446511,0.15,alns_grid,0.15,R100_K10_tw0.15_cap0.15,,10,qaoa,100,fixed_budget,325280.35806327086,3,50,1024,,,0.15
0.15,45.94123039999977,0.0,325280.35806327086,0.15,alns_grid,0.15,R100_K10_tw0.15_cap0.15,,10,efficient_su2,100,fixed_budget,325280.35806327086,3,50,1024,,,0.15
0.15,30.73444360000576,0.07891728288660506,350950.6000980062,0.15,alns_grid,0.15,R100_K10_tw0.15_cap0.15,,10,hybrid_alns,100,fixed_budget,325280.35806327086,3,50,1024,,,0.15
0.15,,,,0.15,alns_grid,0.15,R100_K10_tw0.15_cap0.15,inf,10,regret_k,100,time_to_target,,3,50,1024,0.01,inf,0.15
0.15,,,,0.15,alns_grid,0.15,R100_K10_tw0.15_cap0.15,inf,10,standard_alns,100,time_to_target,,3,50,1024,0.01,inf,0.15
0.15,,,,0.15,alns_grid,0.15,R100_K10_tw0.15_cap0.15,inf,10,qaoa,100,time_to_target,,3,50,1024,0.01,inf,0.15
0.15,,,,0.15,alns_grid,0.15,R100_K10_tw0.15_cap0.15,80,10,efficient_su2,100,time_to_target,,3,50,1024,0.01,37.48815719999402,0.15
0.15,,,,0.15,alns_grid,0.15,R100_K10_tw0.15_cap0.15,inf,10,hybrid_alns,100,time_to_target,,3,50,1024,0.01,inf,0.15
0.15,36.11159079999925,0.008094120971064041,408986.4470457325,0.15,alns_grid,0.15,R150_K15_tw0.15_cap0.15,,15,regret_k,150,fixed_budget,405702.64079287485,3,10,1024,,,0.15
0.15,36.664323099998,0.0,405702.64079287485,0.15,alns_grid,0.15,R150_K15_tw0.15_cap0.15,,15,standard_alns,150,fixed_budget,405702.64079287485,3,10,1024,,,0.15
0.15,59.98537990000477,0.02547902812721137,416039.54978892044,0.15,alns_grid,0.15,R150_K15_tw0.15_cap0.15,,15,qaoa,150,fixed_budget,405702.64079287485,3,10,1024,,,0.15
0.15,58.61718439999822,0.008042869990572172,408965.65438760375,0.15,alns_grid,0.15,R150_K15_tw0.15_cap0.15,,15,efficient_su2,150,fixed_budget,405702.64079287485,3,10,1024,,,0.15
0.15,44.06322740000178,0.05767524054938448,429101.63819212443,0.15,alns_grid,0.15,R150_K15_tw0.15_cap0.15,,15,hybrid_alns,150,fixed_budget,405702.64079287485,3,10,1024,,,0.15
0.15,,,,0.15,alns_grid,0.15,R150_K15_tw0.15_cap0.15,94,15,regret_k,150,time_to_target,,3,10,1024,0.01,34.44854660000419,0.15
0.15,,,,0.15,alns_grid,0.15,R150_K15_tw0.15_cap0.15,74,15,standard_alns,150,time_to_target,,3,10,1024,0.01,27.748602399995434,0.15
0.15,,,,0.15,alns_grid,0.15,R150_K15_tw0.15_cap0.15,inf,15,qaoa,150,time_to_target,,3,10,1024,0.01,inf,0.15
0.15,,,,0.15,alns_grid,0.15,R150_K15_tw0.15_cap0.15,86,15,efficient_su2,150,time_to_target,,3,10,1024,0.01,51.55200060000061,0.15
0.15,,,,0.15,alns_grid,0.15,R150_K15_tw0.15_cap0.15,inf,15,hybrid_alns,150,time_to_target,,3,10,1024,0.01,inf,0.15
0.15,35.569023000003654,0.0,388016.9992293645,0.15,alns_grid,0.15,R150_K15_tw0.15_cap0.15,,15,regret_k,150,fixed_budget,388016.9992293645,3,20,1024,,,0.15
0.15,35.30276869999943,0.004309300244217965,389689.0809789043,0.15,alns_grid,0.15,R150_K15_tw0.15_cap0.15,,15,standard_alns,150,fixed_budget,388016.9992293645,3,20,1024,,,0.15
0.15,58.592965800002276,0.14043307385539422,442507.4191392903,0.15,alns_grid,0.15,R150_K15_tw0.15_cap0.15,,15,qaoa,150,fixed_budget,388016.9992293645,3,20,1024,,,0.15
0.15,59.982130999997025,0.08287120116229729,420172.4340268921,0.15,alns_grid,0.15,R150_K15_tw0.15_cap0.15,,15,efficient_su2,150,fixed_budget,388016.9992293645,3,20,1024,,,0.15
0.15,43.06625789999816,0.005866375445723219,390293.25262616685,0.15,alns_grid,0.15,R150_K15_tw0.15_cap0.15,,15,hybrid_alns,150,fixed_budget,388016.9992293645,3,20,1024,,,0.15
0.15,,,,0.15,alns_grid,0.15,R150_K15_tw0.15_cap0.15,66,15,regret_k,150,time_to_target,,3,20,1024,0.01,24.10855520000041,0.15
0.15,,,,0.15,alns_grid,0.15,R150_K15_tw0.15_cap0.15,92,15,standard_alns,150,time_to_target,,3,20,1024,0.01,32.96079090000421,0.15
0.15,,,,0.15,alns_grid,0.15,R150_K15_tw0.15_cap0.15,inf,15,qaoa,150,time_to_target,,3,20,1024,0.01,inf,0.15
0.15,,,,0.15,alns_grid,0.15,R150_K15_tw0.15_cap0.15,inf,15,efficient_su2,150,time_to_target,,3,20,1024,0.01,inf,0.15
0.15,,,,0.15,alns_grid,0.15,R150_K15_tw0.15_cap0.15,94,15,hybrid_alns,150,time_to_target,,3,20,1024,0.01,40.94959419999941,0.15
0.15,34.99903760000598,0.0036505365545059687,363474.33572791726,0.15,alns_grid,0.15,R150_K15_tw0.15_cap0.15,,15,regret_k,150,fixed_budget,362152.2855711419,3,30,1024,,,0.15
0.15,34.89062470000499,0.0,362152.2855711419,0.15,alns_grid,0.15,R150_K15_tw0.15_cap0.15,,15,standard_alns,150,fixed_budget,362152.2855711419,3,30,1024,,,0.15
0.15,59.388976000002,0.05420048474553125,381781.1150007999,0.15,alns_grid,0.15,R150_K15_tw0.15_cap0.15,,15,qaoa,150,fixed_budget,362152.2855711419,3,30,1024,,,0.15
0.15,59.35893220000435,0.013392655715234252,367002.4664482814,0.15,alns_grid,0.15,R150_K15_tw0.15_cap0.15,,15,efficient_su2,150,fixed_budget,362152.2855711419,3,30,1024,,,0.15
0.15,44.66905969999789,0.060285532174589686,383984.8288350422,0.15,alns_grid,0.15,R150_K15_tw0.15_cap0.15,,15,hybrid_alns,150,fixed_budget,362152.2855711419,3,30,1024,,,0.15
0.15,,,,0.15,alns_grid,0.15,R150_K15_tw0.15_cap0.15,94,15,regret_k,150,time_to_target,,3,30,1024,0.01,33.40302430000156,0.15
0.15,,,,0.15,alns_grid,0.15,R150_K15_tw0.15_cap0.15,79,15,standard_alns,150,time_to_target,,3,30,1024,0.01,27.8605297000031,0.15
0.15,,,,0.15,alns_grid,0.15,R150_K15_tw0.15_cap0.15,inf,15,qaoa,150,time_to_target,,3,30,1024,0.01,inf,0.15
0.15,,,,0.15,alns_grid,0.15,R150_K15_tw0.15_cap0.15,inf,15,efficient_su2,150,time_to_target,,3,30,1024,0.01,inf,0.15
0.15,,,,0.15,alns_grid,0.15,R150_K15_tw0.15_cap0.15,inf,15,hybrid_alns,150,time_to_target,,3,30,1024,0.01,inf,0.15
0.15,34.63875809999445,0.0,397598.6342404866,0.15,alns_grid,0.15,R150_K15_tw0.15_cap0.15,,15,regret_k,150,fixed_budget,397598.6342404866,3,40,1024,,,0.15
0.15,34.51184039999498,0.096475460700893,435957.1456528834,0.15,alns_grid,0.15,R150_K15_tw0.15_cap0.15,,15,standard_alns,150,fixed_budget,397598.6342404866,3,40,1024,,,0.15
0.15,60.35068280000269,0.05031318274035993,417603.08698234573,0.15,alns_grid,0.15,R150_K15_tw0.15_cap0.15,,15,qaoa,150,fixed_budget,397598.6342404866,3,40,1024,,,0.15
0.15,60.29903809999814,0.11445547003014188,443105.97280582396,0.15,alns_grid,0.15,R150_K15_tw0.15_cap0.15,,15,efficient_su2,150,fixed_budget,397598.6342404866,3,40,1024,,,0.15
0.15,43.17791230000148,0.1307059569826724,449567.14422389294,0.15,alns_grid,0.15,R150_K15_tw0.15_cap0.15,,15,hybrid_alns,150,fixed_budget,397598.6342404866,3,40,1024,,,0.15
0.15,,,,0.15,alns_grid,0.15,R150_K15_tw0.15_cap0.15,89,15,regret_k,150,time_to_target,,3,40,1024,0.01,31.095364799999516,0.15
0.15,,,,0.15,alns_grid,0.15,R150_K15_tw0.15_cap0.15,inf,15,standard_alns,150,time_to_target,,3,40,1024,0.01,inf,0.15
0.15,,,,0.15,alns_grid,0.15,R150_K15_tw0.15_cap0.15,inf,15,qaoa,150,time_to_target,,3,40,1024,0.01,inf,0.15
0.15,,,,0.15,alns_grid,0.15,R150_K15_tw0.15_cap0.15,inf,15,efficient_su2,150,time_to_target,,3,40,1024,0.01,inf,0.15
0.15,,,,0.15,alns_grid,0.15,R150_K15_tw0.15_cap0.15,inf,15,hybrid_alns,150,time_to_target,,3,40,1024,0.01,inf,0.15
0.15,34.35935280000558,0.0,423431.21021886164,0.15,alns_grid,0.15,R150_K15_tw0.15_cap0.15,,15,regret_k,150,fixed_budget,423431.21021886164,3,50,1024,,,0.15
0.15,35.64066879999882,0.049778860196431685,444509.1332351522,0.15,alns_grid,0.15,R150_K15_tw0.15_cap0.15,,15,standard_alns,150,fixed_budget,423431.21021886164,3,50,1024,,,0.15
0.15,59.235470200001146,0.057393319999831806,447733.3331648688,0.15,alns_grid,0.15,R150_K15_tw0.15_cap0.15,,15,qaoa,150,fixed_budget,423431.21021886164,3,50,1024,,,0.15
0.15,59.12599970000156,0.0660431427525604,451395.93808123533,0.15,alns_grid,0.15,R150_K15_tw0.15_cap0.15,,15,efficient_su2,150,fixed_budget,423431.21021886164,3,50,1024,,,0.15
0.15,44.53150620000088,0.051085650788205504,445062.46915692964,0.15,alns_grid,0.15,R150_K15_tw0.15_cap0.15,,15,hybrid_alns,150,fixed_budget,423431.21021886164,3,50,1024,,,0.15
0.15,,,,0.15,alns_grid,0.15,R150_K15_tw0.15_cap0.15,99,15,regret_k,150,time_to_target,,3,50,1024,0.01,34.35935280000558,0.15
0.15,,,,0.15,alns_grid,0.15,R150_K15_tw0.15_cap0.15,inf,15,standard_alns,150,time_to_target,,3,50,1024,0.01,inf,0.15
0.15,,,,0.15,alns_grid,0.15,R150_K15_tw0.15_cap0.15,inf,15,qaoa,150,time_to_target,,3,50,1024,0.01,inf,0.15
0.15,,,,0.15,alns_grid,0.15,R150_K15_tw0.15_cap0.15,inf,15,efficient_su2,150,time_to_target,,3,50,1024,0.01,inf,0.15
0.15,,,,0.15,alns_grid,0.15,R150_K15_tw0.15_cap0.15,inf,15,hybrid_alns,150,time_to_target,,3,50,1024,0.01,inf,0.15
0.15,48.27980259999458,0.029340069771813183,496691.9669194636,0.15,alns_grid,0.15,R200_K20_tw0.15_cap0.15,,20,regret_k,200,fixed_budget,482534.37469851103,3,10,1024,,,0.15
0.15,50.64419739999721,0.0005256182178879383,482788.00355660974,0.15,alns_grid,0.15,R200_K20_tw0.15_cap0.15,,20,standard_alns,200,fixed_budget,482534.37469851103,3,10,1024,,,0.15
0.15,71.6509328999964,0.0884073618199341,525193.965753038,0.15,alns_grid,0.15,R200_K20_tw0.15_cap0.15,,20,qaoa,200,fixed_budget,482534.37469851103,3,10,1024,,,0.15
0.15,72.67813849999948,0.04121297294392446,502421.0508274743,0.15,alns_grid,0.15,R200_K20_tw0.15_cap0.15,,20,efficient_su2,200,fixed_budget,482534.37469851103,3,10,1024,,,0.15
0.15,56.428440099996806,0.0,482534.37469851103,0.15,alns_grid,0.15,R200_K20_tw0.15_cap0.15,,20,hybrid_alns,200,fixed_budget,482534.37469851103,3,10,1024,,,0.15
0.15,,,,0.15,alns_grid,0.15,R200_K20_tw0.15_cap0.15,inf,20,regret_k,200,time_to_target,,3,10,1024,0.01,inf,0.15
0.15,,,,0.15,alns_grid,0.15,R200_K20_tw0.15_cap0.15,57,20,standard_alns,200,time_to_target,,3,10,1024,0.01,29.144293699995615,0.15
0.15,,,,0.15,alns_grid,0.15,R200_K20_tw0.15_cap0.15,inf,20,qaoa,200,time_to_target,,3,10,1024,0.01,inf,0.15
0.15,,,,0.15,alns_grid,0.15,R200_K20_tw0.15_cap0.15,inf,20,efficient_su2,200,time_to_target,,3,10,1024,0.01,inf,0.15
0.15,,,,0.15,alns_grid,0.15,R200_K20_tw0.15_cap0.15,97,20,hybrid_alns,200,time_to_target,,3,10,1024,0.01,55.39311610000004,0.15
0.15,49.53302850000182,0.010000975933328701,496795.50356182235,0.15,alns_grid,0.15,R200_K20_tw0.15_cap0.15,,20,regret_k,200,fixed_budget,491876.2609142433,3,20,1024,,,0.15
0.15,50.73330569999962,0.0,491876.2609142433,0.15,alns_grid,0.15,R200_K20_tw0.15_cap0.15,,20,standard_alns,200,fixed_budget,491876.2609142433,3,20,1024,,,0.15
0.15,74.2113829000009,0.06996310354390702,526289.4506873763,0.15,alns_grid,0.15,R200_K20_tw0.15_cap0.15,,20,qaoa,200,fixed_budget,491876.2609142433,3,20,1024,,,0.15
0.15,75.33091889999923,0.06675728012245934,524712.5822496833,0.15,alns_grid,0.15,R200_K20_tw0.15_cap0.15,,20,efficient_su2,200,fixed_budget,491876.2609142433,3,20,1024,,,0.15
0.15,61.23047330000554,0.10711255150685574,544562.3822464198,0.15,alns_grid,0.15,R200_K20_tw0.15_cap0.15,,20,hybrid_alns,200,fixed_budget,491876.2609142433,3,20,1024,,,0.15
0.15,,,,0.15,alns_grid,0.15,R200_K20_tw0.15_cap0.15,inf,20,regret_k,200,time_to_target,,3,20,1024,0.01,inf,0.15
0.15,,,,0.15,alns_grid,0.15,R200_K20_tw0.15_cap0.15,93,20,standard_alns,200,time_to_target,,3,20,1024,0.01,47.78757219999534,0.15
0.15,,,,0.15,alns_grid,0.15,R200_K20_tw0.15_cap0.15,inf,20,qaoa,200,time_to_target,,3,20,1024,0.01,inf,0.15
0.15,,,,0.15,alns_grid,0.15,R200_K20_tw0.15_cap0.15,inf,20,efficient_su2,200,time_to_target,,3,20,1024,0.01,inf,0.15
0.15,,,,0.15,alns_grid,0.15,R200_K20_tw0.15_cap0.15,inf,20,hybrid_alns,200,time_to_target,,3,20,1024,0.01,inf,0.15
0.15,49.8643929999962,0.07206982767743236,531035.227533761,0.15,alns_grid,0.15,R200_K20_tw0.15_cap0.15,,20,regret_k,200,fixed_budget,495336.41729682224,3,30,1024,,,0.15
0.15,49.77892840000277,0.034689632611711346,512519.45563205035,0.15,alns_grid,0.15,R200_K20_tw0.15_cap0.15,,20,standard_alns,200,fixed_budget,495336.41729682224,3,30,1024,,,0.15
0.15,73.27646070000628,0.0,495336.41729682224,0.15,alns_grid,0.15,R200_K20_tw0.15_cap0.15,,20,qaoa,200,fixed_budget,495336.41729682224,3,30,1024,,,0.15
0.15,73.31763330000103,0.06285156741493726,526469.087521627,0.15,alns_grid,0.15,R200_K20_tw0.15_cap0.15,,20,efficient_su2,200,fixed_budget,495336.41729682224,3,30,1024,,,0.15
0.15,59.32120269999723,0.0664744056682837,528263.6112424855,0.15,alns_grid,0.15,R200_K20_tw0.15_cap0.15,,20,hybrid_alns,200,fixed_budget,495336.41729682224,3,30,1024,,,0.15
0.15,,,,0.15,alns_grid,0.15,R200_K20_tw0.15_cap0.15,inf,20,regret_k,200,time_to_target,,3,30,1024,0.01,inf,0.15
0.15,,,,0.15,alns_grid,0.15,R200_K20_tw0.15_cap0.15,inf,20,standard_alns,200,time_to_target,,3,30,1024,0.01,inf,0.15
0.15,,,,0.15,alns_grid,0.15,R200_K20_tw0.15_cap0.15,80,20,qaoa,200,time_to_target,,3,30,1024,0.01,60.369303400002536,0.15
0.15,,,,0.15,alns_grid,0.15,R200_K20_tw0.15_cap0.15,inf,20,efficient_su2,200,time_to_target,,3,30,1024,0.01,inf,0.15
0.15,,,,0.15,alns_grid,0.15,R200_K20_tw0.15_cap0.15,inf,20,hybrid_alns,200,time_to_target,,3,30,1024,0.01,inf,0.15
0.15,49.21673679999367,0.052950685123958154,565297.8361166272,0.15,alns_grid,0.15,R200_K20_tw0.15_cap0.15,,20,regret_k,200,fixed_budget,536870.1916463237,3,40,1024,,,0.15
0.15,48.05427409999538,0.04836701118525677,562836.9982107123,0.15,alns_grid,0.15,R200_K20_tw0.15_cap0.15,,20,standard_alns,200,fixed_budget,536870.1916463237,3,40,1024,,,0.15
0.15,74.47873569999501,0.04278466942023743,559840.0053174911,0.15,alns_grid,0.15,R200_K20_tw0.15_cap0.15,,20,qaoa,200,fixed_budget,536870.1916463237,3,40,1024,,,0.15
0.15,72.21170919999713,0.0,536870.1916463237,0.15,alns_grid,0.15,R200_K20_tw0.15_cap0.15,,20,efficient_su2,200,fixed_budget,536870.1916463237,3,40,1024,,,0.15
0.15,57.62629630000447,0.06544698027735978,572006.724490503,0.15,alns_grid,0.15,R200_K20_tw0.15_cap0.15,,20,hybrid_alns,200,fixed_budget,536870.1916463237,3,40,1024,,,0.15
0.15,,,,0.15,alns_grid,0.15,R200_K20_tw0.15_cap0.15,inf,20,regret_k,200,time_to_target,,3,40,1024,0.01,inf,0.15
0.15,,,,0.15,alns_grid,0.15,R200_K20_tw0.15_cap0.15,inf,20,standard_alns,200,time_to_target,,3,40,1024,0.01,inf,0.15
0.15,,,,0.15,alns_grid,0.15,R200_K20_tw0.15_cap0.15,inf,20,qaoa,200,time_to_target,,3,40,1024,0.01,inf,0.15
0.15,,,,0.15,alns_grid,0.15,R200_K20_tw0.15_cap0.15,80,20,efficient_su2,200,time_to_target,,3,40,1024,0.01,58.431383399998595,0.15
0.15,,,,0.15,alns_grid,0.15,R200_K20_tw0.15_cap0.15,inf,20,hybrid_alns,200,time_to_target,,3,40,1024,0.01,inf,0.15
0.15,50.069282600001316,0.05315055221949238,514935.70894385024,0.15,alns_grid,0.15,R200_K20_tw0.15_cap0.15,,20,regret_k,200,fixed_budget,488947.86016931216,3,50,1024,,,0.15
0.15,49.53559829999722,0.03616118825013101,506628.7957853934,0.15,alns_grid,0.15,R200_K20_tw0.15_cap0.15,,20,standard_alns,200,fixed_budget,488947.86016931216,3,50,1024,,,0.15
0.15,74.47091860000364,0.0745581593096594,525402.9126219328,0.15,alns_grid,0.15,R200_K20_tw0.15_cap0.15,,20,qaoa,200,fixed_budget,488947.86016931216,3,50,1024,,,0.15
0.15,74.90388789999997,0.0,488947.86016931216,0.15,alns_grid,0.15,R200_K20_tw0.15_cap0.15,,20,efficient_su2,200,fixed_budget,488947.86016931216,3,50,1024,,,0.15
0.15,60.33952560000034,0.10155385368954449,538602.3996227623,0.15,alns_grid,0.15,R200_K20_tw0.15_cap0.15,,20,hybrid_alns,200,fixed_budget,488947.86016931216,3,50,1024,,,0.15
0.15,,,,0.15,alns_grid,0.15,R200_K20_tw0.15_cap0.15,inf,20,regret_k,200,time_to_target,,3,50,1024,0.01,inf,0.15
0.15,,,,0.15,alns_grid,0.15,R200_K20_tw0.15_cap0.15,inf,20,standard_alns,200,time_to_target,,3,50,1024,0.01,inf,0.15
0.15,,,,0.15,alns_grid,0.15,R200_K20_tw0.15_cap0.15,inf,20,qaoa,200,time_to_target,,3,50,1024,0.01,inf,0.15
0.15,,,,0.15,alns_grid,0.15,R200_K20_tw0.15_cap0.15,79,20,efficient_su2,200,time_to_target,,3,50,1024,0.01,59.5847775000002,0.15
0.15,,,,0.15,alns_grid,0.15,R200_K20_tw0.15_cap0.15,inf,20,hybrid_alns,200,time_to_target,,3,50,1024,0.01,inf,0.15
0.15,28.41452019999997,0.04955824652169508,312567.04228801606,0.15,alns_grid,0.15,R100_K10_tw0.15_cap0.15,,10,regret_k,100,fixed_budget,297808.19056387176,4,10,16,,,0.15
0.15,27.589972300003865,0.11923298921746789,333316.7513382475,0.15,alns_grid,0.15,R100_K10_tw0.15_cap0.15,,10,standard_alns,100,fixed_budget,297808.19056387176,4,10,16,,,0.15
0.15,44.1811005999989,0.0,297808.19056387176,0.15,alns_grid,0.15,R100_K10_tw0.15_cap0.15,,10,qaoa,100,fixed_budget,297808.19056387176,4,10,16,,,0.15
0.15,42.744221000000834,0.07171700199464119,319166.10116056143,0.15,alns_grid,0.15,R100_K10_tw0.15_cap0.15,,10,efficient_su2,100,fixed_budget,297808.19056387176,4,10,16,,,0.15
0.15,34.01555770000414,0.10446456746763856,328918.5943794467,0.15,alns_grid,0.15,R100_K10_tw0.15_cap0.15,,10,hybrid_alns,100,fixed_budget,297808.19056387176,4,10,16,,,0.15
0.15,,,,0.15,alns_grid,0.15,R100_K10_tw0.15_cap0.15,inf,10,regret_k,100,time_to_target,,4,10,16,0.01,inf,0.15
0.15,,,,0.15,alns_grid,0.15,R100_K10_tw0.15_cap0.15,inf,10,standard_alns,100,time_to_target,,4,10,16,0.01,inf,0.15
0.15,,,,0.15,alns_grid,0.15,R100_K10_tw0.15_cap0.15,94,10,qaoa,100,time_to_target,,4,10,16,0.01,42.011189199998626,0.15
0.15,,,,0.15,alns_grid,0.15,R100_K10_tw0.15_cap0.15,inf,10,efficient_su2,100,time_to_target,,4,10,16,0.01,inf,0.15
0.15,,,,0.15,alns_grid,0.15,R100_K10_tw0.15_cap0.15,inf,10,hybrid_alns,100,time_to_target,,4,10,16,0.01,inf,0.15
0.15,28.38068840000051,0.007354728824458609,296595.24368724163,0.15,alns_grid,0.15,R100_K10_tw0.15_cap0.15,,10,regret_k,100,fixed_budget,294429.792406252,4,20,16,,,0.15
0.15,28.37750909999886,0.0423831637963708,306908.65852433763,0.15,alns_grid,0.15,R100_K10_tw0.15_cap0.15,,10,standard_alns,100,fixed_budget,294429.792406252,4,20,16,,,0.15
0.15,43.00365330000204,0.01930044297896964,300112.41782589874,0.15,alns_grid,0.15,R100_K10_tw0.15_cap0.15,,10,qaoa,100,fixed_budget,294429.792406252,4,20,16,,,0.15
0.15,42.81564070000604,0.016311641435977433,299232.42560805206,0.15,alns_grid,0.15,R100_K10_tw0.15_cap0.15,,10,efficient_su2,100,fixed_budget,294429.792406252,4,20,16,,,0.15
0.15,32.87233500000002,0.0,294429.792406252,0.15,alns_grid,0.15,R100_K10_tw0.15_cap0.15,,10,hybrid_alns,100,fixed_budget,294429.792406252,4,20,16,,,0.15
0.15,,,,0.15,alns_grid,0.15,R100_K10_tw0.15_cap0.15,85,10,regret_k,100,time_to_target,,4,20,16,0.01,24.28416290000314,0.15
0.15,,,,0.15,alns_grid,0.15,R100_K10_tw0.15_cap0.15,inf,10,standard_alns,100,time_to_target,,4,20,16,0.01,inf,0.15
0.15,,,,0.15,alns_grid,0.15,R100_K10_tw0.15_cap0.15,inf,10,qaoa,100,time_to_target,,4,20,16,0.01,inf,0.15
0.15,,,,0.15,alns_grid,0.15,R100_K10_tw0.15_cap0.15,inf,10,efficient_su2,100,time_to_target,,4,20,16,0.01,inf,0.15
0.15,,,,0.15,alns_grid,0.15,R100_K10_tw0.15_cap0.15,86,10,hybrid_alns,100,time_to_target,,4,20,16,0.01,29.027036899999075,0.15
0.15,27.84931720000168,0.0060952221741450135,282737.5944758489,0.15,alns_grid,0.15,R100_K10_tw0.15_cap0.15,,10,regret_k,100,fixed_budget,281024.6865747563,4,30,16,,,0.15
0.15,27.765999700000975,0.0,281024.6865747563,0.15,alns_grid,0.15,R100_K10_tw0.15_cap0.15,,10,standard_alns,100,fixed_budget,281024.6865747563,4,30,16,,,0.15
0.15,41.93893489999755,0.03565067274382713,291043.4057087695,0.15,alns_grid,0.15,R100_K10_tw0.15_cap0.15,,10,qaoa,100,fixed_budget,281024.6865747563,4,30,16,,,0.15
0.15,42.38949969999521,0.01969551189338306,286559.61163152364,0.15,alns_grid,0.15,R100_K10_tw0.15_cap0.15,,10,efficient_su2,100,fixed_budget,281024.6865747563,4,30,16,,,0.15
0.15,33.80664070000057,0.0455177185364738,293816.2891600668,0.15,alns_grid,0.15,R100_K10_tw0.15_cap0.15,,10,hybrid_alns,100,fixed_budget,281024.6865747563,4,30,16,,,0.15
0.15,,,,0.15,alns_grid,0.15,R100_K10_tw0.15_cap0.15,99,10,regret_k,100,time_to_target,,4,30,16,0.01,27.84931720000168,0.15
0.15,,,,0.15,alns_grid,0.15,R100_K10_tw0.15_cap0.15,88,10,standard_alns,100,time_to_target,,4,30,16,0.01,24.723130099999253,0.15
0.15,,,,0.15,alns_grid,0.15,R100_K10_tw0.15_cap0.15,inf,10,qaoa,100,time_to_target,,4,30,16,0.01,inf,0.15
0.15,,,,0.15,alns_grid,0.15,R100_K10_tw0.15_cap0.15,inf,10,efficient_su2,100,time_to_target,,4,30,16,0.01,inf,0.15
0.15,,,,0.15,alns_grid,0.15,R100_K10_tw0.15_cap0.15,inf,10,hybrid_alns,100,time_to_target,,4,30,16,0.01,inf,0.15
0.15,28.411368799999764,0.12057054331349631,307094.2583246779,0.15,alns_grid,0.15,R100_K10_tw0.15_cap0.15,,10,regret_k,100,fixed_budget,274051.6963944176,4,40,16,,,0.15
0.15,28.074780299997656,0.14928883545349106,314964.5550031939,0.15,alns_grid,0.15,R100_K10_tw0.15_cap0.15,,10,standard_alns,100,fixed_budget,274051.6963944176,4,40,16,,,0.15
0.15,42.84891870000138,0.03128691929087135,282625.92970103613,0.15,alns_grid,0.15,R100_K10_tw0.15_cap0.15,,10,qaoa,100,fixed_budget,274051.6963944176,4,40,16,,,0.15
0.15,43.03863989999809,0.0,274051.6963944176,0.15,alns_grid,0.15,R100_K10_tw0.15_cap0.15,,10,efficient_su2,100,fixed_budget,274051.6963944176,4,40,16,,,0.15
0.15,34.83691060000274,0.081073896712049,296270.13532166043,0.15,alns_grid,0.15,R100_K10_tw0.15_cap0.15,,10,hybrid_alns,100,fixed_budget,274051.6963944176,4,40,16,,,0.15
0.15,,,,0.15,alns_grid,0.15,R100_K10_tw0.15_cap0.15,inf,10,regret_k,100,time_to_target,,4,40,16,0.01,inf,0.15
0.15,,,,0.15,alns_grid,0.15,R100_K10_tw0.15_cap0.15,inf,10,standard_alns,100,time_to_target,,4,40,16,0.01,inf,0.15
0.15,,,,0.15,alns_grid,0.15,R100_K10_tw0.15_cap0.15,inf,10,qaoa,100,time_to_target,,4,40,16,0.01,inf,0.15
0.15,,,,0.15,alns_grid,0.15,R100_K10_tw0.15_cap0.15,91,10,efficient_su2,100,time_to_target,,4,40,16,0.01,39.57222560000082,0.15
0.15,,,,0.15,alns_grid,0.15,R100_K10_tw0.15_cap0.15,inf,10,hybrid_alns,100,time_to_target,,4,40,16,0.01,inf,0.15
0.15,27.941208500000357,0.08089009017251554,333983.84464889765,0.15,alns_grid,0.15,R100_K10_tw0.15_cap0.15,,10,regret_k,100,fixed_budget,308989.64444719086,4,50,16,,,0.15
0.15,28.182375000003958,0.16079968501957517,358675.0819486097,0.15,alns_grid,0.15,R100_K10_tw0.15_cap0.15,,10,standard_alns,100,fixed_budget,308989.64444719086,4,50,16,,,0.15
0.15,42.367186800001946,0.06903327439415198,330320.21135726525,0.15,alns_grid,0.15,R100_K10_tw0.15_cap0.15,,10,qaoa,100,fixed_budget,308989.64444719086,4,50,16,,,0.15
0.15,42.44919159999699,0.07168282569076719,331138.895270351,0.15,alns_grid,0.15,R100_K10_tw0.15_cap0.15,,10,efficient_su2,100,fixed_budget,308989.64444719086,4,50,16,,,0.15
0.15,34.22354780000023,0.0,308989.64444719086,0.15,alns_grid,0.15,R100_K10_tw0.15_cap0.15,,10,hybrid_alns,100,fixed_budget,308989.64444719086,4,50,16,,,0.15
0.15,,,,0.15,alns_grid,0.15,R100_K10_tw0.15_cap0.15,inf,10,regret_k,100,time_to_target,,4,50,16,0.01,inf,0.15
0.15,,,,0.15,alns_grid,0.15,R100_K10_tw0.15_cap0.15,inf,10,standard_alns,100,time_to_target,,4,50,16,0.01,inf,0.15
0.15,,,,0.15,alns_grid,0.15,R100_K10_tw0.15_cap0.15,inf,10,qaoa,100,time_to_target,,4,50,16,0.01,inf,0.15
0.15,,,,0.15,alns_grid,0.15,R100_K10_tw0.15_cap0.15,inf,10,efficient_su2,100,time_to_target,,4,50,16,0.01,inf,0.15
0.15,,,,0.15,alns_grid,0.15,R100_K10_tw0.15_cap0.15,95,10,hybrid_alns,100,time_to_target,,4,50,16,0.01,32.74529220000113,0.15
0.15,44.974359900006675,0.10094072868964551,427171.52003815613,0.15,alns_grid,0.15,R150_K15_tw0.15_cap0.15,,15,regret_k,150,fixed_budget,388005.91976153105,4,10,16,,,0.15
0.15,46.01256469999498,0.036761648284574865,402269.65691613744,0.15,alns_grid,0.15,R150_K15_tw0.15_cap0.15,,15,standard_alns,150,fixed_budget,388005.91976153105,4,10,16,,,0.15
0.15,60.32053040000028,0.0036845467824965757,389435.545724778,0.15,alns_grid,0.15,R150_K15_tw0.15_cap0.15,,15,qaoa,150,fixed_budget,388005.91976153105,4,10,16,,,0.15
0.15,59.84125969999877,0.012098033099671984,392700.02822167473,0.15,alns_grid,0.15,R150_K15_tw0.15_cap0.15,,15,efficient_su2,150,fixed_budget,388005.91976153105,4,10,16,,,0.15
0.15,51.005858999997145,0.0,388005.91976153105,0.15,alns_grid,0.15,R150_K15_tw0.15_cap0.15,,15,hybrid_alns,150,fixed_budget,388005.91976153105,4,10,16,,,0.15
0.15,,,,0.15,alns_grid,0.15,R150_K15_tw0.15_cap0.15,inf,15,regret_k,150,time_to_target,,4,10,16,0.01,inf,0.15
0.15,,,,0.15,alns_grid,0.15,R150_K15_tw0.15_cap0.15,inf,15,standard_alns,150,time_to_target,,4,10,16,0.01,inf,0.15
0.15,,,,0.15,alns_grid,0.15,R150_K15_tw0.15_cap0.15,98,15,qaoa,150,time_to_target,,4,10,16,0.01,59.741706000000704,0.15
0.15,,,,0.15,alns_grid,0.15,R150_K15_tw0.15_cap0.15,inf,15,efficient_su2,150,time_to_target,,4,10,16,0.01,inf,0.15
0.15,,,,0.15,alns_grid,0.15,R150_K15_tw0.15_cap0.15,88,15,hybrid_alns,150,time_to_target,,4,10,16,0.01,45.51279849999992,0.15
0.15,44.771165199999814,0.04948338436711085,393440.6707002554,0.15,alns_grid,0.15,R150_K15_tw0.15_cap0.15,,15,regret_k,150,fixed_budget,374889.852055656,4,20,16,,,0.15
0.15,46.012889599995106,0.060287660961458954,397491.0843542789,0.15,alns_grid,0.15,R150_K15_tw0.15_cap0.15,,15,standard_alns,150,fixed_budget,374889.852055656,4,20,16,,,0.15
0.15,59.34409309999319,0.07140070904972604,401657.25330797676,0.15,alns_grid,0.15,R150_K15_tw0.15_cap0.15,,15,qaoa,150,fixed_budget,374889.852055656,4,20,16,,,0.15
0.15,59.592279500000586,0.004769067594021424,376677.72710042214,0.15,alns_grid,0.15,R150_K15_tw0.15_cap0.15,,15,efficient_su2,150,fixed_budget,374889.852055656,4,20,16,,,0.15
0.15,50.6284513999999,0.0,374889.852055656,0.15,alns_grid,0.15,R150_K15_tw0.15_cap0.15,,15,hybrid_alns,150,fixed_budget,374889.852055656,4,20,16,,,0.15
0.15,,,,0.15,alns_grid,0.15,R150_K15_tw0.15_cap0.15,inf,15,regret_k,150,time_to_target,,4,20,16,0.01,inf,0.15
0.15,,,,0.15,alns_grid,0.15,R150_K15_tw0.15_cap0.15,inf,15,standard_alns,150,time_to_target,,4,20,16,0.01,inf,0.15
0.15,,,,0.15,alns_grid,0.15,R150_K15_tw0.15_cap0.15,inf,15,qaoa,150,time_to_target,,4,20,16,0.01,inf,0.15
0.15,,,,0.15,alns_grid,0.15,R150_K15_tw0.15_cap0.15,89,15,efficient_su2,150,time_to_target,,4,20,16,0.01,53.74496499999805,0.15
0.15,,,,0.15,alns_grid,0.15,R150_K15_tw0.15_cap0.15,93,15,hybrid_alns,150,time_to_target,,4,20,16,0.01,47.39842970000609,0.15
0.15,45.72141250000277,0.06973504134971094,368354.9934280156,0.15,alns_grid,0.15,R150_K15_tw0.15_cap0.15,,15,regret_k,150,fixed_budget,344342.2709265026,4,30,16,,,0.15
0.15,45.71489969999675,0.081313215485423,372341.8482030892,0.15,alns_grid,0.15,R150_K15_tw0.15_cap0.15,,15,standard_alns,150,fixed_budget,344342.2709265026,4,30,16,,,0.15
0.15,60.5779956999977,0.08620629861773377,374026.74356070126,0.15,alns_grid,0.15,R150_K15_tw0.15_cap0.15,,15,qaoa,150,fixed_budget,344342.2709265026,4,30,16,,,0.15
0.15,60.723730700003216,0.0,344342.2709265026,0.15,alns_grid,0.15,R150_K15_tw0.15_cap0.15,,15,efficient_su2,150,fixed_budget,344342.2709265026,4,30,16,,,0.15
0.15,51.51258280000184,0.06850665988885955,367932.00976622204,0.15,alns_grid,0.15,R150_K15_tw0.15_cap0.15,,15,hybrid_alns,150,fixed_budget,344342.2709265026,4,30,16,,,0.15
0.15,,,,0.15,alns_grid,0.15,R150_K15_tw0.15_cap0.15,inf,15,regret_k,150,time_to_target,,4,30,16,0.01,inf,0.15
0.15,,,,0.15,alns_grid,0.15,R150_K15_tw0.15_cap0.15,inf,15,standard_alns,150,time_to_target,,4,30,16,0.01,inf,0.15
0.15,,,,0.15,alns_grid,0.15,R150_K15_tw0.15_cap0.15,inf,15,qaoa,150,time_to_target,,4,30,16,0.01,inf,0.15
0.15,,,,0.15,alns_grid,0.15,R150_K15_tw0.15_cap0.15,82,15,efficient_su2,150,time_to_target,,4,30,16,0.01,50.486216800003604,0.15
0.15,,,,0.15,alns_grid,0.15,R150_K15_tw0.15_cap0.15,inf,15,hybrid_alns,150,time_to_target,,4,30,16,0.01,inf,0.15
0.15,43.919107999994594,0.09113740609764737,424364.2356825498,0.15,alns_grid,0.15,R150_K15_tw0.15_cap0.15,,15,regret_k,150,fixed_budget,388919.152905086,4,40,16,,,0.15
0.15,44.38314030000038,0.0,388919.152905086,0.15,alns_grid,0.15,R150_K15_tw0.15_cap0.15,,15,standard_alns,150,fixed_budget,388919.152905086,4,40,16,,,0.15
0.15,59.47481709999556,0.04759621093611038,407430.23094384983,0.15,alns_grid,0.15,R150_K15_tw0.15_cap0.15,,15,qaoa,150,fixed_budget,388919.152905086,4,40,16,,,0.15
0.15,58.671013699997275,0.053592970632239764,409762.48564504384,0.15,alns_grid,0.15,R150_K15_tw0.15_cap0.15,,15,efficient_su2,150,fixed_budget,388919.152905086,4,40,16,,,0.15
0.15,51.869266299996525,0.07180315618332994,416844.77558381826,0.15,alns_grid,0.15,R150_K15_tw0.15_cap0.15,,15,hybrid_alns,150,fixed_budget,388919.152905086,4,40,16,,,0.15
0.15,,,,0.15,alns_grid,0.15,R150_K15_tw0.15_cap0.15,inf,15,regret_k,150,time_to_target,,4,40,16,0.01,inf,0.15
0.15,,,,0.15,alns_grid,0.15,R150_K15_tw0.15_cap0.15,88,15,standard_alns,150,time_to_target,,4,40,16,0.01,39.609242300000915,0.15
0.15,,,,0.15,alns_grid,0.15,R150_K15_tw0.15_cap0.15,inf,15,qaoa,150,time_to_target,,4,40,16,0.01,inf,0.15
0.15,,,,0.15,alns_grid,0.15,R150_K15_tw0.15_cap0.15,inf,15,efficient_su2,150,time_to_target,,4,40,16,0.01,inf,0.15
0.15,,,,0.15,alns_grid,0.15,R150_K15_tw0.15_cap0.15,inf,15,hybrid_alns,150,time_to_target,,4,40,16,0.01,inf,0.15
0.15,47.194837899995036,0.031426208159040986,422979.1002465938,0.15,alns_grid,0.15,R150_K15_tw0.15_cap0.15,,15,regret_k,150,fixed_budget,410091.48003089376,4,50,16,,,0.15
0.15,45.855739300001005,0.02925113202970283,422087.12005753367,0.15,alns_grid,0.15,R150_K15_tw0.15_cap0.15,,15,standard_alns,150,fixed_budget,410091.48003089376,4,50,16,,,0.15
0.15,59.628282900004706,0.04079258997943197,426820.1736298524,0.15,alns_grid,0.15,R150_K15_tw0.15_cap0.15,,15,qaoa,150,fixed_budget,410091.48003089376,4,50,16,,,0.15
0.15,59.27234260000114,0.0,410091.48003089376,0.15,alns_grid,0.15,R150_K15_tw0.15_cap0.15,,15,efficient_su2,150,fixed_budget,410091.48003089376,4,50,16,,,0.15
0.15,52.696727899994585,0.07093178757056465,439180.00177694357,0.15,alns_grid,0.15,R150_K15_tw0.15_cap0.15,,15,hybrid_alns,150,fixed_budget,410091.48003089376,4,50,16,,,0.15
0.15,,,,0.15,alns_grid,0.15,R150_K15_tw0.15_cap0.15,inf,15,regret_k,150,time_to_target,,4,50,16,0.01,inf,0.15
0.15,,,,0.15,alns_grid,0.15,R150_K15_tw0.15_cap0.15,inf,15,standard_alns,150,time_to_target,,4,50,16,0.01,inf,0.15
0.15,,,,0.15,alns_grid,0.15,R150_K15_tw0.15_cap0.15,inf,15,qaoa,150,time_to_target,,4,50,16,0.01,inf,0.15
0.15,,,,0.15,alns_grid,0.15,R150_K15_tw0.15_cap0.15,98,15,efficient_su2,150,time_to_target,,4,50,16,0.01,58.645376500004204,0.15
0.15,,,,0.15,alns_grid,0.15,R150_K15_tw0.15_cap0.15,inf,15,hybrid_alns,150,time_to_target,,4,50,16,0.01,inf,0.15
0.15,62.409991399996215,0.09858295802513067,482637.4385715709,0.15,alns_grid,0.15,R200_K20_tw0.15_cap0.15,,20,regret_k,200,fixed_budget,439327.257942527,4,10,16,,,0.15
0.15,63.66432370000257,0.0657664307788312,468220.2436412579,0.15,alns_grid,0.15,R200_K20_tw0.15_cap0.15,,20,standard_alns,200,fixed_budget,439327.257942527,4,10,16,,,0.15
0.15,76.47255289999885,0.0710325744261889,470533.80408978305,0.15,alns_grid,0.15,R200_K20_tw0.15_cap0.15,,20,qaoa,200,fixed_budget,439327.257942527,4,10,16,,,0.15
0.15,77.12055739999778,0.0,439327.257942527,0.15,alns_grid,0.15,R200_K20_tw0.15_cap0.15,,20,efficient_su2,200,fixed_budget,439327.257942527,4,10,16,,,0.15
0.15,69.80104040000151,0.10428998972163624,485144.6931577878,0.15,alns_grid,0.15,R200_K20_tw0.15_cap0.15,,20,hybrid_alns,200,fixed_budget,439327.257942527,4,10,16,,,0.15
0.15,,,,0.15,alns_grid,0.15,R200_K20_tw0.15_cap0.15,inf,20,regret_k,200,time_to_target,,4,10,16,0.01,inf,0.15
0.15,,,,0.15,alns_grid,0.15,R200_K20_tw0.15_cap0.15,inf,20,standard_alns,200,time_to_target,,4,10,16,0.01,inf,0.15
0.15,,,,0.15,alns_grid,0.15,R200_K20_tw0.15_cap0.15,inf,20,qaoa,200,time_to_target,,4,10,16,0.01,inf,0.15
0.15,,,,0.15,alns_grid,0.15,R200_K20_tw0.15_cap0.15,84,20,efficient_su2,200,time_to_target,,4,10,16,0.01,65.7217257999946,0.15
0.15,,,,0.15,alns_grid,0.15,R200_K20_tw0.15_cap0.15,inf,20,hybrid_alns,200,time_to_target,,4,10,16,0.01,inf,0.15
0.15,64.97084729999915,0.05115988508872203,496928.33660508244,0.15,alns_grid,0.15,R200_K20_tw0.15_cap0.15,,20,regret_k,200,fixed_budget,472742.8659086812,4,20,16,,,0.15
0.15,66.21231919999991,0.10386502832849533,521844.3170683804,0.15,alns_grid,0.15,R200_K20_tw0.15_cap0.15,,20,standard_alns,200,fixed_budget,472742.8659086812,4,20,16,,,0.15
0.15,78.87854009999865,0.013147238760345905,478958.1292390328,0.15,alns_grid,0.15,R200_K20_tw0.15_cap0.15,,20,qaoa,200,fixed_budget,472742.8659086812,4,20,16,,,0.15
0.15,78.35478700000385,0.0,472742.8659086812,0.15,alns_grid,0.15,R200_K20_tw0.15_cap0.15,,20,efficient_su2,200,fixed_budget,472742.8659086812,4,20,16,,,0.15
0.15,69.71389469999849,0.04730169426206119,495104.4044164642,0.15,alns_grid,0.15,R200_K20_tw0.15_cap0.15,,20,hybrid_alns,200,fixed_budget,472742.8659086812,4,20,16,,,0.15
0.15,,,,0.15,alns_grid,0.15,R200_K20_tw0.15_cap0.15,inf,20,regret_k,200,time_to_target,,4,20,16,0.01,inf,0.15
0.15,,,,0.15,alns_grid,0.15,R200_K20_tw0.15_cap0.15,inf,20,standard_alns,200,time_to_target,,4,20,16,0.01,inf,0.15
0.15,,,,0.15,alns_grid,0.15,R200_K20_tw0.15_cap0.15,inf,20,qaoa,200,time_to_target,,4,20,16,0.01,inf,0.15
0.15,,,,0.15,alns_grid,0.15,R200_K20_tw0.15_cap0.15,96,20,efficient_su2,200,time_to_target,,4,20,16,0.01,75.75241970000206,0.15
0.15,,,,0.15,alns_grid,0.15,R200_K20_tw0.15_cap0.15,inf,20,hybrid_alns,200,time_to_target,,4,20,16,0.01,inf,0.15
0.15,65.61453780000011,0.050253951002837624,489793.5441974312,0.15,alns_grid,0.15,R200_K20_tw0.15_cap0.15,,20,regret_k,200,fixed_budget,466357.24981539045,4,30,16,,,0.15
0.15,65.15709939999942,0.041491974761095195,485707.3330543844,0.15,alns_grid,0.15,R200_K20_tw0.15_cap0.15,,20,standard_alns,200,fixed_budget,466357.24981539045,4,30,16,,,0.15
0.15,79.67813179999939,0.03370947699225407,482077.90879821323,0.15,alns_grid,0.15,R200_K20_tw0.15_cap0.15,,20,qaoa,200,fixed_budget,466357.24981539045,4,30,16,,,0.15
0.15,80.43420509999851,0.0,466357.24981539045,0.15,alns_grid,0.15,R200_K20_tw0.15_cap0.15,,20,efficient_su2,200,fixed_budget,466357.24981539045,4,30,16,,,0.15
0.15,70.96429389999685,0.054083004010132954,491579.2508273108,0.15,alns_grid,0.15,R200_K20_tw0.15_cap0.15,,20,hybrid_alns,200,fixed_budget,466357.24981539045,4,30,16,,,0.15
0.15,,,,0.15,alns_grid,0.15,R200_K20_tw0.15_cap0.15,inf,20,regret_k,200,time_to_target,,4,30,16,0.01,inf,0.15
0.15,,,,0.15,alns_grid,0.15,R200_K20_tw0.15_cap0.15,inf,20,standard_alns,200,time_to_target,,4,30,16,0.01,inf,0.15
0.15,,,,0.15,alns_grid,0.15,R200_K20_tw0.15_cap0.15,inf,20,qaoa,200,time_to_target,,4,30,16,0.01,inf,0.15
0.15,,,,0.15,alns_grid,0.15,R200_K20_tw0.15_cap0.15,82,20,efficient_su2,200,time_to_target,,4,30,16,0.01,66.7681006999992,0.15
0.15,,,,0.15,alns_grid,0.15,R200_K20_tw0.15_cap0.15,inf,20,hybrid_alns,200,time_to_target,,4,30,16,0.01,inf,0.15
0.15,63.401150699995924,0.0,446869.36029695603,0.15,alns_grid,0.15,R200_K20_tw0.15_cap0.15,,20,regret_k,200,fixed_budget,446869.36029695603,4,40,16,,,0.15
0.15,64.51851579999493,0.18060848363680235,527577.7578439371,0.15,alns_grid,0.15,R200_K20_tw0.15_cap0.15,,20,standard_alns,200,fixed_budget,446869.36029695603,4,40,16,,,0.15
0.15,78.48851870000362,0.2055250675511439,538712.2157585244,0.15,alns_grid,0.15,R200_K20_tw0.15_cap0.15,,20,qaoa,200,fixed_budget,446869.36029695603,4,40,16,,,0.15
0.15,78.13106929999776,0.08654779925697287,485544.91998602886,0.15,alns_grid,0.15,R200_K20_tw0.15_cap0.15,,20,efficient_su2,200,fixed_budget,446869.36029695603,4,40,16,,,0.15
0.15,71.51637939999637,0.17511330156943047,525122.1293487754,0.15,alns_grid,0.15,R200_K20_tw0.15_cap0.15,,20,hybrid_alns,200,fixed_budget,446869.36029695603,4,40,16,,,0.15
0.15,,,,0.15,alns_grid,0.15,R200_K20_tw0.15_cap0.15,91,20,regret_k,200,time_to_target,,4,40,16,0.01,58.16509269999369,0.15
0.15,,,,0.15,alns_grid,0.15,R200_K20_tw0.15_cap0.15,inf,20,standard_alns,200,time_to_target,,4,40,16,0.01,inf,0.15
0.15,,,,0.15,alns_grid,0.15,R200_K20_tw0.15_cap0.15,inf,20,qaoa,200,time_to_target,,4,40,16,0.01,inf,0.15
0.15,,,,0.15,alns_grid,0.15,R200_K20_tw0.15_cap0.15,inf,20,efficient_su2,200,time_to_target,,4,40,16,0.01,inf,0.15
0.15,,,,0.15,alns_grid,0.15,R200_K20_tw0.15_cap0.15,inf,20,hybrid_alns,200,time_to_target,,4,40,16,0.01,inf,0.15
0.15,63.347481799995876,0.06471555944384863,458209.74691871286,0.15,alns_grid,0.15,R200_K20_tw0.15_cap0.15,,20,regret_k,200,fixed_budget,430358.83420174447,4,50,16,,,0.15
0.15,63.34235940000508,0.1332143600432755,487688.81088889996,0.15,alns_grid,0.15,R200_K20_tw0.15_cap0.15,,20,standard_alns,200,fixed_budget,430358.83420174447,4,50,16,,,0.15
0.15,77.51365559999249,0.045399169588482134,449896.7678995709,0.15,alns_grid,0.15,R200_K20_tw0.15_cap0.15,,20,qaoa,200,fixed_budget,430358.83420174447,4,50,16,,,0.15
0.15,78.00778319999517,0.0,430358.83420174447,0.15,alns_grid,0.15,R200_K20_tw0.15_cap0.15,,20,efficient_su2,200,fixed_budget,430358.83420174447,4,50,16,,,0.15
0.15,68.38001619999704,0.08223332775820855,465748.67326829705,0.15,alns_grid,0.15,R200_K20_tw0.15_cap0.15,,20,hybrid_alns,200,fixed_budget,430358.83420174447,4,50,16,,,0.15
0.15,,,,0.15,alns_grid,0.15,R200_K20_tw0.15_cap0.15,inf,20,regret_k,200,time_to_target,,4,50,16,0.01,inf,0.15
0.15,,,,0.15,alns_grid,0.15,R200_K20_tw0.15_cap0.15,inf,20,standard_alns,200,time_to_target,,4,50,16,0.01,inf,0.15
0.15,,,,0.15,alns_grid,0.15,R200_K20_tw0.15_cap0.15,inf,20,qaoa,200,time_to_target,,4,50,16,0.01,inf,0.15
0.15,,,,0.15,alns_grid,0.15,R200_K20_tw0.15_cap0.15,89,20,efficient_su2,200,time_to_target,,4,50,16,0.01,70.19398450000153,0.15
0.15,,,,0.15,alns_grid,0.15,R200_K20_tw0.15_cap0.15,inf,20,hybrid_alns,200,time_to_target,,4,50,16,0.01,inf,0.15
0.15,29.647210399998585,0.0,312567.04228801606,0.15,alns_grid,0.15,R100_K10_tw0.15_cap0.15,,10,regret_k,100,fixed_budget,312567.04228801606,4,10,128,,,0.15
0.15,31.6496049999987,0.06638482707051226,333316.7513382475,0.15,alns_grid,0.15,R100_K10_tw0.15_cap0.15,,10,standard_alns,100,fixed_budget,312567.04228801606,4,10,128,,,0.15
0.15,50.40529300000344,0.02222073936133565,319512.51306764164,0.15,alns_grid,0.15,R100_K10_tw0.15_cap0.15,,10,qaoa,100,fixed_budget,312567.04228801606,4,10,128,,,0.15
0.15,51.33851979998872,0.0975536877132823,343059.1099208455,0.15,alns_grid,0.15,R100_K10_tw0.15_cap0.15,,10,efficient_su2,100,fixed_budget,312567.04228801606,4,10,128,,,0.15
0.15,36.328524800002924,0.06925228503644494,334213.0241935443,0.15,alns_grid,0.15,R100_K10_tw0.15_cap0.15,,10,hybrid_alns,100,fixed_budget,312567.04228801606,4,10,128,,,0.15
0.15,,,,0.15,alns_grid,0.15,R100_K10_tw0.15_cap0.15,98,10,regret_k,100,time_to_target,,4,10,128,0.01,29.308114300001762,0.15
0.15,,,,0.15,alns_grid,0.15,R100_K10_tw0.15_cap0.15,inf,10,standard_alns,100,time_to_target,,4,10,128,0.01,inf,0.15
0.15,,,,0.15,alns_grid,0.15,R100_K10_tw0.15_cap0.15,inf,10,qaoa,100,time_to_target,,4,10,128,0.01,inf,0.15
0.15,,,,0.15,alns_grid,0.15,R100_K10_tw0.15_cap0.15,inf,10,efficient_su2,100,time_to_target,,4,10,128,0.01,inf,0.15
0.15,,,,0.15,alns_grid,0.15,R100_K10_tw0.15_cap0.15,inf,10,hybrid_alns,100,time_to_target,,4,10,128,0.01,inf,0.15
0.15,28.991859399990062,0.019632160624958914,296595.24368724163,0.15,alns_grid,0.15,R100_K10_tw0.15_cap0.15,,10,regret_k,100,fixed_budget,290884.5514498589,4,20,128,,,0.15
0.15,29.10933870000008,0.055087514942301456,306908.65852433763,0.15,alns_grid,0.15,R100_K10_tw0.15_cap0.15,,10,standard_alns,100,fixed_budget,290884.5514498589,4,20,128,,,0.15
0.15,49.60576279999805,0.03799050364420745,301935.4020617584,0.15,alns_grid,0.15,R100_K10_tw0.15_cap0.15,,10,qaoa,100,fixed_budget,290884.5514498589,4,20,128,,,0.15
0.15,50.00131410000904,0.0,290884.5514498589,0.15,alns_grid,0.15,R100_K10_tw0.15_cap0.15,,10,efficient_su2,100,fixed_budget,290884.5514498589,4,20,128,,,0.15
0.15,37.73776459999499,0.04010773217723292,302551.27113390435,0.15,alns_grid,0.15,R100_K10_tw0.15_cap0.15,,10,hybrid_alns,100,fixed_budget,290884.5514498589,4,20,128,,,0.15
0.15,,,,0.15,alns_grid,0.15,R100_K10_tw0.15_cap0.15,inf,10,regret_k,100,time_to_target,,4,20,128,0.01,inf,0.15
0.15,,,,0.15,alns_grid,0.15,R100_K10_tw0.15_cap0.15,inf,10,standard_alns,100,time_to_target,,4,20,128,0.01,inf,0.15
0.15,,,,0.15,alns_grid,0.15,R100_K10_tw0.15_cap0.15,inf,10,qaoa,100,time_to_target,,4,20,128,0.01,inf,0.15
0.15,,,,0.15,alns_grid,0.15,R100_K10_tw0.15_cap0.15,83,10,efficient_su2,100,time_to_target,,4,20,128,0.01,41.84043989999918,0.15
0.15,,,,0.15,alns_grid,0.15,R100_K10_tw0.15_cap0.15,inf,10,hybrid_alns,100,time_to_target,,4,20,128,0.01,inf,0.15
0.15,28.741256000008434,0.0060952221741450135,282737.5944758489,0.15,alns_grid,0.15,R100_K10_tw0.15_cap0.15,,10,regret_k,100,fixed_budget,281024.6865747563,4,30,128,,,0.15
0.15,28.505213199998252,0.0,281024.6865747563,0.15,alns_grid,0.15,R100_K10_tw0.15_cap0.15,,10,standard_alns,100,fixed_budget,281024.6865747563,4,30,128,,,0.15
0.15,49.603775399998995,0.018016412469980998,286087.7432423342,0.15,alns_grid,0.15,R100_K10_tw0.15_cap0.15,,10,qaoa,100,fixed_budget,281024.6865747563,4,30,128,,,0.15
0.15,50.73831520001113,0.04752718526239551,294380.99891690136,0.15,alns_grid,0.15,R100_K10_tw0.15_cap0.15,,10,efficient_su2,100,fixed_budget,281024.6865747563,4,30,128,,,0.15
0.15,37.633459699995,0.04086526312638479,292508.8343366435,0.15,alns_grid,0.15,R100_K10_tw0.15_cap0.15,,10,hybrid_alns,100,fixed_budget,281024.6865747563,4,30,128,,,0.15
0.15,,,,0.15,alns_grid,0.15,R100_K10_tw0.15_cap0.15,99,10,regret_k,100,time_to_target,,4,30,128,0.01,28.741256000008434,0.15
0.15,,,,0.15,alns_grid,0.15,R100_K10_tw0.15_cap0.15,88,10,standard_alns,100,time_to_target,,4,30,128,0.01,25.31379559999914,0.15
0.15,,,,0.15,alns_grid,0.15,R100_K10_tw0.15_cap0.15,inf,10,qaoa,100,time_to_target,,4,30,128,0.01,inf,0.15
0.15,,,,0.15,alns_grid,0.15,R100_K10_tw0.15_cap0.15,inf,10,efficient_su2,100,time_to_target,,4,30,128,0.01,inf,0.15
0.15,,,,0.15,alns_grid,0.15,R100_K10_tw0.15_cap0.15,inf,10,hybrid_alns,100,time_to_target,,4,30,128,0.01,inf,0.15
0.15,29.729678799994872,0.12377844225021249,307094.2583246779,0.15,alns_grid,0.15,R100_K10_tw0.15_cap0.15,,10,regret_k,100,fixed_budget,273269.39793378103,4,40,128,,,0.15
0.15,28.403320400000666,0.15257894731233862,314964.5550031939,0.15,alns_grid,0.15,R100_K10_tw0.15_cap0.15,,10,standard_alns,100,fixed_budget,273269.39793378103,4,40,128,,,0.15
0.15,49.55004279999412,0.11491065249415532,304670.9627570368,0.15,alns_grid,0.15,R100_K10_tw0.15_cap0.15,,10,qaoa,100,fixed_budget,273269.39793378103,4,40,128,,,0.15
0.15,50.51161070000671,0.0,273269.39793378103,0.15,alns_grid,0.15,R100_K10_tw0.15_cap0.15,,10,efficient_su2,100,fixed_budget,273269.39793378103,4,40,128,,,0.15
0.15,37.82609869999578,0.12431839514176005,307241.8109262637,0.15,alns_grid,0.15,R100_K10_tw0.15_cap0.15,,10,hybrid_alns,100,fixed_budget,273269.39793378103,4,40,128,,,0.15
0.15,,,,0.15,alns_grid,0.15,R100_K10_tw0.15_cap0.15,inf,10,regret_k,100,time_to_target,,4,40,128,0.01,inf,0.15
0.15,,,,0.15,alns_grid,0.15,R100_K10_tw0.15_cap0.15,inf,10,standard_alns,100,time_to_target,,4,40,128,0.01,inf,0.15
0.15,,,,0.15,alns_grid,0.15,R100_K10_tw0.15_cap0.15,inf,10,qaoa,100,time_to_target,,4,40,128,0.01,inf,0.15
0.15,,,,0.15,alns_grid,0.15,R100_K10_tw0.15_cap0.15,79,10,efficient_su2,100,time_to_target,,4,40,128,0.01,39.53348860000551,0.15
0.15,,,,0.15,alns_grid,0.15,R100_K10_tw0.15_cap0.15,inf,10,hybrid_alns,100,time_to_target,,4,40,128,0.01,inf,0.15
0.15,29.64255449999473,0.049491932201594487,333983.84464889765,0.15,alns_grid,0.15,R100_K10_tw0.15_cap0.15,,10,regret_k,100,fixed_budget,318233.837156114,4,50,128,,,0.15
0.15,28.21012370000244,0.12708027893544416,358675.0819486097,0.15,alns_grid,0.15,R100_K10_tw0.15_cap0.15,,10,standard_alns,100,fixed_budget,318233.837156114,4,50,128,,,0.15
0.15,47.97193890000926,0.0,318233.837156114,0.15,alns_grid,0.15,R100_K10_tw0.15_cap0.15,,10,qaoa,100,fixed_budget,318233.837156114,4,50,128,,,0.15
0.15,50.728057100001024,0.19800479584090647,381245.6631118786,0.15,alns_grid,0.15,R100_K10_tw0.15_cap0.15,,10,efficient_su2,100,fixed_budget,318233.837156114,4,50,128,,,0.15
0.15,38.16981930000475,0.11560654410683253,355023.75128758885,0.15,alns_grid,0.15,R100_K10_tw0.15_cap0.15,,10,hybrid_alns,100,fixed_budget,318233.837156114,4,50,128,,,0.15
0.15,,,,0.15,alns_grid,0.15,R100_K10_tw0.15_cap0.15,inf,10,regret_k,100,time_to_target,,4,50,128,0.01,inf,0.15
0.15,,,,0.15,alns_grid,0.15,R100_K10_tw0.15_cap0.15,inf,10,standard_alns,100,time_to_target,,4,50,128,0.01,inf,0.15
0.15,,,,0.15,alns_grid,0.15,R100_K10_tw0.15_cap0.15,94,10,qaoa,100,time_to_target,,4,50,128,0.01,45.3615645999962,0.15
0.15,,,,0.15,alns_grid,0.15,R100_K10_tw0.15_cap0.15,inf,10,efficient_su2,100,time_to_target,,4,50,128,0.01,inf,0.15
0.15,,,,0.15,alns_grid,0.15,R100_K10_tw0.15_cap0.15,inf,10,hybrid_alns,100,time_to_target,,4,50,128,0.01,inf,0.15
0.15,46.72986030000902,0.10137376624461937,427171.52003815613,0.15,alns_grid,0.15,R150_K15_tw0.15_cap0.15,,15,regret_k,150,fixed_budget,387853.36379918794,4,10,128,,,0.15
0.15,46.508775099995546,0.037169442017302115,402269.65691613744,0.15,alns_grid,0.15,R150_K15_tw0.15_cap0.15,,15,standard_alns,150,fixed_budget,387853.36379918794,4,10,128,,,0.15
0.15,67.51752750000742,0.014163818342561856,393346.8483875912,0.15,alns_grid,0.15,R150_K15_tw0.15_cap0.15,,15,qaoa,150,fixed_budget,387853.36379918794,4,10,128,,,0.15
0.15,67.25518359999114,0.0706997514686048,415274.5002260529,0.15,alns_grid,0.15,R150_K15_tw0.15_cap0.15,,15,efficient_su2,150,fixed_budget,387853.36379918794,4,10,128,,,0.15
0.15,58.31901740000467,0.0,387853.36379918794,0.15,alns_grid,0.15,R150_K15_tw0.15_cap0.15,,15,hybrid_alns,150,fixed_budget,387853.36379918794,4,10,128,,,0.15
0.15,,,,0.15,alns_grid,0.15,R150_K15_tw0.15_cap0.15,inf,15,regret_k,150,time_to_target,,4,10,128,0.01,inf,0.15
0.15,,,,0.15,alns_grid,0.15,R150_K15_tw0.15_cap0.15,inf,15,standard_alns,150,time_to_target,,4,10,128,0.01,inf,0.15
0.15,,,,0.15,alns_grid,0.15,R150_K15_tw0.15_cap0.15,inf,15,qaoa,150,time_to_target,,4,10,128,0.01,inf,0.15
0.15,,,,0.15,alns_grid,0.15,R150_K15_tw0.15_cap0.15,inf,15,efficient_su2,150,time_to_target,,4,10,128,0.01,inf,0.15
0.15,,,,0.15,alns_grid,0.15,R150_K15_tw0.15_cap0.15,89,15,hybrid_alns,150,time_to_target,,4,10,128,0.01,52.54046269999526,0.15
0.15,45.391156899990165,0.02845281480610629,393440.6707002554,0.15,alns_grid,0.15,R150_K15_tw0.15_cap0.15,,15,regret_k,150,fixed_budget,382555.8791187037,4,20,128,,,0.15
0.15,46.09101989999181,0.03904058478981301,397491.0843542789,0.15,alns_grid,0.15,R150_K15_tw0.15_cap0.15,,15,standard_alns,150,fixed_budget,382555.8791187037,4,20,128,,,0.15
0.15,66.99293399999442,0.0,382555.8791187037,0.15,alns_grid,0.15,R150_K15_tw0.15_cap0.15,,15,qaoa,150,fixed_budget,382555.8791187037,4,20,128,,,0.15
0.15,68.12963959999615,0.02816259075379739,393329.64378278295,0.15,alns_grid,0.15,R150_K15_tw0.15_cap0.15,,15,efficient_su2,150,fixed_budget,382555.8791187037,4,20,128,,,0.15
0.15,64.39126979999128,0.1267328290143081,431038.2679354727,0.15,alns_grid,0.15,R150_K15_tw0.15_cap0.15,,15,hybrid_alns,150,fixed_budget,382555.8791187037,4,20,128,,,0.15
0.15,,,,0.15,alns_grid,0.15,R150_K15_tw0.15_cap0.15,inf,15,regret_k,150,time_to_target,,4,20,128,0.01,inf,0.15
0.15,,,,0.15,alns_grid,0.15,R150_K15_tw0.15_cap0.15,inf,15,standard_alns,150,time_to_target,,4,20,128,0.01,inf,0.15
0.15,,,,0.15,alns_grid,0.15,R150_K15_tw0.15_cap0.15,93,15,qaoa,150,time_to_target,,4,20,128,0.01,62.775932799995644,0.15
0.15,,,,0.15,alns_grid,0.15,R150_K15_tw0.15_cap0.15,inf,15,efficient_su2,150,time_to_target,,4,20,128,0.01,inf,0.15
0.15,,,,0.15,alns_grid,0.15,R150_K15_tw0.15_cap0.15,inf,15,hybrid_alns,150,time_to_target,,4,20,128,0.01,inf,0.15
0.15,45.766726100002415,0.035718551069380065,368354.9934280156,0.15,alns_grid,0.15,R150_K15_tw0.15_cap0.15,,15,regret_k,150,fixed_budget,355651.6324320819,4,30,128,,,0.15
0.15,47.76702369999839,0.04692855100052041,372341.8482030892,0.15,alns_grid,0.15,R150_K15_tw0.15_cap0.15,,15,standard_alns,150,fixed_budget,355651.6324320819,4,30,128,,,0.15
0.15,68.66685029999644,0.011329480417763063,359680.98063726665,0.15,alns_grid,0.15,R150_K15_tw0.15_cap0.15,,15,qaoa,150,fixed_budget,355651.6324320819,4,30,128,,,0.15
0.15,71.07551809999859,0.0,355651.6324320819,0.15,alns_grid,0.15,R150_K15_tw0.15_cap0.15,,15,efficient_su2,150,fixed_budget,355651.6324320819,4,30,128,,,0.15
0.15,56.753367800003616,0.08037098046846432,384235.7028358582,0.15,alns_grid,0.15,R150_K15_tw0.15_cap0.15,,15,hybrid_alns,150,fixed_budget,355651.6324320819,4,30,128,,,0.15
0.15,,,,0.15,alns_grid,0.15,R150_K15_tw0.15_cap0.15,inf,15,regret_k,150,time_to_target,,4,30,128,0.01,inf,0.15
0.15,,,,0.15,alns_grid,0.15,R150_K15_tw0.15_cap0.15,inf,15,standard_alns,150,time_to_target,,4,30,128,0.01,inf,0.15
0.15,,,,0.15,alns_grid,0.15,R150_K15_tw0.15_cap0.15,inf,15,qaoa,150,time_to_target,,4,30,128,0.01,inf,0.15
0.15,,,,0.15,alns_grid,0.15,R150_K15_tw0.15_cap0.15,86,15,efficient_su2,150,time_to_target,,4,30,128,0.01,61.89274999999907,0.15
0.15,,,,0.15,alns_grid,0.15,R150_K15_tw0.15_cap0.15,inf,15,hybrid_alns,150,time_to_target,,4,30,128,0.01,inf,0.15
0.15,47.488678299996536,0.09113740609764737,424364.2356825498,0.15,alns_grid,0.15,R150_K15_tw0.15_cap0.15,,15,regret_k,150,fixed_budget,388919.152905086,4,40,128,,,0.15
0.15,46.38757130000158,0.0,388919.152905086,0.15,alns_grid,0.15,R150_K15_tw0.15_cap0.15,,15,standard_alns,150,fixed_budget,388919.152905086,4,40,128,,,0.15
0.15,69.32196479999402,0.07414811938497508,417756.7766857957,0.15,alns_grid,0.15,R150_K15_tw0.15_cap0.15,,15,qaoa,150,fixed_budget,388919.152905086,4,40,128,,,0.15
0.15,72.8415146000043,0.12475371892206051,437438.26359001297,0.15,alns_grid,0.15,R150_K15_tw0.15_cap0.15,,15,efficient_su2,150,fixed_budget,388919.152905086,4,40,128,,,0.15
0.15,78.34099789999891,0.102249609552371,428685.9844370699,0.15,alns_grid,0.15,R150_K15_tw0.15_cap0.15,,15,hybrid_alns,150,fixed_budget,388919.152905086,4,40,128,,,0.15
0.15,,,,0.15,alns_grid,0.15,R150_K15_tw0.15_cap0.15,inf,15,regret_k,150,time_to_target,,4,40,128,0.01,inf,0.15
0.15,,,,0.15,alns_grid,0.15,R150_K15_tw0.15_cap0.15,88,15,standard_alns,150,time_to_target,,4,40,128,0.01,41.38390800000343,0.15
0.15,,,,0.15,alns_grid,0.15,R150_K15_tw0.15_cap0.15,inf,15,qaoa,150,time_to_target,,4,40,128,0.01,inf,0.15
0.15,,,,0.15,alns_grid,0.15,R150_K15_tw0.15_cap0.15,inf,15,efficient_su2,150,time_to_target,,4,40,128,0.01,inf,0.15
0.15,,,,0.15,alns_grid,0.15,R150_K15_tw0.15_cap0.15,inf,15,hybrid_alns,150,time_to_target,,4,40,128,0.01,inf,0.15
0.15,81.28309350000927,0.049505235921451715,422979.1002465938,0.15,alns_grid,0.15,R150_K15_tw0.15_cap0.15,,15,regret_k,150,fixed_budget,403027.14628691087,4,50,128,,,0.15
0.15,81.6480647999997,0.04729203465876268,422087.12005753367,0.15,alns_grid,0.15,R150_K15_tw0.15_cap0.15,,15,standard_alns,150,fixed_budget,403027.14628691087,4,50,128,,,0.15
0.15,96.54287989999284,0.0,403027.14628691087,0.15,alns_grid,0.15,R150_K15_tw0.15_cap0.15,,15,qaoa,150,fixed_budget,403027.14628691087,4,50,128,,,0.15
0.15,101.97742769999604,0.13946028767454022,459233.42804873246,0.15,alns_grid,0.15,R150_K15_tw0.15_cap0.15,,15,efficient_su2,150,fixed_budget,403027.14628691087,4,50,128,,,0.15
0.15,88.50683120000758,0.07182600258685004,431974.9751386853,0.15,alns_grid,0.15,R150_K15_tw0.15_cap0.15,,15,hybrid_alns,150,fixed_budget,403027.14628691087,4,50,128,,,0.15
0.15,,,,0.15,alns_grid,0.15,R150_K15_tw0.15_cap0.15,inf,15,regret_k,150,time_to_target,,4,50,128,0.01,inf,0.15
0.15,,,,0.15,alns_grid,0.15,R150_K15_tw0.15_cap0.15,inf,15,standard_alns,150,time_to_target,,4,50,128,0.01,inf,0.15
0.15,,,,0.15,alns_grid,0.15,R150_K15_tw0.15_cap0.15,97,15,qaoa,150,time_to_target,,4,50,128,0.01,94.1075836999953,0.15
0.15,,,,0.15,alns_grid,0.15,R150_K15_tw0.15_cap0.15,inf,15,efficient_su2,150,time_to_target,,4,50,128,0.01,inf,0.15
0.15,,,,0.15,alns_grid,0.15,R150_K15_tw0.15_cap0.15,inf,15,hybrid_alns,150,time_to_target,,4,50,128,0.01,inf,0.15
0.15,105.19860319999862,0.06022624652781759,482637.4385715709,0.15,alns_grid,0.15,R200_K20_tw0.15_cap0.15,,20,regret_k,200,fixed_budget,455221.1758124097,4,10,128,,,0.15
0.15,104.54879999998957,0.02855549899595386,468220.2436412579,0.15,alns_grid,0.15,R200_K20_tw0.15_cap0.15,,20,standard_alns,200,fixed_budget,455221.1758124097,4,10,128,,,0.15
0.15,134.8211631999875,0.0,455221.1758124097,0.15,alns_grid,0.15,R200_K20_tw0.15_cap0.15,,20,qaoa,200,fixed_budget,455221.1758124097,4,10,128,,,0.15
0.15,86.90676109999185,0.005200261173558884,457588.4448183688,0.15,alns_grid,0.15,R200_K20_tw0.15_cap0.15,,20,efficient_su2,200,fixed_budget,455221.1758124097,4,10,128,,,0.15
0.15,73.77563090001058,0.1237107876762795,511536.94603908504,0.15,alns_grid,0.15,R200_K20_tw0.15_cap0.15,,20,hybrid_alns,200,fixed_budget,455221.1758124097,4,10,128,,,0.15
0.15,,,,0.15,alns_grid,0.15,R200_K20_tw0.15_cap0.15,inf,20,regret_k,200,time_to_target,,4,10,128,0.01,inf,0.15
0.15,,,,0.15,alns_grid,0.15,R200_K20_tw0.15_cap0.15,inf,20,standard_alns,200,time_to_target,,4,10,128,0.01,inf,0.15
0.15,,,,0.15,alns_grid,0.15,R200_K20_tw0.15_cap0.15,98,20,qaoa,200,time_to_target,,4,10,128,0.01,133.69265469998936,0.15
0.15,,,,0.15,alns_grid,0.15,R200_K20_tw0.15_cap0.15,98,20,efficient_su2,200,time_to_target,,4,10,128,0.01,85.98953469999833,0.15
0.15,,,,0.15,alns_grid,0.15,R200_K20_tw0.15_cap0.15,inf,20,hybrid_alns,200,time_to_target,,4,10,128,0.01,inf,0.15
0.15,66.55520519999845,0.0,496928.33660508244,0.15,alns_grid,0.15,R200_K20_tw0.15_cap0.15,,20,regret_k,200,fixed_budget,496928.33660508244,4,20,128,,,0.15
0.15,64.61945190001279,0.050139987253532574,521844.3170683804,0.15,alns_grid,0.15,R200_K20_tw0.15_cap0.15,,20,standard_alns,200,fixed_budget,496928.33660508244,4,20,128,,,0.15
0.15,87.27622729999712,0.008910136942458246,501356.0361348217,0.15,alns_grid,0.15,R200_K20_tw0.15_cap0.15,,20,qaoa,200,fixed_budget,496928.33660508244,4,20,128,,,0.15
0.15,85.61627040000167,0.02098791685391781,507357.8272161056,0.15,alns_grid,0.15,R200_K20_tw0.15_cap0.15,,20,efficient_su2,200,fixed_budget,496928.33660508244,4,20,128,,,0.15
0.15,73.26332390001335,0.04177236835087603,517686.21012573806,0.15,alns_grid,0.15,R200_K20_tw0.15_cap0.15,,20,hybrid_alns,200,fixed_budget,496928.33660508244,4,20,128,,,0.15
0.15,,,,0.15,alns_grid,0.15,R200_K20_tw0.15_cap0.15,81,20,regret_k,200,time_to_target,,4,20,128,0.01,54.50349909999932,0.15
0.15,,,,0.15,alns_grid,0.15,R200_K20_tw0.15_cap0.15,inf,20,standard_alns,200,time_to_target,,4,20,128,0.01,inf,0.15
0.15,,,,0.15,alns_grid,0.15,R200_K20_tw0.15_cap0.15,99,20,qaoa,200,time_to_target,,4,20,128,0.01,87.27622729999712,0.15
0.15,,,,0.15,alns_grid,0.15,R200_K20_tw0.15_cap0.15,inf,20,efficient_su2,200,time_to_target,,4,20,128,0.01,inf,0.15
0.15,,,,0.15,alns_grid,0.15,R200_K20_tw0.15_cap0.15,inf,20,hybrid_alns,200,time_to_target,,4,20,128,0.01,inf,0.15
0.15,64.66421119999723,0.02717163497330196,489793.5441974312,0.15,alns_grid,0.15,R200_K20_tw0.15_cap0.15,,20,regret_k,200,fixed_budget,476837.10055930604,4,30,128,,,0.15
0.15,64.74838800000725,0.018602228066301914,485707.3330543844,0.15,alns_grid,0.15,R200_K20_tw0.15_cap0.15,,20,standard_alns,200,fixed_budget,476837.10055930604,4,30,128,,,0.15
0.15,84.92122059999383,0.0,476837.10055930604,0.15,alns_grid,0.15,R200_K20_tw0.15_cap0.15,,20,qaoa,200,fixed_budget,476837.10055930604,4,30,128,,,0.15
0.15,86.04152529999556,0.15462497079096477,550568.0233053371,0.15,alns_grid,0.15,R200_K20_tw0.15_cap0.15,,20,efficient_su2,200,fixed_budget,476837.10055930604,4,30,128,,,0.15
0.15,73.51924559999316,0.02856089050458543,490455.9927769044,0.15,alns_grid,0.15,R200_K20_tw0.15_cap0.15,,20,hybrid_alns,200,fixed_budget,476837.10055930604,4,30,128,,,0.15
0.15,,,,0.15,alns_grid,0.15,R200_K20_tw0.15_cap0.15,inf,20,regret_k,200,time_to_target,,4,30,128,0.01,inf,0.15
0.15,,,,0.15,alns_grid,0.15,R200_K20_tw0.15_cap0.15,inf,20,standard_alns,200,time_to_target,,4,30,128,0.01,inf,0.15
0.15,,,,0.15,alns_grid,0.15,R200_K20_tw0.15_cap0.15,94,20,qaoa,200,time_to_target,,4,30,128,0.01,80.50098589999834,0.15
0.15,,,,0.15,alns_grid,0.15,R200_K20_tw0.15_cap0.15,inf,20,efficient_su2,200,time_to_target,,4,30,128,0.01,inf,0.15
0.15,,,,0.15,alns_grid,0.15,R200_K20_tw0.15_cap0.15,inf,20,hybrid_alns,200,time_to_target,,4,30,128,0.01,inf,0.15
0.15,63.623023400010425,0.0,446869.36029695603,0.15,alns_grid,0.15,R200_K20_tw0.15_cap0.15,,20,regret_k,200,fixed_budget,446869.36029695603,4,40,128,,,0.15
0.15,62.68977029999951,0.18060848363680235,527577.7578439371,0.15,alns_grid,0.15,R200_K20_tw0.15_cap0.15,,20,standard_alns,200,fixed_budget,446869.36029695603,4,40,128,,,0.15
0.15,84.69699320000655,0.16790628328154988,521901.5336968217,0.15,alns_grid,0.15,R200_K20_tw0.15_cap0.15,,20,qaoa,200,fixed_budget,446869.36029695603,4,40,128,,,0.15
0.15,84.70324990000518,0.11519067407406167,498344.5431326071,0.15,alns_grid,0.15,R200_K20_tw0.15_cap0.15,,20,efficient_su2,200,fixed_budget,446869.36029695603,4,40,128,,,0.15
0.15,73.17415150000306,0.09709680372514282,490258.9468644897,0.15,alns_grid,0.15,R200_K20_tw0.15_cap0.15,,20,hybrid_alns,200,fixed_budget,446869.36029695603,4,40,128,,,0.15
0.15,,,,0.15,alns_grid,0.15,R200_K20_tw0.15_cap0.15,91,20,regret_k,200,time_to_target,,4,40,128,0.01,58.540466600010404,0.15
0.15,,,,0.15,alns_grid,0.15,R200_K20_tw0.15_cap0.15,inf,20,standard_alns,200,time_to_target,,4,40,128,0.01,inf,0.15
0.15,,,,0.15,alns_grid,0.15,R200_K20_tw0.15_cap0.15,inf,20,qaoa,200,time_to_target,,4,40,128,0.01,inf,0.15
0.15,,,,0.15,alns_grid,0.15,R200_K20_tw0.15_cap0.15,inf,20,efficient_su2,200,time_to_target,,4,40,128,0.01,inf,0.15
0.15,,,,0.15,alns_grid,0.15,R200_K20_tw0.15_cap0.15,inf,20,hybrid_alns,200,time_to_target,,4,40,128,0.01,inf,0.15
0.15,62.327973400009796,0.0,458209.74691871286,0.15,alns_grid,0.15,R200_K20_tw0.15_cap0.15,,20,regret_k,200,fixed_budget,458209.74691871286,4,50,128,,,0.15
0.15,61.430726299993694,0.06433530532343025,487688.81088889996,0.15,alns_grid,0.15,R200_K20_tw0.15_cap0.15,,20,standard_alns,200,fixed_budget,458209.74691871286,4,50,128,,,0.15
0.15,84.88275460001023,0.029996059637029844,471954.2338135549,0.15,alns_grid,0.15,R200_K20_tw0.15_cap0.15,,20,qaoa,200,fixed_budget,458209.74691871286,4,50,128,,,0.15
0.15,84.99661200000264,0.1182893605230424,512411.0848671525,0.15,alns_grid,0.15,R200_K20_tw0.15_cap0.15,,20,efficient_su2,200,fixed_budget,458209.74691871286,4,50,128,,,0.15
0.15,69.98163509998994,0.019232823450902357,467022.4140846831,0.15,alns_grid,0.15,R200_K20_tw0.15_cap0.15,,20,hybrid_alns,200,fixed_budget,458209.74691871286,4,50,128,,,0.15
0.15,,,,0.15,alns_grid,0.15,R200_K20_tw0.15_cap0.15,95,20,regret_k,200,time_to_target,,4,50,128,0.01,59.81965920000221,0.15
0.15,,,,0.15,alns_grid,0.15,R200_K20_tw0.15_cap0.15,inf,20,standard_alns,200,time_to_target,,4,50,128,0.01,inf,0.15
0.15,,,,0.15,alns_grid,0.15,R200_K20_tw0.15_cap0.15,inf,20,qaoa,200,time_to_target,,4,50,128,0.01,inf,0.15
0.15,,,,0.15,alns_grid,0.15,R200_K20_tw0.15_cap0.15,inf,20,efficient_su2,200,time_to_target,,4,50,128,0.01,inf,0.15
0.15,,,,0.15,alns_grid,0.15,R200_K20_tw0.15_cap0.15,inf,20,hybrid_alns,200,time_to_target,,4,50,128,0.01,inf,0.15
0.15,29.25227779999841,0.0,312567.04228801606,0.15,alns_grid,0.15,R100_K10_tw0.15_cap0.15,,10,regret_k,100,fixed_budget,312567.04228801606,4,10,1024,,,0.15
0.15,28.03943099999742,0.06638482707051226,333316.7513382475,0.15,alns_grid,0.15,R100_K10_tw0.15_cap0.15,,10,standard_alns,100,fixed_budget,312567.04228801606,4,10,1024,,,0.15
0.15,47.75704709999263,0.0793755792836551,337377.23233460606,0.15,alns_grid,0.15,R100_K10_tw0.15_cap0.15,,10,qaoa,100,fixed_budget,312567.04228801606,4,10,1024,,,0.15
0.15,50.88059939999948,0.1323853994628748,353946.35504024435,0.15,alns_grid,0.15,R100_K10_tw0.15_cap0.15,,10,efficient_su2,100,fixed_budget,312567.04228801606,4,10,1024,,,0.15
0.15,41.20226000000548,0.09425505177660733,342028.065042534,0.15,alns_grid,0.15,R100_K10_tw0.15_cap0.15,,10,hybrid_alns,100,fixed_budget,312567.04228801606,4,10,1024,,,0.15
0.15,,,,0.15,alns_grid,0.15,R100_K10_tw0.15_cap0.15,98,10,regret_k,100,time_to_target,,4,10,1024,0.01,28.97238649999781,0.15
0.15,,,,0.15,alns_grid,0.15,R100_K10_tw0.15_cap0.15,inf,10,standard_alns,100,time_to_target,,4,10,1024,0.01,inf,0.15
0.15,,,,0.15,alns_grid,0.15,R100_K10_tw0.15_cap0.15,inf,10,qaoa,100,time_to_target,,4,10,1024,0.01,inf,0.15
0.15,,,,0.15,alns_grid,0.15,R100_K10_tw0.15_cap0.15,inf,10,efficient_su2,100,time_to_target,,4,10,1024,0.01,inf,0.15
0.15,,,,0.15,alns_grid,0.15,R100_K10_tw0.15_cap0.15,inf,10,hybrid_alns,100,time_to_target,,4,10,1024,0.01,inf,0.15
0.15,30.085094200010644,0.019632160624958914,296595.24368724163,0.15,alns_grid,0.15,R100_K10_tw0.15_cap0.15,,10,regret_k,100,fixed_budget,290884.5514498589,4,20,1024,,,0.15
0.15,28.820194899992202,0.055087514942301456,306908.65852433763,0.15,alns_grid,0.15,R100_K10_tw0.15_cap0.15,,10,standard_alns,100,fixed_budget,290884.5514498589,4,20,1024,,,0.15
0.15,47.97442949999822,0.119915454081329,325766.1045222124,0.15,alns_grid,0.15,R100_K10_tw0.15_cap0.15,,10,qaoa,100,fixed_budget,290884.5514498589,4,20,1024,,,0.15
0.15,51.51163589999487,0.0,290884.5514498589,0.15,alns_grid,0.15,R100_K10_tw0.15_cap0.15,,10,efficient_su2,100,fixed_budget,290884.5514498589,4,20,1024,,,0.15
0.15,40.37907530000666,0.069381140619634,311066.4534180807,0.15,alns_grid,0.15,R100_K10_tw0.15_cap0.15,,10,hybrid_alns,100,fixed_budget,290884.5514498589,4,20,1024,,,0.15
0.15,,,,0.15,alns_grid,0.15,R100_K10_tw0.15_cap0.15,inf,10,regret_k,100,time_to_target,,4,20,1024,0.01,inf,0.15
0.15,,,,0.15,alns_grid,0.15,R100_K10_tw0.15_cap0.15,inf,10,standard_alns,100,time_to_target,,4,20,1024,0.01,inf,0.15
0.15,,,,0.15,alns_grid,0.15,R100_K10_tw0.15_cap0.15,inf,10,qaoa,100,time_to_target,,4,20,1024,0.01,inf,0.15
0.15,,,,0.15,alns_grid,0.15,R100_K10_tw0.15_cap0.15,83,10,efficient_su2,100,time_to_target,,4,20,1024,0.01,43.93861680000555,0.15
0.15,,,,0.15,alns_grid,0.15,R100_K10_tw0.15_cap0.15,inf,10,hybrid_alns,100,time_to_target,,4,20,1024,0.01,inf,0.15
0.15,30.242225699999835,0.0060952221741450135,282737.5944758489,0.15,alns_grid,0.15,R100_K10_tw0.15_cap0.15,,10,regret_k,100,fixed_budget,281024.6865747563,4,30,1024,,,0.15
0.15,28.228290800005198,0.0,281024.6865747563,0.15,alns_grid,0.15,R100_K10_tw0.15_cap0.15,,10,standard_alns,100,fixed_budget,281024.6865747563,4,30,1024,,,0.15
0.15,47.33667509999941,0.07758173913156184,302827.07049812796,0.15,alns_grid,0.15,R100_K10_tw0.15_cap0.15,,10,qaoa,100,fixed_budget,281024.6865747563,4,30,1024,,,0.15
0.15,50.011931299988646,0.04752718526239551,294380.99891690136,0.15,alns_grid,0.15,R100_K10_tw0.15_cap0.15,,10,efficient_su2,100,fixed_budget,281024.6865747563,4,30,1024,,,0.15
0.15,40.716313199998694,0.04086526312638479,292508.8343366435,0.15,alns_grid,0.15,R100_K10_tw0.15_cap0.15,,10,hybrid_alns,100,fixed_budget,281024.6865747563,4,30,1024,,,0.15
0.15,,,,0.15,alns_grid,0.15,R100_K10_tw0.15_cap0.15,99,10,regret_k,100,time_to_target,,4,30,1024,0.01,30.242225699999835,0.15
0.15,,,,0.15,alns_grid,0.15,R100_K10_tw0.15_cap0.15,88,10,standard_alns,100,time_to_target,,4,30,1024,0.01,25.177412300006836,0.15
0.15,,,,0.15,alns_grid,0.15,R100_K10_tw0.15_cap0.15,inf,10,qaoa,100,time_to_target,,4,30,1024,0.01,inf,0.15
0.15,,,,0.15,alns_grid,0.15,R100_K10_tw0.15_cap0.15,inf,10,efficient_su2,100,time_to_target,,4,30,1024,0.01,inf,0.15
0.15,,,,0.15,alns_grid,0.15,R100_K10_tw0.15_cap0.15,inf,10,hybrid_alns,100,time_to_target,,4,30,1024,0.01,inf,0.15
0.15,30.675021899995045,0.12377844225021249,307094.2583246779,0.15,alns_grid,0.15,R100_K10_tw0.15_cap0.15,,10,regret_k,100,fixed_budget,273269.39793378103,4,40,1024,,,0.15
0.15,28.06509350000124,0.15257894731233862,314964.5550031939,0.15,alns_grid,0.15,R100_K10_tw0.15_cap0.15,,10,standard_alns,100,fixed_budget,273269.39793378103,4,40,1024,,,0.15
0.15,47.41350789999706,0.25380490422388524,342626.5113036831,0.15,alns_grid,0.15,R100_K10_tw0.15_cap0.15,,10,qaoa,100,fixed_budget,273269.39793378103,4,40,1024,,,0.15
0.15,52.232416400001966,0.0,273269.39793378103,0.15,alns_grid,0.15,R100_K10_tw0.15_cap0.15,,10,efficient_su2,100,fixed_budget,273269.39793378103,4,40,1024,,,0.15
0.15,41.46444650000194,0.04029438130543092,284280.61925323034,0.15,alns_grid,0.15,R100_K10_tw0.15_cap0.15,,10,hybrid_alns,100,fixed_budget,273269.39793378103,4,40,1024,,,0.15
0.15,,,,0.15,alns_grid,0.15,R100_K10_tw0.15_cap0.15,inf,10,regret_k,100,time_to_target,,4,40,1024,0.01,inf,0.15
0.15,,,,0.15,alns_grid,0.15,R100_K10_tw0.15_cap0.15,inf,10,standard_alns,100,time_to_target,,4,40,1024,0.01,inf,0.15
0.15,,,,0.15,alns_grid,0.15,R100_K10_tw0.15_cap0.15,inf,10,qaoa,100,time_to_target,,4,40,1024,0.01,inf,0.15
0.15,,,,0.15,alns_grid,0.15,R100_K10_tw0.15_cap0.15,79,10,efficient_su2,100,time_to_target,,4,40,1024,0.01,42.7942311999941,0.15
0.15,,,,0.15,alns_grid,0.15,R100_K10_tw0.15_cap0.15,inf,10,hybrid_alns,100,time_to_target,,4,40,1024,0.01,inf,0.15
0.15,30.462871700001415,0.060954068427957545,333983.84464889765,0.15,alns_grid,0.15,R100_K10_tw0.15_cap0.15,,10,regret_k,100,fixed_budget,314795.76221784035,4,50,1024,,,0.15
0.15,27.668013099988457,0.13938980442946558,358675.0819486097,0.15,alns_grid,0.15,R100_K10_tw0.15_cap0.15,,10,standard_alns,100,fixed_budget,314795.76221784035,4,50,1024,,,0.15
0.15,47.64687899999262,0.08606835589424694,341889.7159144062,0.15,alns_grid,0.15,R100_K10_tw0.15_cap0.15,,10,qaoa,100,fixed_budget,314795.76221784035,4,50,1024,,,0.15
0.15,52.04103170000599,0.21108893088609806,381245.6631118786,0.15,alns_grid,0.15,R100_K10_tw0.15_cap0.15,,10,efficient_su2,100,fixed_budget,314795.76221784035,4,50,1024,,,0.15
0.15,40.041255400006776,0.0,314795.76221784035,0.15,alns_grid,0.15,R100_K10_tw0.15_cap0.15,,10,hybrid_alns,100,fixed_budget,314795.76221784035,4,50,1024,,,0.15
0.15,,,,0.15,alns_grid,0.15,R100_K10_tw0.15_cap0.15,inf,10,regret_k,100,time_to_target,,4,50,1024,0.01,inf,0.15
0.15,,,,0.15,alns_grid,0.15,R100_K10_tw0.15_cap0.15,inf,10,standard_alns,100,time_to_target,,4,50,1024,0.01,inf,0.15
0.15,,,,0.15,alns_grid,0.15,R100_K10_tw0.15_cap0.15,inf,10,qaoa,100,time_to_target,,4,50,1024,0.01,inf,0.15
0.15,,,,0.15,alns_grid,0.15,R100_K10_tw0.15_cap0.15,inf,10,efficient_su2,100,time_to_target,,4,50,1024,0.01,inf,0.15
0.15,,,,0.15,alns_grid,0.15,R100_K10_tw0.15_cap0.15,89,10,hybrid_alns,100,time_to_target,,4,50,1024,0.01,35.82298549999541,0.15
0.15,45.57944580000185,0.061903409053818026,427171.52003815613,0.15,alns_grid,0.15,R150_K15_tw0.15_cap0.15,,15,regret_k,150,fixed_budget,402269.65691613744,4,10,1024,,,0.15
0.15,45.574381400001585,0.0,402269.65691613744,0.15,alns_grid,0.15,R150_K15_tw0.15_cap0.15,,15,standard_alns,150,fixed_budget,402269.65691613744,4,10,1024,,,0.15
0.15,65.93979940000281,0.12631213112654074,453081.19456875714,0.15,alns_grid,0.15,R150_K15_tw0.15_cap0.15,,15,qaoa,150,fixed_budget,402269.65691613744,4,10,1024,,,0.15
0.15,65.82891989999916,0.0496035686791619,422223.66747051995,0.15,alns_grid,0.15,R150_K15_tw0.15_cap0.15,,15,efficient_su2,150,fixed_budget,402269.65691613744,4,10,1024,,,0.15
0.15,53.52193400000397,0.03691067085286358,417117.69981666334,0.15,alns_grid,0.15,R150_K15_tw0.15_cap0.15,,15,hybrid_alns,150,fixed_budget,402269.65691613744,4,10,1024,,,0.15
0.15,,,,0.15,alns_grid,0.15,R150_K15_tw0.15_cap0.15,inf,15,regret_k,150,time_to_target,,4,10,1024,0.01,inf,0.15
0.15,,,,0.15,alns_grid,0.15,R150_K15_tw0.15_cap0.15,79,15,standard_alns,150,time_to_target,,4,10,1024,0.01,36.516968500000075,0.15
0.15,,,,0.15,alns_grid,0.15,R150_K15_tw0.15_cap0.15,inf,15,qaoa,150,time_to_target,,4,10,1024,0.01,inf,0.15
0.15,,,,0.15,alns_grid,0.15,R150_K15_tw0.15_cap0.15,inf,15,efficient_su2,150,time_to_target,,4,10,1024,0.01,inf,0.15
0.15,,,,0.15,alns_grid,0.15,R150_K15_tw0.15_cap0.15,inf,15,hybrid_alns,150,time_to_target,,4,10,1024,0.01,inf,0.15
0.15,44.61852970000473,0.0,393440.6707002554,0.15,alns_grid,0.15,R150_K15_tw0.15_cap0.15,,15,regret_k,150,fixed_budget,393440.6707002554,4,20,1024,,,0.15
0.15,45.332967999987886,0.01029485245339411,397491.0843542789,0.15,alns_grid,0.15,R150_K15_tw0.15_cap0.15,,15,standard_alns,150,fixed_budget,393440.6707002554,4,20,1024,,,0.15
0.15,64.72277649999887,0.0577963623375102,416180.11026236037,0.15,alns_grid,0.15,R150_K15_tw0.15_cap0.15,,15,qaoa,150,fixed_budget,393440.6707002554,4,20,1024,,,0.15
0.15,65.74026700000104,0.00026361871789805916,393544.3890254343,0.15,alns_grid,0.15,R150_K15_tw0.15_cap0.15,,15,efficient_su2,150,fixed_budget,393440.6707002554,4,20,1024,,,0.15
0.15,55.20754350000061,0.0045126328407216355,395216.1239917329,0.15,alns_grid,0.15,R150_K15_tw0.15_cap0.15,,15,hybrid_alns,150,fixed_budget,393440.6707002554,4,20,1024,,,0.15
0.15,,,,0.15,alns_grid,0.15,R150_K15_tw0.15_cap0.15,85,15,regret_k,150,time_to_target,,4,20,1024,0.01,38.417325000002165,0.15
0.15,,,,0.15,alns_grid,0.15,R150_K15_tw0.15_cap0.15,inf,15,standard_alns,150,time_to_target,,4,20,1024,0.01,inf,0.15
0.15,,,,0.15,alns_grid,0.15,R150_K15_tw0.15_cap0.15,inf,15,qaoa,150,time_to_target,,4,20,1024,0.01,inf,0.15
0.15,,,,0.15,alns_grid,0.15,R150_K15_tw0.15_cap0.15,99,15,efficient_su2,150,time_to_target,,4,20,1024,0.01,65.74026700000104,0.15
0.15,,,,0.15,alns_grid,0.15,R150_K15_tw0.15_cap0.15,93,15,hybrid_alns,150,time_to_target,,4,20,1024,0.01,51.7747992999939,0.15
0.15,47.341102699996554,0.03419581439759618,368354.9934280156,0.15,alns_grid,0.15,R150_K15_tw0.15_cap0.15,,15,regret_k,150,fixed_budget,356175.28934071056,4,30,1024,,,0.15
0.15,46.25101780000841,0.04538933313510703,372341.8482030892,0.15,alns_grid,0.15,R150_K15_tw0.15_cap0.15,,15,standard_alns,150,fixed_budget,356175.28934071056,4,30,1024,,,0.15
0.15,65.29255079998984,0.041445269845477396,370937.0703197273,0.15,alns_grid,0.15,R150_K15_tw0.15_cap0.15,,15,qaoa,150,fixed_budget,356175.28934071056,4,30,1024,,,0.15
0.15,65.70213570000487,0.0,356175.28934071056,0.15,alns_grid,0.15,R150_K15_tw0.15_cap0.15,,15,efficient_su2,150,fixed_budget,356175.28934071056,4,30,1024,,,0.15
0.15,53.61002730000473,0.012906601531998681,360772.30187577545,0.15,alns_grid,0.15,R150_K15_tw0.15_cap0.15,,15,hybrid_alns,150,fixed_budget,356175.28934071056,4,30,1024,,,0.15
0.15,,,,0.15,alns_grid,0.15,R150_K15_tw0.15_cap0.15,inf,15,regret_k,150,time_to_target,,4,30,1024,0.01,inf,0.15
0.15,,,,0.15,alns_grid,0.15,R150_K15_tw0.15_cap0.15,inf,15,standard_alns,150,time_to_target,,4,30,1024,0.01,inf,0.15
0.15,,,,0.15,alns_grid,0.15,R150_K15_tw0.15_cap0.15,inf,15,qaoa,150,time_to_target,,4,30,1024,0.01,inf,0.15
0.15,,,,0.15,alns_grid,0.15,R150_K15_tw0.15_cap0.15,79,15,efficient_su2,150,time_to_target,,4,30,1024,0.01,52.391815800001496,0.15
0.15,,,,0.15,alns_grid,0.15,R150_K15_tw0.15_cap0.15,inf,15,hybrid_alns,150,time_to_target,,4,30,1024,0.01,inf,0.15
0.15,44.44452760000422,0.09113740609764737,424364.2356825498,0.15,alns_grid,0.15,R150_K15_tw0.15_cap0.15,,15,regret_k,150,fixed_budget,388919.152905086,4,40,1024,,,0.15
0.15,45.211367099997005,0.0,388919.152905086,0.15,alns_grid,0.15,R150_K15_tw0.15_cap0.15,,15,standard_alns,150,fixed_budget,388919.152905086,4,40,1024,,,0.15
0.15,64.17507019999903,0.08526625310346243,422080.83183347527,0.15,alns_grid,0.15,R150_K15_tw0.15_cap0.15,,15,qaoa,150,fixed_budget,388919.152905086,4,40,1024,,,0.15
0.15,64.19263679999858,0.12475371892206051,437438.26359001297,0.15,alns_grid,0.15,R150_K15_tw0.15_cap0.15,,15,efficient_su2,150,fixed_budget,388919.152905086,4,40,1024,,,0.15
0.15,52.48028859999613,0.14923213286563897,446958.38760540955,0.15,alns_grid,0.15,R150_K15_tw0.15_cap0.15,,15,hybrid_alns,150,fixed_budget,388919.152905086,4,40,1024,,,0.15
0.15,,,,0.15,alns_grid,0.15,R150_K15_tw0.15_cap0.15,inf,15,regret_k,150,time_to_target,,4,40,1024,0.01,inf,0.15
0.15,,,,0.15,alns_grid,0.15,R150_K15_tw0.15_cap0.15,88,15,standard_alns,150,time_to_target,,4,40,1024,0.01,40.16660910000792,0.15
0.15,,,,0.15,alns_grid,0.15,R150_K15_tw0.15_cap0.15,inf,15,qaoa,150,time_to_target,,4,40,1024,0.01,inf,0.15
0.15,,,,0.15,alns_grid,0.15,R150_K15_tw0.15_cap0.15,inf,15,efficient_su2,150,time_to_target,,4,40,1024,0.01,inf,0.15
0.15,,,,0.15,alns_grid,0.15,R150_K15_tw0.15_cap0.15,inf,15,hybrid_alns,150,time_to_target,,4,40,1024,0.01,inf,0.15
0.15,45.72169069999654,0.007923389665604285,422979.1002465938,0.15,alns_grid,0.15,R150_K15_tw0.15_cap0.15,,15,regret_k,150,fixed_budget,419654.01793773664,4,50,1024,,,0.15
0.15,45.34965309999825,0.005797876383392619,422087.12005753367,0.15,alns_grid,0.15,R150_K15_tw0.15_cap0.15,,15,standard_alns,150,fixed_budget,419654.01793773664,4,50,1024,,,0.15
0.15,64.07324129999324,0.05037577666065804,440794.41502011585,0.15,alns_grid,0.15,R150_K15_tw0.15_cap0.15,,15,qaoa,150,fixed_budget,419654.01793773664,4,50,1024,,,0.15
0.15,65.06093720000354,0.08055789328978999,453460.46153339645,0.15,alns_grid,0.15,R150_K15_tw0.15_cap0.15,,15,efficient_su2,150,fixed_budget,419654.01793773664,4,50,1024,,,0.15
0.15,52.95494309999049,0.0,419654.01793773664,0.15,alns_grid,0.15,R150_K15_tw0.15_cap0.15,,15,hybrid_alns,150,fixed_budget,419654.01793773664,4,50,1024,,,0.15
0.15,,,,0.15,alns_grid,0.15,R150_K15_tw0.15_cap0.15,99,15,regret_k,150,time_to_target,,4,50,1024,0.01,45.72169069999654,0.15
0.15,,,,0.15,alns_grid,0.15,R150_K15_tw0.15_cap0.15,98,15,standard_alns,150,time_to_target,,4,50,1024,0.01,44.96165330000804,0.15
0.15,,,,0.15,alns_grid,0.15,R150_K15_tw0.15_cap0.15,inf,15,qaoa,150,time_to_target,,4,50,1024,0.01,inf,0.15
0.15,,,,0.15,alns_grid,0.15,R150_K15_tw0.15_cap0.15,inf,15,efficient_su2,150,time_to_target,,4,50,1024,0.01,inf,0.15
0.15,,,,0.15,alns_grid,0.15,R150_K15_tw0.15_cap0.15,93,15,hybrid_alns,150,time_to_target,,4,50,1024,0.01,49.72465689999808,0.15
0.15,61.88272189999407,0.054741316212966906,482637.4385715709,0.15,alns_grid,0.15,R200_K20_tw0.15_cap0.15,,20,regret_k,200,fixed_budget,457588.4448183688,4,10,1024,,,0.15
0.15,62.199776599998586,0.023234412807581272,468220.2436412579,0.15,alns_grid,0.15,R200_K20_tw0.15_cap0.15,,20,standard_alns,200,fixed_budget,457588.4448183688,4,10,1024,,,0.15
0.15,82.99937250000949,0.06285744675470058,486351.2861241057,0.15,alns_grid,0.15,R200_K20_tw0.15_cap0.15,,20,qaoa,200,fixed_budget,457588.4448183688,4,10,1024,,,0.15
0.15,82.21800300000177,0.0,457588.4448183688,0.15,alns_grid,0.15,R200_K20_tw0.15_cap0.15,,20,efficient_su2,200,fixed_budget,457588.4448183688,4,10,1024,,,0.15
0.15,69.13059470000735,0.08779513395908939,497762.4836293289,0.15,alns_grid,0.15,R200_K20_tw0.15_cap0.15,,20,hybrid_alns,200,fixed_budget,457588.4448183688,4,10,1024,,,0.15
0.15,,,,0.15,alns_grid,0.15,R200_K20_tw0.15_cap0.15,inf,20,regret_k,200,time_to_target,,4,10,1024,0.01,inf,0.15
0.15,,,,0.15,alns_grid,0.15,R200_K20_tw0.15_cap0.15,inf,20,standard_alns,200,time_to_target,,4,10,1024,0.01,inf,0.15
0.15,,,,0.15,alns_grid,0.15,R200_K20_tw0.15_cap0.15,inf,20,qaoa,200,time_to_target,,4,10,1024,0.01,inf,0.15
0.15,,,,0.15,alns_grid,0.15,R200_K20_tw0.15_cap0.15,90,20,efficient_su2,200,time_to_target,,4,10,1024,0.01,74.81977620000544,0.15
0.15,,,,0.15,alns_grid,0.15,R200_K20_tw0.15_cap0.15,inf,20,hybrid_alns,200,time_to_target,,4,10,1024,0.01,inf,0.15
0.15,64.10304969998833,0.0,496928.33660508244,0.15,alns_grid,0.15,R200_K20_tw0.15_cap0.15,,20,regret_k,200,fixed_budget,496928.33660508244,4,20,1024,,,0.15
0.15,64.78789960000722,0.050139987253532574,521844.3170683804,0.15,alns_grid,0.15,R200_K20_tw0.15_cap0.15,,20,standard_alns,200,fixed_budget,496928.33660508244,4,20,1024,,,0.15
0.15,83.34832140000071,0.06426598976396485,528863.9279987687,0.15,alns_grid,0.15,R200_K20_tw0.15_cap0.15,,20,qaoa,200,fixed_budget,496928.33660508244,4,20,1024,,,0.15
0.15,84.96111670001119,0.02098791685391781,507357.8272161056,0.15,alns_grid,0.15,R200_K20_tw0.15_cap0.15,,20,efficient_su2,200,fixed_budget,496928.33660508244,4,20,1024,,,0.15
0.15,70.90762460000406,0.060293781524938916,526890.0251659006,0.15,alns_grid,0.15,R200_K20_tw0.15_cap0.15,,20,hybrid_alns,200,fixed_budget,496928.33660508244,4,20,1024,,,0.15
0.15,,,,0.15,alns_grid,0.15,R200_K20_tw0.15_cap0.15,81,20,regret_k,200,time_to_target,,4,20,1024,0.01,52.68157639999117,0.15
0.15,,,,0.15,alns_grid,0.15,R200_K20_tw0.15_cap0.15,inf,20,standard_alns,200,time_to_target,,4,20,1024,0.01,inf,0.15
0.15,,,,0.15,alns_grid,0.15,R200_K20_tw0.15_cap0.15,inf,20,qaoa,200,time_to_target,,4,20,1024,0.01,inf,0.15
0.15,,,,0.15,alns_grid,0.15,R200_K20_tw0.15_cap0.15,inf,20,efficient_su2,200,time_to_target,,4,20,1024,0.01,inf,0.15
0.15,,,,0.15,alns_grid,0.15,R200_K20_tw0.15_cap0.15,inf,20,hybrid_alns,200,time_to_target,,4,20,1024,0.01,inf,0.15
0.15,64.68347989999165,0.016918598146136388,489793.5441974312,0.15,alns_grid,0.15,R200_K20_tw0.15_cap0.15,,20,regret_k,200,fixed_budget,481644.7895537902,4,30,1024,,,0.15
0.15,63.765844699999434,0.008434729470151378,485707.3330543844,0.15,alns_grid,0.15,R200_K20_tw0.15_cap0.15,,20,standard_alns,200,fixed_budget,481644.7895537902,4,30,1024,,,0.15
0.15,85.31982910000079,0.0,481644.7895537902,0.15,alns_grid,0.15,R200_K20_tw0.15_cap0.15,,20,qaoa,200,fixed_budget,481644.7895537902,4,30,1024,,,0.15
0.15,86.80311059999804,0.14309971839495944,550568.0233053371,0.15,alns_grid,0.15,R200_K20_tw0.15_cap0.15,,20,efficient_su2,200,fixed_budget,481644.7895537902,4,30,1024,,,0.15
0.15,71.96081049999339,0.11779062113235486,538378.0284804935,0.15,alns_grid,0.15,R200_K20_tw0.15_cap0.15,,20,hybrid_alns,200,fixed_budget,481644.7895537902,4,30,1024,,,0.15
0.15,,,,0.15,alns_grid,0.15,R200_K20_tw0.15_cap0.15,inf,20,regret_k,200,time_to_target,,4,30,1024,0.01,inf,0.15
0.15,,,,0.15,alns_grid,0.15,R200_K20_tw0.15_cap0.15,99,20,standard_alns,200,time_to_target,,4,30,1024,0.01,63.765844699999434,0.15
0.15,,,,0.15,alns_grid,0.15,R200_K20_tw0.15_cap0.15,96,20,qaoa,200,time_to_target,,4,30,1024,0.01,82.91865159998997,0.15
0.15,,,,0.15,alns_grid,0.15,R200_K20_tw0.15_cap0.15,inf,20,efficient_su2,200,time_to_target,,4,30,1024,0.01,inf,0.15
0.15,,,,0.15,alns_grid,0.15,R200_K20_tw0.15_cap0.15,inf,20,hybrid_alns,200,time_to_target,,4,30,1024,0.01,inf,0.15
0.15,62.80773869999393,0.0,446869.36029695603,0.15,alns_grid,0.15,R200_K20_tw0.15_cap0.15,,20,regret_k,200,fixed_budget,446869.36029695603,4,40,1024,,,0.15
0.15,62.738174800004344,0.18060848363680235,527577.7578439371,0.15,alns_grid,0.15,R200_K20_tw0.15_cap0.15,,20,standard_alns,200,fixed_budget,446869.36029695603,4,40,1024,,,0.15
0.15,82.44061059999513,0.17613745932771843,525579.7940710647,0.15,alns_grid,0.15,R200_K20_tw0.15_cap0.15,,20,qaoa,200,fixed_budget,446869.36029695603,4,40,1024,,,0.15
0.15,83.86608900000283,0.11519067407406167,498344.5431326071,0.15,alns_grid,0.15,R200_K20_tw0.15_cap0.15,,20,efficient_su2,200,fixed_budget,446869.36029695603,4,40,1024,,,0.15
0.15,73.08329049999884,0.17822139805944376,526511.0424390088,0.15,alns_grid,0.15,R200_K20_tw0.15_cap0.15,,20,hybrid_alns,200,fixed_budget,446869.36029695603,4,40,1024,,,0.15
0.15,,,,0.15,alns_grid,0.15,R200_K20_tw0.15_cap0.15,91,20,regret_k,200,time_to_target,,4,40,1024,0.01,57.623142899989034,0.15
0.15,,,,0.15,alns_grid,0.15,R200_K20_tw0.15_cap0.15,inf,20,standard_alns,200,time_to_target,,4,40,1024,0.01,inf,0.15
0.15,,,,0.15,alns_grid,0.15,R200_K20_tw0.15_cap0.15,inf,20,qaoa,200,time_to_target,,4,40,1024,0.01,inf,0.15
0.15,,,,0.15,alns_grid,0.15,R200_K20_tw0.15_cap0.15,inf,20,efficient_su2,200,time_to_target,,4,40,1024,0.01,inf,0.15
0.15,,,,0.15,alns_grid,0.15,R200_K20_tw0.15_cap0.15,inf,20,hybrid_alns,200,time_to_target,,4,40,1024,0.01,inf,0.15
0.15,62.90915980000864,0.00801870694534602,458209.74691871286,0.15,alns_grid,0.15,R200_K20_tw0.15_cap0.15,,20,regret_k,200,fixed_budget,454564.7255964632,4,50,1024,,,0.15
0.15,62.79775280000467,0.07286989822840423,487688.81088889996,0.15,alns_grid,0.15,R200_K20_tw0.15_cap0.15,,20,standard_alns,200,fixed_budget,454564.7255964632,4,50,1024,,,0.15
0.15,90.82250930000737,0.16096526248294948,527733.8559675878,0.15,alns_grid,0.15,R200_K20_tw0.15_cap0.15,,20,qaoa,200,fixed_budget,454564.7255964632,4,50,1024,,,0.15
0.15,87.81659260000743,0.12725659518517507,512411.0848671525,0.15,alns_grid,0.15,R200_K20_tw0.15_cap0.15,,20,efficient_su2,200,fixed_budget,454564.7255964632,4,50,1024,,,0.15
0.15,70.01897669999744,0.0,454564.7255964632,0.15,alns_grid,0.15,R200_K20_tw0.15_cap0.15,,20,hybrid_alns,200,fixed_budget,454564.7255964632,4,50,1024,,,0.15
0.15,,,,0.15,alns_grid,0.15,R200_K20_tw0.15_cap0.15,98,20,regret_k,200,time_to_target,,4,50,1024,0.01,62.24534510000376,0.15
0.15,,,,0.15,alns_grid,0.15,R200_K20_tw0.15_cap0.15,inf,20,standard_alns,200,time_to_target,,4,50,1024,0.01,inf,0.15
0.15,,,,0.15,alns_grid,0.15,R200_K20_tw0.15_cap0.15,inf,20,qaoa,200,time_to_target,,4,50,1024,0.01,inf,0.15
0.15,,,,0.15,alns_grid,0.15,R200_K20_tw0.15_cap0.15,inf,20,efficient_su2,200,time_to_target,,4,50,1024,0.01,inf,0.15
0.15,,,,0.15,alns_grid,0.15,R200_K20_tw0.15_cap0.15,99,20,hybrid_alns,200,time_to_target,,4,50,1024,0.01,70.01897669999744,0.15
0.15,35.599683100008406,0.1251991401340232,329914.3772749795,0.15,alns_grid,0.15,R100_K10_tw0.15_cap0.15,,10,regret_k,100,fixed_budget,293205.3229579283,5,10,16,,,0.15
0.15,34.61476060000132,0.09183079808455115,320130.6017677934,0.15,alns_grid,0.15,R100_K10_tw0.15_cap0.15,,10,standard_alns,100,fixed_budget,293205.3229579283,5,10,16,,,0.15
0.15,48.99507509999967,0.0,293205.3229579283,0.15,alns_grid,0.15,R100_K10_tw0.15_cap0.15,,10,qaoa,100,fixed_budget,293205.3229579283,5,10,16,,,0.15
0.15,49.76452870000503,0.11918646369638661,328151.4285382407,0.15,alns_grid,0.15,R100_K10_tw0.15_cap0.15,,10,efficient_su2,100,fixed_budget,293205.3229579283,5,10,16,,,0.15
0.15,43.0421808000101,0.09397778897718566,320760.11092585605,0.15,alns_grid,0.15,R100_K10_tw0.15_cap0.15,,10,hybrid_alns,100,fixed_budget,293205.3229579283,5,10,16,,,0.15
0.15,,,,0.15,alns_grid,0.15,R100_K10_tw0.15_cap0.15,inf,10,regret_k,100,time_to_target,,5,10,16,0.01,inf,0.15
0.15,,,,0.15,alns_grid,0.15,R100_K10_tw0.15_cap0.15,inf,10,standard_alns,100,time_to_target,,5,10,16,0.01,inf,0.15
0.15,,,,0.15,alns_grid,0.15,R100_K10_tw0.15_cap0.15,91,10,qaoa,100,time_to_target,,5,10,16,0.01,45.20296260000032,0.15
0.15,,,,0.15,alns_grid,0.15,R100_K10_tw0.15_cap0.15,inf,10,efficient_su2,100,time_to_target,,5,10,16,0.01,inf,0.15
0.15,,,,0.15,alns_grid,0.15,R100_K10_tw0.15_cap0.15,inf,10,hybrid_alns,100,time_to_target,,5,10,16,0.01,inf,0.15
0.15,37.29645329999039,0.0,285165.34179726825,0.15,alns_grid,0.15,R100_K10_tw0.15_cap0.15,,10,regret_k,100,fixed_budget,285165.34179726825,5,20,16,,,0.15
0.15,35.120087400006014,0.07053524409001762,305279.54878695187,0.15,alns_grid,0.15,R100_K10_tw0.15_cap0.15,,10,standard_alns,100,fixed_budget,285165.34179726825,5,20,16,,,0.15
0.15,49.752663400009624,0.033165639875481386,294623.032828285,0.15,alns_grid,0.15,R100_K10_tw0.15_cap0.15,,10,qaoa,100,fixed_budget,285165.34179726825,5,20,16,,,0.15
0.15,53.83510509999178,0.05712483915485474,301455.3660799764,0.15,alns_grid,0.15,R100_K10_tw0.15_cap0.15,,10,efficient_su2,100,fixed_budget,285165.34179726825,5,20,16,,,0.15
0.15,42.98341980000259,0.10962549624557193,316426.7339038319,0.15,alns_grid,0.15,R100_K10_tw0.15_cap0.15,,10,hybrid_alns,100,fixed_budget,285165.34179726825,5,20,16,,,0.15
0.15,,,,0.15,alns_grid,0.15,R100_K10_tw0.15_cap0.15,91,10,regret_k,100,time_to_target,,5,20,16,0.01,34.34875329998613,0.15
0.15,,,,0.15,alns_grid,0.15,R100_K10_tw0.15_cap0.15,inf,10,standard_alns,100,time_to_target,,5,20,16,0.01,inf,0.15
0.15,,,,0.15,alns_grid,0.15,R100_K10_tw0.15_cap0.15,inf,10,qaoa,100,time_to_target,,5,20,16,0.01,inf,0.15
0.15,,,,0.15,alns_grid,0.15,R100_K10_tw0.15_cap0.15,inf,10,efficient_su2,100,time_to_target,,5,20,16,0.01,inf,0.15
0.15,,,,0.15,alns_grid,0.15,R100_K10_tw0.15_cap0.15,inf,10,hybrid_alns,100,time_to_target,,5,20,16,0.01,inf,0.15
0.15,40.121513699996285,0.10119507940375433,298189.9157228657,0.15,alns_grid,0.15,R100_K10_tw0.15_cap0.15,,10,regret_k,100,fixed_budget,270787.5482737551,5,30,16,,,0.15
0.15,66.32060769999225,0.04727091454078937,283587.9233269137,0.15,alns_grid,0.15,R100_K10_tw0.15_cap0.15,,10,standard_alns,100,fixed_budget,270787.5482737551,5,30,16,,,0.15
0.15,94.45474689999537,0.052137954274376834,284905.8570837228,0.15,alns_grid,0.15,R100_K10_tw0.15_cap0.15,,10,qaoa,100,fixed_budget,270787.5482737551,5,30,16,,,0.15
0.15,82.31282680000004,0.0,270787.5482737551,0.15,alns_grid,0.15,R100_K10_tw0.15_cap0.15,,10,efficient_su2,100,fixed_budget,270787.5482737551,5,30,16,,,0.15
0.15,71.06330720000551,0.06575981209622356,288594.4865662343,0.15,alns_grid,0.15,R100_K10_tw0.15_cap0.15,,10,hybrid_alns,100,fixed_budget,270787.5482737551,5,30,16,,,0.15
0.15,,,,0.15,alns_grid,0.15,R100_K10_tw0.15_cap0.15,inf,10,regret_k,100,time_to_target,,5,30,16,0.01,inf,0.15
0.15,,,,0.15,alns_grid,0.15,R100_K10_tw0.15_cap0.15,inf,10,standard_alns,100,time_to_target,,5,30,16,0.01,inf,0.15
0.15,,,,0.15,alns_grid,0.15,R100_K10_tw0.15_cap0.15,inf,10,qaoa,100,time_to_target,,5,30,16,0.01,inf,0.15
0.15,,,,0.15,alns_grid,0.15,R100_K10_tw0.15_cap0.15,83,10,efficient_su2,100,time_to_target,,5,30,16,0.01,69.54473270000017,0.15
0.15,,,,0.15,alns_grid,0.15,R100_K10_tw0.15_cap0.15,inf,10,hybrid_alns,100,time_to_target,,5,30,16,0.01,inf,0.15
0.15,60.58215200000268,0.006838417762103944,287401.715295514,0.15,alns_grid,0.15,R100_K10_tw0.15_cap0.15,,10,regret_k,100,fixed_budget,285449.6910579959,5,40,16,,,0.15
0.15,63.1472461999947,0.0,285449.6910579959,0.15,alns_grid,0.15,R100_K10_tw0.15_cap0.15,,10,standard_alns,100,fixed_budget,285449.6910579959,5,40,16,,,0.15
0.15,81.89137449998816,0.10554571751773649,315577.6835159283,0.15,alns_grid,0.15,R100_K10_tw0.15_cap0.15,,10,qaoa,100,fixed_budget,285449.6910579959,5,40,16,,,0.15
0.15,83.74401289998787,0.042502401288647906,297581.9883750634,0.15,alns_grid,0.15,R100_K10_tw0.15_cap0.15,,10,efficient_su2,100,fixed_budget,285449.6910579959,5,40,16,,,0.15
0.15,66.96339779999107,0.000579902880709971,285615.2241561382,0.15,alns_grid,0.15,R100_K10_tw0.15_cap0.15,,10,hybrid_alns,100,fixed_budget,285449.6910579959,5,40,16,,,0.15
0.15,,,,0.15,alns_grid,0.15,R100_K10_tw0.15_cap0.15,90,10,regret_k,100,time_to_target,,5,40,16,0.01,55.318041699996684,0.15
0.15,,,,0.15,alns_grid,0.15,R100_K10_tw0.15_cap0.15,49,10,standard_alns,100,time_to_target,,5,40,16,0.01,31.470525700002327,0.15
0.15,,,,0.15,alns_grid,0.15,R100_K10_tw0.15_cap0.15,inf,10,qaoa,100,time_to_target,,5,40,16,0.01,inf,0.15
0.15,,,,0.15,alns_grid,0.15,R100_K10_tw0.15_cap0.15,inf,10,efficient_su2,100,time_to_target,,5,40,16,0.01,inf,0.15
0.15,,,,0.15,alns_grid,0.15,R100_K10_tw0.15_cap0.15,95,10,hybrid_alns,100,time_to_target,,5,40,16,0.01,64.60357779999322,0.15
0.15,61.91694589999679,0.1265039335530009,360418.5050103441,0.15,alns_grid,0.15,R100_K10_tw0.15_cap0.15,,10,regret_k,100,fixed_budget,319944.2933799456,5,50,16,,,0.15
0.15,60.24678149999818,0.17037563136088932,374455.00436486746,0.15,alns_grid,0.15,R100_K10_tw0.15_cap0.15,,10,standard_alns,100,fixed_budget,319944.2933799456,5,50,16,,,0.15
0.15,84.3067968999967,0.0,319944.2933799456,0.15,alns_grid,0.15,R100_K10_tw0.15_cap0.15,,10,qaoa,100,fixed_budget,319944.2933799456,5,50,16,,,0.15
0.15,83.69680869999866,0.12735218253219927,360689.897430604,0.15,alns_grid,0.15,R100_K10_tw0.15_cap0.15,,10,efficient_su2,100,fixed_budget,319944.2933799456,5,50,16,,,0.15
0.15,70.08155630000692,0.09561218992110912,350534.86792276404,0.15,alns_grid,0.15,R100_K10_tw0.15_cap0.15,,10,hybrid_alns,100,fixed_budget,319944.2933799456,5,50,16,,,0.15
0.15,,,,0.15,alns_grid,0.15,R100_K10_tw0.15_cap0.15,inf,10,regret_k,100,time_to_target,,5,50,16,0.01,inf,0.15
0.15,,,,0.15,alns_grid,0.15,R100_K10_tw0.15_cap0.15,inf,10,standard_alns,100,time_to_target,,5,50,16,0.01,inf,0.15
0.15,,,,0.15,alns_grid,0.15,R100_K10_tw0.15_cap0.15,97,10,qaoa,100,time_to_target,,5,50,16,0.01,82.6514892999985,0.15
0.15,,,,0.15,alns_grid,0.15,R100_K10_tw0.15_cap0.15,inf,10,efficient_su2,100,time_to_target,,5,50,16,0.01,inf,0.15
0.15,,,,0.15,alns_grid,0.15,R100_K10_tw0.15_cap0.15,inf,10,hybrid_alns,100,time_to_target,,5,50,16,0.01,inf,0.15
0.15,100.13577670000086,0.22641405586669602,421280.2892142234,0.15,alns_grid,0.15,R150_K15_tw0.15_cap0.15,,15,regret_k,150,fixed_budget,343505.75745522446,5,10,16,,,0.15
0.15,100.1767353000032,0.17291198400655294,402902.0194944811,0.15,alns_grid,0.15,R150_K15_tw0.15_cap0.15,,15,standard_alns,150,fixed_budget,343505.75745522446,5,10,16,,,0.15
0.15,118.91550020000432,0.0,343505.75745522446,0.15,alns_grid,0.15,R150_K15_tw0.15_cap0.15,,15,qaoa,150,fixed_budget,343505.75745522446,5,10,16,,,0.15
0.15,120.02255430001242,0.0893341415605189,374192.54941858276,0.15,alns_grid,0.15,R150_K15_tw0.15_cap0.15,,15,efficient_su2,150,fixed_budget,343505.75745522446,5,10,16,,,0.15
0.15,111.32702900000731,0.15977563143674695,398389.606754791,0.15,alns_grid,0.15,R150_K15_tw0.15_cap0.15,,15,hybrid_alns,150,fixed_budget,343505.75745522446,5,10,16,,,0.15
0.15,,,,0.15,alns_grid,0.15,R150_K15_tw0.15_cap0.15,inf,15,regret_k,150,time_to_target,,5,10,16,0.01,inf,0.15
0.15,,,,0.15,alns_grid,0.15,R150_K15_tw0.15_cap0.15,inf,15,standard_alns,150,time_to_target,,5,10,16,0.01,inf,0.15
0.15,,,,0.15,alns_grid,0.15,R150_K15_tw0.15_cap0.15,87,15,qaoa,150,time_to_target,,5,10,16,0.01,104.5947479000024,0.15
0.15,,,,0.15,alns_grid,0.15,R150_K15_tw0.15_cap0.15,inf,15,efficient_su2,150,time_to_target,,5,10,16,0.01,inf,0.15
0.15,,,,0.15,alns_grid,0.15,R150_K15_tw0.15_cap0.15,inf,15,hybrid_alns,150,time_to_target,,5,10,16,0.01,inf,0.15
0.15,97.25073770000017,0.06582598054082522,399175.10170961847,0.15,alns_grid,0.15,R150_K15_tw0.15_cap0.15,,15,regret_k,150,fixed_budget,374521.83470613806,5,20,16,,,0.15
0.15,97.43811769998865,0.11304557914810313,416859.8724141036,0.15,alns_grid,0.15,R150_K15_tw0.15_cap0.15,,15,standard_alns,150,fixed_budget,374521.83470613806,5,20,16,,,0.15
0.15,118.17330529999163,0.0710591735116657,401135.0467424289,0.15,alns_grid,0.15,R150_K15_tw0.15_cap0.15,,15,qaoa,150,fixed_budget,374521.83470613806,5,20,16,,,0.15
0.15,117.11477509999531,0.0,374521.83470613806,0.15,alns_grid,0.15,R150_K15_tw0.15_cap0.15,,15,efficient_su2,150,fixed_budget,374521.83470613806,5,20,16,,,0.15
0.15,108.59652990000905,0.038167208720646044,388816.28774180653,0.15,alns_grid,0.15,R150_K15_tw0.15_cap0.15,,15,hybrid_alns,150,fixed_budget,374521.83470613806,5,20,16,,,0.15
0.15,,,,0.15,alns_grid,0.15,R150_K15_tw0.15_cap0.15,inf,15,regret_k,150,time_to_target,,5,20,16,0.01,inf,0.15
0.15,,,,0.15,alns_grid,0.15,R150_K15_tw0.15_cap0.15,inf,15,standard_alns,150,time_to_target,,5,20,16,0.01,inf,0.15
0.15,,,,0.15,alns_grid,0.15,R150_K15_tw0.15_cap0.15,inf,15,qaoa,150,time_to_target,,5,20,16,0.01,inf,0.15
0.15,,,,0.15,alns_grid,0.15,R150_K15_tw0.15_cap0.15,76,15,efficient_su2,150,time_to_target,,5,20,16,0.01,89.58954230000381,0.15
0.15,,,,0.15,alns_grid,0.15,R150_K15_tw0.15_cap0.15,inf,15,hybrid_alns,150,time_to_target,,5,20,16,0.01,inf,0.15
0.15,97.96868550000363,0.02981166591174368,356924.1339771934,0.15,alns_grid,0.15,R150_K15_tw0.15_cap0.15,,15,regret_k,150,fixed_budget,346591.6592245929,5,30,16,,,0.15
0.15,97.78911660000449,0.05650436056363714,366175.59930576856,0.15,alns_grid,0.15,R150_K15_tw0.15_cap0.15,,15,standard_alns,150,fixed_budget,346591.6592245929,5,30,16,,,0.15
0.15,122.8523056999984,0.06336574790310694,368553.698928338,0.15,alns_grid,0.15,R150_K15_tw0.15_cap0.15,,15,qaoa,150,fixed_budget,346591.6592245929,5,30,16,,,0.15
0.15,116.61065870001039,0.0,346591.6592245929,0.15,alns_grid,0.15,R150_K15_tw0.15_cap0.15,,15,efficient_su2,150,fixed_budget,346591.6592245929,5,30,16,,,0.15
0.15,110.21591780000017,0.05998328507763262,367381.36552539136,0.15,alns_grid,0.15,R150_K15_tw0.15_cap0.15,,15,hybrid_alns,150,fixed_budget,346591.6592245929,5,30,16,,,0.15
0.15,,,,0.15,alns_grid,0.15,R150_K15_tw0.15_cap0.15,inf,15,regret_k,150,time_to_target,,5,30,16,0.01,inf,0.15
0.15,,,,0.15,alns_grid,0.15,R150_K15_tw0.15_cap0.15,inf,15,standard_alns,150,time_to_target,,5,30,16,0.01,inf,0.15
0.15,,,,0.15,alns_grid,0.15,R150_K15_tw0.15_cap0.15,inf,15,qaoa,150,time_to_target,,5,30,16,0.01,inf,0.15
0.15,,,,0.15,alns_grid,0.15,R150_K15_tw0.15_cap0.15,98,15,efficient_su2,150,time_to_target,,5,30,16,0.01,115.48922280000988,0.15
0.15,,,,0.15,alns_grid,0.15,R150_K15_tw0.15_cap0.15,inf,15,hybrid_alns,150,time_to_target,,5,30,16,0.01,inf,0.15
0.15,97.36574300000211,0.0390149090897152,395334.16941473295,0.15,alns_grid,0.15,R150_K15_tw0.15_cap0.15,,15,regret_k,150,fixed_budget,380489.40968622547,5,40,16,,,0.15
0.15,68.08567910001148,0.0035541950572666762,381841.74326547456,0.15,alns_grid,0.15,R150_K15_tw0.15_cap0.15,,15,standard_alns,150,fixed_budget,380489.40968622547,5,40,16,,,0.15
0.15,121.88334329999634,0.05677203375592922,402090.56729670544,0.15,alns_grid,0.15,R150_K15_tw0.15_cap0.15,,15,qaoa,150,fixed_budget,380489.40968622547,5,40,16,,,0.15
0.15,122.08057360000385,0.0,380489.40968622547,0.15,alns_grid,0.15,R150_K15_tw0.15_cap0.15,,15,efficient_su2,150,fixed_budget,380489.40968622547,5,40,16,,,0.15
0.15,107.89512899999681,0.041624482829769154,396327.08458661876,0.15,alns_grid,0.15,R150_K15_tw0.15_cap0.15,,15,hybrid_alns,150,fixed_budget,380489.40968622547,5,40,16,,,0.15
0.15,,,,0.15,alns_grid,0.15,R150_K15_tw0.15_cap0.15,inf,15,regret_k,150,time_to_target,,5,40,16,0.01,inf,0.15
0.15,,,,0.15,alns_grid,0.15,R150_K15_tw0.15_cap0.15,83,15,standard_alns,150,time_to_target,,5,40,16,0.01,57.4141748000111,0.15
0.15,,,,0.15,alns_grid,0.15,R150_K15_tw0.15_cap0.15,inf,15,qaoa,150,time_to_target,,5,40,16,0.01,inf,0.15
0.15,,,,0.15,alns_grid,0.15,R150_K15_tw0.15_cap0.15,95,15,efficient_su2,150,time_to_target,,5,40,16,0.01,117.24912079999922,0.15
0.15,,,,0.15,alns_grid,0.15,R150_K15_tw0.15_cap0.15,inf,15,hybrid_alns,150,time_to_target,,5,40,16,0.01,inf,0.15
0.15,99.26754929999879,0.047615124423890716,419120.7091568147,0.15,alns_grid,0.15,R150_K15_tw0.15_cap0.15,,15,regret_k,150,fixed_budget,400071.2660456286,5,50,16,,,0.15
0.15,102.67103070000303,0.031222156518970538,412562.3537328479,0.15,alns_grid,0.15,R150_K15_tw0.15_cap0.15,,15,standard_alns,150,fixed_budget,400071.2660456286,5,50,16,,,0.15
0.15,119.68345540000882,0.0,400071.2660456286,0.15,alns_grid,0.15,R150_K15_tw0.15_cap0.15,,15,qaoa,150,fixed_budget,400071.2660456286,5,50,16,,,0.15
0.15,120.59400979999918,0.06557064316006606,426304.19627010234,0.15,alns_grid,0.15,R150_K15_tw0.15_cap0.15,,15,efficient_su2,150,fixed_budget,400071.2660456286,5,50,16,,,0.15
0.15,106.21520719998807,0.0719451294420802,428854.44506733824,0.15,alns_grid,0.15,R150_K15_tw0.15_cap0.15,,15,hybrid_alns,150,fixed_budget,400071.2660456286,5,50,16,,,0.15
0.15,,,,0.15,alns_grid,0.15,R150_K15_tw0.15_cap0.15,inf,15,regret_k,150,time_to_target,,5,50,16,0.01,inf,0.15
0.15,,,,0.15,alns_grid,0.15,R150_K15_tw0.15_cap0.15,inf,15,standard_alns,150,time_to_target,,5,50,16,0.01,inf,0.15
0.15,,,,0.15,alns_grid,0.15,R150_K15_tw0.15_cap0.15,95,15,qaoa,150,time_to_target,,5,50,16,0.01,115.24311650000163,0.15
0.15,,,,0.15,alns_grid,0.15,R150_K15_tw0.15_cap0.15,inf,15,efficient_su2,150,time_to_target,,5,50,16,0.01,inf,0.15
0.15,,,,0.15,alns_grid,0.15,R150_K15_tw0.15_cap0.15,inf,15,hybrid_alns,150,time_to_target,,5,50,16,0.01,inf,0.15
0.15,138.03909590000694,0.0,458756.8411935361,0.15,alns_grid,0.15,R200_K20_tw0.15_cap0.15,,20,regret_k,200,fixed_budget,458756.8411935361,5,10,16,,,0.15
0.15,132.08370229999127,0.0014253938814844044,459410.7503880625,0.15,alns_grid,0.15,R200_K20_tw0.15_cap0.15,,20,standard_alns,200,fixed_budget,458756.8411935361,5,10,16,,,0.15
0.15,155.41240649999236,0.013794971163255839,465085.3785887473,0.15,alns_grid,0.15,R200_K20_tw0.15_cap0.15,,20,qaoa,200,fixed_budget,458756.8411935361,5,10,16,,,0.15
0.15,158.88845169999695,0.04542984026405562,479598.0912090012,0.15,alns_grid,0.15,R200_K20_tw0.15_cap0.15,,20,efficient_su2,200,fixed_budget,458756.8411935361,5,10,16,,,0.15
0.15,147.6120426999987,0.03684112493831525,475657.95929625403,0.15,alns_grid,0.15,R200_K20_tw0.15_cap0.15,,20,hybrid_alns,200,fixed_budget,458756.8411935361,5,10,16,,,0.15
0.15,,,,0.15,alns_grid,0.15,R200_K20_tw0.15_cap0.15,88,20,regret_k,200,time_to_target,,5,10,16,0.01,123.07468710000103,0.15
0.15,,,,0.15,alns_grid,0.15,R200_K20_tw0.15_cap0.15,88,20,standard_alns,200,time_to_target,,5,10,16,0.01,118.12277329999779,0.15
0.15,,,,0.15,alns_grid,0.15,R200_K20_tw0.15_cap0.15,inf,20,qaoa,200,time_to_target,,5,10,16,0.01,inf,0.15
0.15,,,,0.15,alns_grid,0.15,R200_K20_tw0.15_cap0.15,inf,20,efficient_su2,200,time_to_target,,5,10,16,0.01,inf,0.15
0.15,,,,0.15,alns_grid,0.15,R200_K20_tw0.15_cap0.15,inf,20,hybrid_alns,200,time_to_target,,5,10,16,0.01,inf,0.15
0.15,142.69169210000837,0.0,455831.03162455815,0.15,alns_grid,0.15,R200_K20_tw0.15_cap0.15,,20,regret_k,200,fixed_budget,455831.03162455815,5,20,16,,,0.15
0.15,144.5219589000044,0.07146598942001406,488407.4473079529,0.15,alns_grid,0.15,R200_K20_tw0.15_cap0.15,,20,standard_alns,200,fixed_budget,455831.03162455815,5,20,16,,,0.15
0.15,159.84268979998888,0.1125026554922301,507113.23313808365,0.15,alns_grid,0.15,R200_K20_tw0.15_cap0.15,,20,qaoa,200,fixed_budget,455831.03162455815,5,20,16,,,0.15
0.15,159.68144030000258,0.12451640731033686,512589.4740230127,0.15,alns_grid,0.15,R200_K20_tw0.15_cap0.15,,20,efficient_su2,200,fixed_budget,455831.03162455815,5,20,16,,,0.15
0.15,150.53080020000925,0.0788386932467445,491768.1544991538,0.15,alns_grid,0.15,R200_K20_tw0.15_cap0.15,,20,hybrid_alns,200,fixed_budget,455831.03162455815,5,20,16,,,0.15
0.15,,,,0.15,alns_grid,0.15,R200_K20_tw0.15_cap0.15,97,20,regret_k,200,time_to_target,,5,20,16,0.01,139.9171148000023,0.15
0.15,,,,0.15,alns_grid,0.15,R200_K20_tw0.15_cap0.15,inf,20,standard_alns,200,time_to_target,,5,20,16,0.01,inf,0.15
0.15,,,,0.15,alns_grid,0.15,R200_K20_tw0.15_cap0.15,inf,20,qaoa,200,time_to_target,,5,20,16,0.01,inf,0.15
0.15,,,,0.15,alns_grid,0.15,R200_K20_tw0.15_cap0.15,inf,20,efficient_su2,200,time_to_target,,5,20,16,0.01,inf,0.15
0.15,,,,0.15,alns_grid,0.15,R200_K20_tw0.15_cap0.15,inf,20,hybrid_alns,200,time_to_target,,5,20,16,0.01,inf,0.15
0.15,148.40404860000126,0.03511916326033391,462518.0680806242,0.15,alns_grid,0.15,R200_K20_tw0.15_cap0.15,,20,regret_k,200,fixed_budget,446825.91579487576,5,30,16,,,0.15
0.15,139.21078490000218,0.07760691516595507,481502.6967359189,0.15,alns_grid,0.15,R200_K20_tw0.15_cap0.15,,20,standard_alns,200,fixed_budget,446825.91579487576,5,30,16,,,0.15
0.15,157.6916540000093,0.0,446825.91579487576,0.15,alns_grid,0.15,R200_K20_tw0.15_cap0.15,,20,qaoa,200,fixed_budget,446825.91579487576,5,30,16,,,0.15
0.15,160.40590130000783,0.03870890439314625,464122.0574497596,0.15,alns_grid,0.15,R200_K20_tw0.15_cap0.15,,20,efficient_su2,200,fixed_budget,446825.91579487576,5,30,16,,,0.15
0.15,148.70977739999944,0.04539040408361458,467107.5246678363,0.15,alns_grid,0.15,R200_K20_tw0.15_cap0.15,,20,hybrid_alns,200,fixed_budget,446825.91579487576,5,30,16,,,0.15
0.15,,,,0.15,alns_grid,0.15,R200_K20_tw0.15_cap0.15,inf,20,regret_k,200,time_to_target,,5,30,16,0.01,inf,0.15
0.15,,,,0.15,alns_grid,0.15,R200_K20_tw0.15_cap0.15,inf,20,standard_alns,200,time_to_target,,5,30,16,0.01,inf,0.15
0.15,,,,0.15,alns_grid,0.15,R200_K20_tw0.15_cap0.15,88,20,qaoa,200,time_to_target,,5,30,16,0.01,142.20772430000943,0.15
0.15,,,,0.15,alns_grid,0.15,R200_K20_tw0.15_cap0.15,inf,20,efficient_su2,200,time_to_target,,5,30,16,0.01,inf,0.15
0.15,,,,0.15,alns_grid,0.15,R200_K20_tw0.15_cap0.15,inf,20,hybrid_alns,200,time_to_target,,5,30,16,0.01,inf,0.15
0.15,143.6876512000017,0.059092085337128425,497246.6972602293,0.15,alns_grid,0.15,R200_K20_tw0.15_cap0.15,,20,regret_k,200,fixed_budget,469502.7978628946,5,40,16,,,0.15
0.15,138.80950559998746,0.0017792803201471113,470338.17495138606,0.15,alns_grid,0.15,R200_K20_tw0.15_cap0.15,,20,standard_alns,200,fixed_budget,469502.7978628946,5,40,16,,,0.15
0.15,153.93532600000617,0.05599491789680307,495792.5684815467,0.15,alns_grid,0.15,R200_K20_tw0.15_cap0.15,,20,qaoa,200,fixed_budget,469502.7978628946,5,40,16,,,0.15
0.15,159.32511580000573,0.15132025616795552,540548.0815070797,0.15,alns_grid,0.15,R200_K20_tw0.15_cap0.15,,20,efficient_su2,200,fixed_budget,469502.7978628946,5,40,16,,,0.15
0.15,146.97011359999306,0.0,469502.7978628946,0.15,alns_grid,0.15,R200_K20_tw0.15_cap0.15,,20,hybrid_alns,200,fixed_budget,469502.7978628946,5,40,16,,,0.15
0.15,,,,0.15,alns_grid,0.15,R200_K20_tw0.15_cap0.15,inf,20,regret_k,200,time_to_target,,5,40,16,0.01,inf,0.15
0.15,,,,0.15,alns_grid,0.15,R200_K20_tw0.15_cap0.15,98,20,standard_alns,200,time_to_target,,5,40,16,0.01,137.5049211999867,0.15
0.15,,,,0.15,alns_grid,0.15,R200_K20_tw0.15_cap0.15,inf,20,qaoa,200,time_to_target,,5,40,16,0.01,inf,0.15
0.15,,,,0.15,alns_grid,0.15,R200_K20_tw0.15_cap0.15,inf,20,efficient_su2,200,time_to_target,,5,40,16,0.01,inf,0.15
0.15,,,,0.15,alns_grid,0.15,R200_K20_tw0.15_cap0.15,96,20,hybrid_alns,200,time_to_target,,5,40,16,0.01,143.02651049999986,0.15
0.15,140.99975540000014,0.07665318785119578,494389.21386249084,0.15,alns_grid,0.15,R200_K20_tw0.15_cap0.15,,20,regret_k,200,fixed_budget,459190.77697545476,5,50,16,,,0.15
0.15,144.41513799999666,0.11854986851167842,513627.7832076704,0.15,alns_grid,0.15,R200_K20_tw0.15_cap0.15,,20,standard_alns,200,fixed_budget,459190.77697545476,5,50,16,,,0.15
0.15,153.3981674000097,0.006380877039565003,462120.81686103746,0.15,alns_grid,0.15,R200_K20_tw0.15_cap0.15,,20,qaoa,200,fixed_budget,459190.77697545476,5,50,16,,,0.15
0.15,160.84483010000258,0.0,459190.77697545476,0.15,alns_grid,0.15,R200_K20_tw0.15_cap0.15,,20,efficient_su2,200,fixed_budget,459190.77697545476,5,50,16,,,0.15
0.15,142.31106989999535,0.0018283090439452604,460030.31962589524,0.15,alns_grid,0.15,R200_K20_tw0.15_cap0.15,,20,hybrid_alns,200,fixed_budget,459190.77697545476,5,50,16,,,0.15
0.15,,,,0.15,alns_grid,0.15,R200_K20_tw0.15_cap0.15,inf,20,regret_k,200,time_to_target,,5,50,16,0.01,inf,0.15
0.15,,,,0.15,alns_grid,0.15,R200_K20_tw0.15_cap0.15,inf,20,standard_alns,200,time_to_target,,5,50,16,0.01,inf,0.15
0.15,,,,0.15,alns_grid,0.15,R200_K20_tw0.15_cap0.15,99,20,qaoa,200,time_to_target,,5,50,16,0.01,153.3981674000097,0.15
0.15,,,,0.15,alns_grid,0.15,R200_K20_tw0.15_cap0.15,81,20,efficient_su2,200,time_to_target,,5,50,16,0.01,132.2407147999911,0.15
0.15,,,,0.15,alns_grid,0.15,R200_K20_tw0.15_cap0.15,82,20,hybrid_alns,200,time_to_target,,5,50,16,0.01,119.73521330000949,0.15
0.15,61.857050599996,0.07314788418189418,329914.3772749795,0.15,alns_grid,0.15,R100_K10_tw0.15_cap0.15,,10,regret_k,100,fixed_budget,307426.7602237199,5,10,128,,,0.15
0.15,65.68141510001442,0.041323148104702175,320130.6017677934,0.15,alns_grid,0.15,R100_K10_tw0.15_cap0.15,,10,standard_alns,100,fixed_budget,307426.7602237199,5,10,128,,,0.15
0.15,88.9803239999892,0.0,307426.7602237199,0.15,alns_grid,0.15,R100_K10_tw0.15_cap0.15,,10,qaoa,100,fixed_budget,307426.7602237199,5,10,128,,,0.15
0.15,88.89271049998933,0.04409367570311088,320982.3360914826,0.15,alns_grid,0.15,R100_K10_tw0.15_cap0.15,,10,efficient_su2,100,fixed_budget,307426.7602237199,5,10,128,,,0.15
0.15,71.55171980000159,0.1660027472663218,358460.44700404216,0.15,alns_grid,0.15,R100_K10_tw0.15_cap0.15,,10,hybrid_alns,100,fixed_budget,307426.7602237199,5,10,128,,,0.15
0.15,,,,0.15,alns_grid,0.15,R100_K10_tw0.15_cap0.15,inf,10,regret_k,100,time_to_target,,5,10,128,0.01,inf,0.15
0.15,,,,0.15,alns_grid,0.15,R100_K10_tw0.15_cap0.15,inf,10,standard_alns,100,time_to_target,,5,10,128,0.01,inf,0.15
0.15,,,,0.15,alns_grid,0.15,R100_K10_tw0.15_cap0.15,77,10,qaoa,100,time_to_target,,5,10,128,0.01,69.71718239999609,0.15
0.15,,,,0.15,alns_grid,0.15,R100_K10_tw0.15_cap0.15,inf,10,efficient_su2,100,time_to_target,,5,10,128,0.01,inf,0.15
0.15,,,,0.15,alns_grid,0.15,R100_K10_tw0.15_cap0.15,inf,10,hybrid_alns,100,time_to_target,,5,10,128,0.01,inf,0.15
0.15,64.0608893000026,0.0,285165.34179726825,0.15,alns_grid,0.15,R100_K10_tw0.15_cap0.15,,10,regret_k,100,fixed_budget,285165.34179726825,5,20,128,,,0.15
0.15,61.8065088000003,0.07053524409001762,305279.54878695187,0.15,alns_grid,0.15,R100_K10_tw0.15_cap0.15,,10,standard_alns,100,fixed_budget,285165.34179726825,5,20,128,,,0.15
0.15,85.12205289999838,0.08683452416841178,309927.53856155655,0.15,alns_grid,0.15,R100_K10_tw0.15_cap0.15,,10,qaoa,100,fixed_budget,285165.34179726825,5,20,128,,,0.15
0.15,89.58073190000141,0.042116008452894475,297175.36774287454,0.15,alns_grid,0.15,R100_K10_tw0.15_cap0.15,,10,efficient_su2,100,fixed_budget,285165.34179726825,5,20,128,,,0.15
0.15,69.25264900000184,0.08117824950673565,308314.56506436045,0.15,alns_grid,0.15,R100_K10_tw0.15_cap0.15,,10,hybrid_alns,100,fixed_budget,285165.34179726825,5,20,128,,,0.15
0.15,,,,0.15,alns_grid,0.15,R100_K10_tw0.15_cap0.15,91,10,regret_k,100,time_to_target,,5,20,128,0.01,59.04665610000666,0.15
0.15,,,,0.15,alns_grid,0.15,R100_K10_tw0.15_cap0.15,inf,10,standard_alns,100,time_to_target,,5,20,128,0.01,inf,0.15
0.15,,,,0.15,alns_grid,0.15,R100_K10_tw0.15_cap0.15,inf,10,qaoa,100,time_to_target,,5,20,128,0.01,inf,0.15
0.15,,,,0.15,alns_grid,0.15,R100_K10_tw0.15_cap0.15,inf,10,efficient_su2,100,time_to_target,,5,20,128,0.01,inf,0.15
0.15,,,,0.15,alns_grid,0.15,R100_K10_tw0.15_cap0.15,inf,10,hybrid_alns,100,time_to_target,,5,20,128,0.01,inf,0.15
0.15,62.30094780000218,0.13080240908326546,298189.9157228657,0.15,alns_grid,0.15,R100_K10_tw0.15_cap0.15,,10,regret_k,100,fixed_budget,263697.63039734453,5,30,128,,,0.15
0.15,65.01207309999154,0.07542840980253815,283587.9233269137,0.15,alns_grid,0.15,R100_K10_tw0.15_cap0.15,,10,standard_alns,100,fixed_budget,263697.63039734453,5,30,128,,,0.15
0.15,88.43902170000365,0.07853069937790089,284405.9897367432,0.15,alns_grid,0.15,R100_K10_tw0.15_cap0.15,,10,qaoa,100,fixed_budget,263697.63039734453,5,30,128,,,0.15
0.15,86.69182300000102,0.0,263697.63039734453,0.15,alns_grid,0.15,R100_K10_tw0.15_cap0.15,,10,efficient_su2,100,fixed_budget,263697.63039734453,5,30,128,,,0.15
0.15,71.66196889999264,0.09619071560938709,289062.89416976477,0.15,alns_grid,0.15,R100_K10_tw0.15_cap0.15,,10,hybrid_alns,100,fixed_budget,263697.63039734453,5,30,128,,,0.15
0.15,,,,0.15,alns_grid,0.15,R100_K10_tw0.15_cap0.15,inf,10,regret_k,100,time_to_target,,5,30,128,0.01,inf,0.15
0.15,,,,0.15,alns_grid,0.15,R100_K10_tw0.15_cap0.15,inf,10,standard_alns,100,time_to_target,,5,30,128,0.01,inf,0.15
0.15,,,,0.15,alns_grid,0.15,R100_K10_tw0.15_cap0.15,inf,10,qaoa,100,time_to_target,,5,30,128,0.01,inf,0.15
0.15,,,,0.15,alns_grid,0.15,R100_K10_tw0.15_cap0.15,93,10,efficient_su2,100,time_to_target,,5,30,128,0.01,81.51175000000512,0.15
0.15,,,,0.15,alns_grid,0.15,R100_K10_tw0.15_cap0.15,inf,10,hybrid_alns,100,time_to_target,,5,30,128,0.01,inf,0.15
0.15,63.733491899998626,0.06878962970373582,287401.715295514,0.15,alns_grid,0.15,R100_K10_tw0.15_cap0.15,,10,regret_k,100,fixed_budget,268903.9145853058,5,40,128,,,0.15
0.15,61.738681700007874,0.06153044108043732,285449.6910579959,0.15,alns_grid,0.15,R100_K10_tw0.15_cap0.15,,10,standard_alns,100,fixed_budget,268903.9145853058,5,40,128,,,0.15
0.15,82.06154629999946,0.16252589313418256,312607.76347056055,0.15,alns_grid,0.15,R100_K10_tw0.15_cap0.15,,10,qaoa,100,fixed_budget,268903.9145853058,5,40,128,,,0.15
0.15,90.19849589999649,0.0,268903.9145853058,0.15,alns_grid,0.15,R100_K10_tw0.15_cap0.15,,10,efficient_su2,100,fixed_budget,268903.9145853058,5,40,128,,,0.15
0.15,73.94893870000669,0.08961367962946439,293001.38383806223,0.15,alns_grid,0.15,R100_K10_tw0.15_cap0.15,,10,hybrid_alns,100,fixed_budget,268903.9145853058,5,40,128,,,0.15
0.15,,,,0.15,alns_grid,0.15,R100_K10_tw0.15_cap0.15,inf,10,regret_k,100,time_to_target,,5,40,128,0.01,inf,0.15
0.15,,,,0.15,alns_grid,0.15,R100_K10_tw0.15_cap0.15,inf,10,standard_alns,100,time_to_target,,5,40,128,0.01,inf,0.15
0.15,,,,0.15,alns_grid,0.15,R100_K10_tw0.15_cap0.15,inf,10,qaoa,100,time_to_target,,5,40,128,0.01,inf,0.15
0.15,,,,0.15,alns_grid,0.15,R100_K10_tw0.15_cap0.15,84,10,efficient_su2,100,time_to_target,,5,40,128,0.01,76.7496889000031,0.15
0.15,,,,0.15,alns_grid,0.15,R100_K10_tw0.15_cap0.15,inf,10,hybrid_alns,100,time_to_target,,5,40,128,0.01,inf,0.15
0.15,65.90097029999015,0.04712280769686517,360418.5050103441,0.15,alns_grid,0.15,R100_K10_tw0.15_cap0.15,,10,regret_k,100,fixed_budget,344198.8870465734,5,50,128,,,0.15
0.15,61.23887499999546,0.08790300740920214,374455.00436486746,0.15,alns_grid,0.15,R100_K10_tw0.15_cap0.15,,10,standard_alns,100,fixed_budget,344198.8870465734,5,50,128,,,0.15
0.15,86.18567779999285,0.005356970058828538,346042.750178764,0.15,alns_grid,0.15,R100_K10_tw0.15_cap0.15,,10,qaoa,100,fixed_budget,344198.8870465734,5,50,128,,,0.15
0.15,88.86483700000099,0.052797741713805,362371.8109830375,0.15,alns_grid,0.15,R100_K10_tw0.15_cap0.15,,10,efficient_su2,100,fixed_budget,344198.8870465734,5,50,128,,,0.15
0.15,67.76950310000393,0.0,344198.8870465734,0.15,alns_grid,0.15,R100_K10_tw0.15_cap0.15,,10,hybrid_alns,100,fixed_budget,344198.8870465734,5,50,128,,,0.15
0.15,,,,0.15,alns_grid,0.15,R100_K10_tw0.15_cap0.15,inf,10,regret_k,100,time_to_target,,5,50,128,0.01,inf,0.15
0.15,,,,0.15,alns_grid,0.15,R100_K10_tw0.15_cap0.15,inf,10,standard_alns,100,time_to_target,,5,50,128,0.01,inf,0.15
0.15,,,,0.15,alns_grid,0.15,R100_K10_tw0.15_cap0.15,96,10,qaoa,100,time_to_target,,5,50,128,0.01,83.65337010000076,0.15
0.15,,,,0.15,alns_grid,0.15,R100_K10_tw0.15_cap0.15,inf,10,efficient_su2,100,time_to_target,,5,50,128,0.01,inf,0.15
0.15,,,,0.15,alns_grid,0.15,R100_K10_tw0.15_cap0.15,93,10,hybrid_alns,100,time_to_target,,5,50,128,0.01,62.79475650000677,0.15
0.15,100.25230340000417,0.11633004200741258,421280.2892142234,0.15,alns_grid,0.15,R150_K15_tw0.15_cap0.15,,15,regret_k,150,fixed_budget,377379.6936044708,5,10,128,,,0.15
0.15,97.06481650000205,0.06763036359015137,402902.0194944811,0.15,alns_grid,0.15,R150_K15_tw0.15_cap0.15,,15,standard_alns,150,fixed_budget,377379.6936044708,5,10,128,,,0.15
0.15,122.36810459999833,0.08109690558332452,407984.0189857765,0.15,alns_grid,0.15,R150_K15_tw0.15_cap0.15,,15,qaoa,150,fixed_budget,377379.6936044708,5,10,128,,,0.15
0.15,122.0016331000079,0.0,377379.6936044708,0.15,alns_grid,0.15,R150_K15_tw0.15_cap0.15,,15,efficient_su2,150,fixed_budget,377379.6936044708,5,10,128,,,0.15
0.15,113.15398280000954,0.01236450527730294,382045.80681759026,0.15,alns_grid,0.15,R150_K15_tw0.15_cap0.15,,15,hybrid_alns,150,fixed_budget,377379.6936044708,5,10,128,,,0.15
0.15,,,,0.15,alns_grid,0.15,R150_K15_tw0.15_cap0.15,inf,15,regret_k,150,time_to_target,,5,10,128,0.01,inf,0.15
0.15,,,,0.15,alns_grid,0.15,R150_K15_tw0.15_cap0.15,inf,15,standard_alns,150,time_to_target,,5,10,128,0.01,inf,0.15
0.15,,,,0.15,alns_grid,0.15,R150_K15_tw0.15_cap0.15,inf,15,qaoa,150,time_to_target,,5,10,128,0.01,inf,0.15
0.15,,,,0.15,alns_grid,0.15,R150_K15_tw0.15_cap0.15,93,15,efficient_su2,150,time_to_target,,5,10,128,0.01,114.74089060000551,0.15
0.15,,,,0.15,alns_grid,0.15,R150_K15_tw0.15_cap0.15,inf,15,hybrid_alns,150,time_to_target,,5,10,128,0.01,inf,0.15
0.15,102.33223059999,0.03661557617887654,399175.10170961847,0.15,alns_grid,0.15,R150_K15_tw0.15_cap0.15,,15,regret_k,150,fixed_budget,385075.34604201,5,20,128,,,0.15
0.15,98.80538309999974,0.08254105774049228,416859.8724141036,0.15,alns_grid,0.15,R150_K15_tw0.15_cap0.15,,15,standard_alns,150,fixed_budget,385075.34604201,5,20,128,,,0.15
0.15,124.92952109999896,0.055809634445689024,406566.2603386618,0.15,alns_grid,0.15,R150_K15_tw0.15_cap0.15,,15,qaoa,150,fixed_budget,385075.34604201,5,20,128,,,0.15
0.15,125.1508204999991,0.08142581714327875,416430.4207552115,0.15,alns_grid,0.15,R150_K15_tw0.15_cap0.15,,15,efficient_su2,150,fixed_budget,385075.34604201,5,20,128,,,0.15
0.15,111.33969009999419,0.0,385075.34604201,0.15,alns_grid,0.15,R150_K15_tw0.15_cap0.15,,15,hybrid_alns,150,fixed_budget,385075.34604201,5,20,128,,,0.15
0.15,,,,0.15,alns_grid,0.15,R150_K15_tw0.15_cap0.15,inf,15,regret_k,150,time_to_target,,5,20,128,0.01,inf,0.15
0.15,,,,0.15,alns_grid,0.15,R150_K15_tw0.15_cap0.15,inf,15,standard_alns,150,time_to_target,,5,20,128,0.01,inf,0.15
0.15,,,,0.15,alns_grid,0.15,R150_K15_tw0.15_cap0.15,inf,15,qaoa,150,time_to_target,,5,20,128,0.01,inf,0.15
0.15,,,,0.15,alns_grid,0.15,R150_K15_tw0.15_cap0.15,inf,15,efficient_su2,150,time_to_target,,5,20,128,0.01,inf,0.15
0.15,,,,0.15,alns_grid,0.15,R150_K15_tw0.15_cap0.15,89,15,hybrid_alns,150,time_to_target,,5,20,128,0.01,100.70648079999955,0.15
0.15,96.28299779999361,0.0,356924.1339771934,0.15,alns_grid,0.15,R150_K15_tw0.15_cap0.15,,15,regret_k,150,fixed_budget,356924.1339771934,5,30,128,,,0.15
0.15,97.64415910000389,0.025919976958370422,366175.59930576856,0.15,alns_grid,0.15,R150_K15_tw0.15_cap0.15,,15,standard_alns,150,fixed_budget,356924.1339771934,5,30,128,,,0.15
0.15,122.62098680000054,0.010031854172138081,360504.74483976926,0.15,alns_grid,0.15,R150_K15_tw0.15_cap0.15,,15,qaoa,150,fixed_budget,356924.1339771934,5,30,128,,,0.15
0.15,121.37913190000108,0.02616269183190336,366262.2301018077,0.15,alns_grid,0.15,R150_K15_tw0.15_cap0.15,,15,efficient_su2,150,fixed_budget,356924.1339771934,5,30,128,,,0.15
0.15,72.58612189999258,0.024016570679319196,365496.22766801144,0.15,alns_grid,0.15,R150_K15_tw0.15_cap0.15,,15,hybrid_alns,150,fixed_budget,356924.1339771934,5,30,128,,,0.15
0.15,,,,0.15,alns_grid,0.15,R150_K15_tw0.15_cap0.15,83,15,regret_k,150,time_to_target,,5,30,128,0.01,82.57029029999103,0.15
0.15,,,,0.15,alns_grid,0.15,R150_K15_tw0.15_cap0.15,inf,15,standard_alns,150,time_to_target,,5,30,128,0.01,inf,0.15
0.15,,,,0.15,alns_grid,0.15,R150_K15_tw0.15_cap0.15,inf,15,qaoa,150,time_to_target,,5,30,128,0.01,inf,0.15
0.15,,,,0.15,alns_grid,0.15,R150_K15_tw0.15_cap0.15,inf,15,efficient_su2,150,time_to_target,,5,30,128,0.01,inf,0.15
0.15,,,,0.15,alns_grid,0.15,R150_K15_tw0.15_cap0.15,inf,15,hybrid_alns,150,time_to_target,,5,30,128,0.01,inf,0.15
0.15,59.50643829999899,0.05886281251497801,395334.16941473295,0.15,alns_grid,0.15,R150_K15_tw0.15_cap0.15,,15,regret_k,150,fixed_budget,373357.3081821124,5,40,128,,,0.15
0.15,57.46432030000142,0.022724706058850484,381841.74326547456,0.15,alns_grid,0.15,R150_K15_tw0.15_cap0.15,,15,standard_alns,150,fixed_budget,373357.3081821124,5,40,128,,,0.15
0.15,77.1060315000068,0.0,373357.3081821124,0.15,alns_grid,0.15,R150_K15_tw0.15_cap0.15,,15,qaoa,150,fixed_budget,373357.3081821124,5,40,128,,,0.15
0.15,82.27518749999581,0.14223696066831698,426462.51694124023,0.15,alns_grid,0.15,R150_K15_tw0.15_cap0.15,,15,efficient_su2,150,fixed_budget,373357.3081821124,5,40,128,,,0.15
0.15,72.33502589999989,0.14325461285371102,426842.4648218446,0.15,alns_grid,0.15,R150_K15_tw0.15_cap0.15,,15,hybrid_alns,150,fixed_budget,373357.3081821124,5,40,128,,,0.15
0.15,,,,0.15,alns_grid,0.15,R150_K15_tw0.15_cap0.15,inf,15,regret_k,150,time_to_target,,5,40,128,0.01,inf,0.15
0.15,,,,0.15,alns_grid,0.15,R150_K15_tw0.15_cap0.15,inf,15,standard_alns,150,time_to_target,,5,40,128,0.01,inf,0.15
0.15,,,,0.15,alns_grid,0.15,R150_K15_tw0.15_cap0.15,95,15,qaoa,150,time_to_target,,5,40,128,0.01,73.89888180000708,0.15
0.15,,,,0.15,alns_grid,0.15,R150_K15_tw0.15_cap0.15,inf,15,efficient_su2,150,time_to_target,,5,40,128,0.01,inf,0.15
0.15,,,,0.15,alns_grid,0.15,R150_K15_tw0.15_cap0.15,inf,15,hybrid_alns,150,time_to_target,,5,40,128,0.01,inf,0.15
0.15,60.599939699997776,0.015896640506888306,419120.7091568147,0.15,alns_grid,0.15,R150_K15_tw0.15_cap0.15,,15,regret_k,150,fixed_budget,412562.3537328479,5,50,128,,,0.15
0.15,59.07517840000219,0.0,412562.3537328479,0.15,alns_grid,0.15,R150_K15_tw0.15_cap0.15,,15,standard_alns,150,fixed_budget,412562.3537328479,5,50,128,,,0.15
0.15,77.66659210000944,0.06720286494642762,440287.7258727368,0.15,alns_grid,0.15,R150_K15_tw0.15_cap0.15,,15,qaoa,150,fixed_budget,412562.3537328479,5,50,128,,,0.15
0.15,83.84696510000504,0.06921955175842827,441119.73493063776,0.15,alns_grid,0.15,R150_K15_tw0.15_cap0.15,,15,efficient_su2,150,fixed_budget,412562.3537328479,5,50,128,,,0.15
0.15,74.13259900000412,0.03772462350828319,428126.11320111074,0.15,alns_grid,0.15,R150_K15_tw0.15_cap0.15,,15,hybrid_alns,150,fixed_budget,412562.3537328479,5,50,128,,,0.15
0.15,,,,0.15,alns_grid,0.15,R150_K15_tw0.15_cap0.15,inf,15,regret_k,150,time_to_target,,5,50,128,0.01,inf,0.15
0.15,,,,0.15,alns_grid,0.15,R150_K15_tw0.15_cap0.15,88,15,standard_alns,150,time_to_target,,5,50,128,0.01,52.70135570000275,0.15
0.15,,,,0.15,alns_grid,0.15,R150_K15_tw0.15_cap0.15,inf,15,qaoa,150,time_to_target,,5,50,128,0.01,inf,0.15
0.15,,,,0.15,alns_grid,0.15,R150_K15_tw0.15_cap0.15,inf,15,efficient_su2,150,time_to_target,,5,50,128,0.01,inf,0.15
0.15,,,,0.15,alns_grid,0.15,R150_K15_tw0.15_cap0.15,inf,15,hybrid_alns,150,time_to_target,,5,50,128,0.01,inf,0.15
0.15,81.44432969999616,0.0,458756.8411935361,0.15,alns_grid,0.15,R200_K20_tw0.15_cap0.15,,20,regret_k,200,fixed_budget,458756.8411935361,5,10,128,,,0.15
0.15,80.01810630000546,0.0014253938814844044,459410.7503880625,0.15,alns_grid,0.15,R200_K20_tw0.15_cap0.15,,20,standard_alns,200,fixed_budget,458756.8411935361,5,10,128,,,0.15
0.15,100.39087840000866,0.034041129676977144,474373.4423148057,0.15,alns_grid,0.15,R200_K20_tw0.15_cap0.15,,20,qaoa,200,fixed_budget,458756.8411935361,5,10,128,,,0.15
0.15,103.01234090000798,0.048735551445292874,481114.60882840375,0.15,alns_grid,0.15,R200_K20_tw0.15_cap0.15,,20,efficient_su2,200,fixed_budget,458756.8411935361,5,10,128,,,0.15
0.15,88.70173290000821,0.04469206043671247,479259.62966591294,0.15,alns_grid,0.15,R200_K20_tw0.15_cap0.15,,20,hybrid_alns,200,fixed_budget,458756.8411935361,5,10,128,,,0.15
0.15,,,,0.15,alns_grid,0.15,R200_K20_tw0.15_cap0.15,88,20,regret_k,200,time_to_target,,5,10,128,0.01,72.36640169999737,0.15
0.15,,,,0.15,alns_grid,0.15,R200_K20_tw0.15_cap0.15,88,20,standard_alns,200,time_to_target,,5,10,128,0.01,71.28465380000125,0.15
0.15,,,,0.15,alns_grid,0.15,R200_K20_tw0.15_cap0.15,inf,20,qaoa,200,time_to_target,,5,10,128,0.01,inf,0.15
0.15,,,,0.15,alns_grid,0.15,R200_K20_tw0.15_cap0.15,inf,20,efficient_su2,200,time_to_target,,5,10,128,0.01,inf,0.15
0.15,,,,0.15,alns_grid,0.15,R200_K20_tw0.15_cap0.15,inf,20,hybrid_alns,200,time_to_target,,5,10,128,0.01,inf,0.15
0.15,83.07146959999227,0.0,455831.03162455815,0.15,alns_grid,0.15,R200_K20_tw0.15_cap0.15,,20,regret_k,200,fixed_budget,455831.03162455815,5,20,128,,,0.15
0.15,84.55067840000265,0.07146598942001406,488407.4473079529,0.15,alns_grid,0.15,R200_K20_tw0.15_cap0.15,,20,standard_alns,200,fixed_budget,455831.03162455815,5,20,128,,,0.15
0.15,103.13082880000002,0.09977417270969556,501311.1957003055,0.15,alns_grid,0.15,R200_K20_tw0.15_cap0.15,,20,qaoa,200,fixed_budget,455831.03162455815,5,20,128,,,0.15
0.15,103.03634789999342,0.1580277729692002,527864.9944024401,0.15,alns_grid,0.15,R200_K20_tw0.15_cap0.15,,20,efficient_su2,200,fixed_budget,455831.03162455815,5,20,128,,,0.15
0.15,104.78836120000051,0.11070603372634628,506294.2771851017,0.15,alns_grid,0.15,R200_K20_tw0.15_cap0.15,,20,hybrid_alns,200,fixed_budget,455831.03162455815,5,20,128,,,0.15
0.15,,,,0.15,alns_grid,0.15,R200_K20_tw0.15_cap0.15,97,20,regret_k,200,time_to_target,,5,20,128,0.01,81.61020989999815,0.15
0.15,,,,0.15,alns_grid,0.15,R200_K20_tw0.15_cap0.15,inf,20,standard_alns,200,time_to_target,,5,20,128,0.01,inf,0.15
0.15,,,,0.15,alns_grid,0.15,R200_K20_tw0.15_cap0.15,inf,20,qaoa,200,time_to_target,,5,20,128,0.01,inf,0.15
0.15,,,,0.15,alns_grid,0.15,R200_K20_tw0.15_cap0.15,inf,20,efficient_su2,200,time_to_target,,5,20,128,0.01,inf,0.15
0.15,,,,0.15,alns_grid,0.15,R200_K20_tw0.15_cap0.15,inf,20,hybrid_alns,200,time_to_target,,5,20,128,0.01,inf,0.15
0.15,85.47793560000719,0.028576100130133973,462518.0680806242,0.15,alns_grid,0.15,R200_K20_tw0.15_cap0.15,,20,regret_k,200,fixed_budget,449668.30166684516,5,30,128,,,0.15
0.15,83.78765250000288,0.07079528388162772,481502.6967359189,0.15,alns_grid,0.15,R200_K20_tw0.15_cap0.15,,20,standard_alns,200,fixed_budget,449668.30166684516,5,30,128,,,0.15
0.15,111.73173259999021,0.00815681383659589,453336.16229175986,0.15,alns_grid,0.15,R200_K20_tw0.15_cap0.15,,20,qaoa,200,fixed_budget,449668.30166684516,5,30,128,,,0.15
0.15,102.89180949999718,0.0,449668.30166684516,0.15,alns_grid,0.15,R200_K20_tw0.15_cap0.15,,20,efficient_su2,200,fixed_budget,449668.30166684516,5,30,128,,,0.15
0.15,91.0391660999885,0.035253934106008,465520.87834336865,0.15,alns_grid,0.15,R200_K20_tw0.15_cap0.15,,20,hybrid_alns,200,fixed_budget,449668.30166684516,5,30,128,,,0.15
0.15,,,,0.15,alns_grid,0.15,R200_K20_tw0.15_cap0.15,inf,20,regret_k,200,time_to_target,,5,30,128,0.01,inf,0.15
0.15,,,,0.15,alns_grid,0.15,R200_K20_tw0.15_cap0.15,inf,20,standard_alns,200,time_to_target,,5,30,128,0.01,inf,0.15
0.15,,,,0.15,alns_grid,0.15,R200_K20_tw0.15_cap0.15,97,20,qaoa,200,time_to_target,,5,30,128,0.01,108.90440519999538,0.15
0.15,,,,0.15,alns_grid,0.15,R200_K20_tw0.15_cap0.15,96,20,efficient_su2,200,time_to_target,,5,30,128,0.01,99.80994009999267,0.15
0.15,,,,0.15,alns_grid,0.15,R200_K20_tw0.15_cap0.15,inf,20,hybrid_alns,200,time_to_target,,5,30,128,0.01,inf,0.15
0.15,83.68096639998839,0.0572110105917397,497246.6972602293,0.15,alns_grid,0.15,R200_K20_tw0.15_cap0.15,,20,regret_k,200,fixed_budget,470338.17495138606,5,40,128,,,0.15
0.15,82.54056580000906,0.0,470338.17495138606,0.15,alns_grid,0.15,R200_K20_tw0.15_cap0.15,,20,standard_alns,200,fixed_budget,470338.17495138606,5,40,128,,,0.15
0.15,102.4003076999943,0.0818439896858384,508832.52769096335,0.15,alns_grid,0.15,R200_K20_tw0.15_cap0.15,,20,qaoa,200,fixed_budget,470338.17495138606,5,40,128,,,0.15
0.15,101.3075375000044,0.006798404974516378,473535.7243396805,0.15,alns_grid,0.15,R200_K20_tw0.15_cap0.15,,20,efficient_su2,200,fixed_budget,470338.17495138606,5,40,128,,,0.15
0.15,89.25704969999788,0.011262029406089929,475635.13730849524,0.15,alns_grid,0.15,R200_K20_tw0.15_cap0.15,,20,hybrid_alns,200,fixed_budget,470338.17495138606,5,40,128,,,0.15
0.15,,,,0.15,alns_grid,0.15,R200_K20_tw0.15_cap0.15,inf,20,regret_k,200,time_to_target,,5,40,128,0.01,inf,0.15
0.15,,,,0.15,alns_grid,0.15,R200_K20_tw0.15_cap0.15,98,20,standard_alns,200,time_to_target,,5,40,128,0.01,81.80050450000272,0.15
0.15,,,,0.15,alns_grid,0.15,R200_K20_tw0.15_cap0.15,inf,20,qaoa,200,time_to_target,,5,40,128,0.01,inf,0.15
0.15,,,,0.15,alns_grid,0.15,R200_K20_tw0.15_cap0.15,99,20,efficient_su2,200,time_to_target,,5,40,128,0.01,101.3075375000044,0.15
0.15,,,,0.15,alns_grid,0.15,R200_K20_tw0.15_cap0.15,inf,20,hybrid_alns,200,time_to_target,,5,40,128,0.01,inf,0.15
0.15,84.88860049999494,0.026458556470445743,494389.21386249084,0.15,alns_grid,0.15,R200_K20_tw0.15_cap0.15,,20,regret_k,200,fixed_budget,481645.5674182161,5,50,128,,,0.15
0.15,83.74912459999905,0.06640197263911268,513627.7832076704,0.15,alns_grid,0.15,R200_K20_tw0.15_cap0.15,,20,standard_alns,200,fixed_budget,481645.5674182161,5,50,128,,,0.15
0.15,101.1670618000062,0.0,481645.5674182161,0.15,alns_grid,0.15,R200_K20_tw0.15_cap0.15,,20,qaoa,200,fixed_budget,481645.5674182161,5,50,128,,,0.15
0.15,101.73256430000765,0.02412081229675477,493263.2497434748,0.15,alns_grid,0.15,R200_K20_tw0.15_cap0.15,,20,efficient_su2,200,fixed_budget,481645.5674182161,5,50,128,,,0.15
0.15,88.45270130000426,0.030038972176205665,496113.70521668467,0.15,alns_grid,0.15,R200_K20_tw0.15_cap0.15,,20,hybrid_alns,200,fixed_budget,481645.5674182161,5,50,128,,,0.15
0.15,,,,0.15,alns_grid,0.15,R200_K20_tw0.15_cap0.15,inf,20,regret_k,200,time_to_target,,5,50,128,0.01,inf,0.15
0.15,,,,0.15,alns_grid,0.15,R200_K20_tw0.15_cap0.15,inf,20,standard_alns,200,time_to_target,,5,50,128,0.01,inf,0.15
0.15,,,,0.15,alns_grid,0.15,R200_K20_tw0.15_cap0.15,98,20,qaoa,200,time_to_target,,5,50,128,0.01,100.07934840000235,0.15
0.15,,,,0.15,alns_grid,0.15,R200_K20_tw0.15_cap0.15,inf,20,efficient_su2,200,time_to_target,,5,50,128,0.01,inf,0.15
0.15,,,,0.15,alns_grid,0.15,R200_K20_tw0.15_cap0.15,inf,20,hybrid_alns,200,time_to_target,,5,50,128,0.01,inf,0.15
0.15,37.32539050000196,0.04946925481251364,329914.3772749795,0.15,alns_grid,0.15,R100_K10_tw0.15_cap0.15,,10,regret_k,100,fixed_budget,314363.07043975126,5,10,1024,,,0.15
0.15,38.19654570000421,0.018346720306472896,320130.6017677934,0.15,alns_grid,0.15,R100_K10_tw0.15_cap0.15,,10,standard_alns,100,fixed_budget,314363.07043975126,5,10,1024,,,0.15
0.15,57.18508369999472,0.11124203285444793,349333.4574498352,0.15,alns_grid,0.15,R100_K10_tw0.15_cap0.15,,10,qaoa,100,fixed_budget,314363.07043975126,5,10,1024,,,0.15
0.15,58.20310040000186,0.021056117191093376,320982.3360914826,0.15,alns_grid,0.15,R100_K10_tw0.15_cap0.15,,10,efficient_su2,100,fixed_budget,314363.07043975126,5,10,1024,,,0.15
0.15,49.468038199993316,0.0,314363.07043975126,0.15,alns_grid,0.15,R100_K10_tw0.15_cap0.15,,10,hybrid_alns,100,fixed_budget,314363.07043975126,5,10,1024,,,0.15
0.15,,,,0.15,alns_grid,0.15,R100_K10_tw0.15_cap0.15,inf,10,regret_k,100,time_to_target,,5,10,1024,0.01,inf,0.15
0.15,,,,0.15,alns_grid,0.15,R100_K10_tw0.15_cap0.15,inf,10,standard_alns,100,time_to_target,,5,10,1024,0.01,inf,0.15
0.15,,,,0.15,alns_grid,0.15,R100_K10_tw0.15_cap0.15,inf,10,qaoa,100,time_to_target,,5,10,1024,0.01,inf,0.15
0.15,,,,0.15,alns_grid,0.15,R100_K10_tw0.15_cap0.15,inf,10,efficient_su2,100,time_to_target,,5,10,1024,0.01,inf,0.15
0.15,,,,0.15,alns_grid,0.15,R100_K10_tw0.15_cap0.15,86,10,hybrid_alns,100,time_to_target,,5,10,1024,0.01,43.66709540000011,0.15
0.15,42.23508110000694,0.0,285165.34179726825,0.15,alns_grid,0.15,R100_K10_tw0.15_cap0.15,,10,regret_k,100,fixed_budget,285165.34179726825,5,20,1024,,,0.15
0.15,39.602916300005745,0.07053524409001762,305279.54878695187,0.15,alns_grid,0.15,R100_K10_tw0.15_cap0.15,,10,standard_alns,100,fixed_budget,285165.34179726825,5,20,1024,,,0.15
0.15,57.53220539999893,0.1078238559441654,315912.9685314856,0.15,alns_grid,0.15,R100_K10_tw0.15_cap0.15,,10,qaoa,100,fixed_budget,285165.34179726825,5,20,1024,,,0.15
0.15,57.69947870000033,0.042116008452894475,297175.36774287454,0.15,alns_grid,0.15,R100_K10_tw0.15_cap0.15,,10,efficient_su2,100,fixed_budget,285165.34179726825,5,20,1024,,,0.15
0.15,47.242941799995606,0.12174964886901432,319884.1220306981,0.15,alns_grid,0.15,R100_K10_tw0.15_cap0.15,,10,hybrid_alns,100,fixed_budget,285165.34179726825,5,20,1024,,,0.15
0.15,,,,0.15,alns_grid,0.15,R100_K10_tw0.15_cap0.15,91,10,regret_k,100,time_to_target,,5,20,1024,0.01,39.30910579999909,0.15
0.15,,,,0.15,alns_grid,0.15,R100_K10_tw0.15_cap0.15,inf,10,standard_alns,100,time_to_target,,5,20,1024,0.01,inf,0.15
0.15,,,,0.15,alns_grid,0.15,R100_K10_tw0.15_cap0.15,inf,10,qaoa,100,time_to_target,,5,20,1024,0.01,inf,0.15
0.15,,,,0.15,alns_grid,0.15,R100_K10_tw0.15_cap0.15,inf,10,efficient_su2,100,time_to_target,,5,20,1024,0.01,inf,0.15
0.15,,,,0.15,alns_grid,0.15,R100_K10_tw0.15_cap0.15,inf,10,hybrid_alns,100,time_to_target,,5,20,1024,0.01,inf,0.15
0.15,42.095675499993376,0.10035127572056875,298189.9157228657,0.15,alns_grid,0.15,R100_K10_tw0.15_cap0.15,,10,regret_k,100,fixed_budget,270995.2015347054,5,30,1024,,,0.15
0.15,38.15984490000119,0.04646843088325148,283587.9233269137,0.15,alns_grid,0.15,R100_K10_tw0.15_cap0.15,,10,standard_alns,100,fixed_budget,270995.2015347054,5,30,1024,,,0.15
0.15,57.30335709999781,0.06337373198753324,288169.1788066734,0.15,alns_grid,0.15,R100_K10_tw0.15_cap0.15,,10,qaoa,100,fixed_budget,270995.2015347054,5,30,1024,,,0.15
0.15,60.251662900001975,0.0,270995.2015347054,0.15,alns_grid,0.15,R100_K10_tw0.15_cap0.15,,10,efficient_su2,100,fixed_budget,270995.2015347054,5,30,1024,,,0.15
0.15,49.8199067000096,0.05460615610752672,285793.2078141002,0.15,alns_grid,0.15,R100_K10_tw0.15_cap0.15,,10,hybrid_alns,100,fixed_budget,270995.2015347054,5,30,1024,,,0.15
0.15,,,,0.15,alns_grid,0.15,R100_K10_tw0.15_cap0.15,inf,10,regret_k,100,time_to_target,,5,30,1024,0.01,inf,0.15
0.15,,,,0.15,alns_grid,0.15,R100_K10_tw0.15_cap0.15,inf,10,standard_alns,100,time_to_target,,5,30,1024,0.01,inf,0.15
0.15,,,,0.15,alns_grid,0.15,R100_K10_tw0.15_cap0.15,inf,10,qaoa,100,time_to_target,,5,30,1024,0.01,inf,0.15
0.15,,,,0.15,alns_grid,0.15,R100_K10_tw0.15_cap0.15,88,10,efficient_su2,100,time_to_target,,5,30,1024,0.01,54.051118999996106,0.15
0.15,,,,0.15,alns_grid,0.15,R100_K10_tw0.15_cap0.15,inf,10,hybrid_alns,100,time_to_target,,5,30,1024,0.01,inf,0.15
0.15,42.38526799999818,0.006838417762103944,287401.715295514,0.15,alns_grid,0.15,R100_K10_tw0.15_cap0.15,,10,regret_k,100,fixed_budget,285449.6910579959,5,40,1024,,,0.15
0.15,39.04095569999481,0.0,285449.6910579959,0.15,alns_grid,0.15,R100_K10_tw0.15_cap0.15,,10,standard_alns,100,fixed_budget,285449.6910579959,5,40,1024,,,0.15
0.15,57.0706319000019,0.05537630895511436,301256.8413411654,0.15,alns_grid,0.15,R100_K10_tw0.15_cap0.15,,10,qaoa,100,fixed_budget,285449.6910579959,5,40,1024,,,0.15
0.15,57.82058139999572,0.0447316327598393,298218.32180981175,0.15,alns_grid,0.15,R100_K10_tw0.15_cap0.15,,10,efficient_su2,100,fixed_budget,285449.6910579959,5,40,1024,,,0.15
0.15,50.17338469999959,0.04662646009655696,298759.19968768605,0.15,alns_grid,0.15,R100_K10_tw0.15_cap0.15,,10,hybrid_alns,100,fixed_budget,285449.6910579959,5,40,1024,,,0.15
0.15,,,,0.15,alns_grid,0.15,R100_K10_tw0.15_cap0.15,90,10,regret_k,100,time_to_target,,5,40,1024,0.01,38.68987760000164,0.15
0.15,,,,0.15,alns_grid,0.15,R100_K10_tw0.15_cap0.15,49,10,standard_alns,100,time_to_target,,5,40,1024,0.01,19.22662099999434,0.15
0.15,,,,0.15,alns_grid,0.15,R100_K10_tw0.15_cap0.15,inf,10,qaoa,100,time_to_target,,5,40,1024,0.01,inf,0.15
0.15,,,,0.15,alns_grid,0.15,R100_K10_tw0.15_cap0.15,inf,10,efficient_su2,100,time_to_target,,5,40,1024,0.01,inf,0.15
0.15,,,,0.15,alns_grid,0.15,R100_K10_tw0.15_cap0.15,inf,10,hybrid_alns,100,time_to_target,,5,40,1024,0.01,inf,0.15
0.15,43.39618589999736,0.0,360418.5050103441,0.15,alns_grid,0.15,R100_K10_tw0.15_cap0.15,,10,regret_k,100,fixed_budget,360418.5050103441,5,50,1024,,,0.15
0.15,38.36297360000026,0.038945001878082044,374455.00436486746,0.15,alns_grid,0.15,R100_K10_tw0.15_cap0.15,,10,standard_alns,100,fixed_budget,360418.5050103441,5,50,1024,,,0.15
0.15,57.8694925000018,0.05089667708650502,378762.60927585646,0.15,alns_grid,0.15,R100_K10_tw0.15_cap0.15,,10,qaoa,100,fixed_budget,360418.5050103441,5,50,1024,,,0.15
0.15,57.59709900000598,0.005419549622285264,362371.8109830375,0.15,alns_grid,0.15,R100_K10_tw0.15_cap0.15,,10,efficient_su2,100,fixed_budget,360418.5050103441,5,50,1024,,,0.15
0.15,48.82432619998872,0.07211332338747779,386409.4812169863,0.15,alns_grid,0.15,R100_K10_tw0.15_cap0.15,,10,hybrid_alns,100,fixed_budget,360418.5050103441,5,50,1024,,,0.15
0.15,,,,0.15,alns_grid,0.15,R100_K10_tw0.15_cap0.15,96,10,regret_k,100,time_to_target,,5,50,1024,0.01,42.00385530000494,0.15
0.15,,,,0.15,alns_grid,0.15,R100_K10_tw0.15_cap0.15,inf,10,standard_alns,100,time_to_target,,5,50,1024,0.01,inf,0.15
0.15,,,,0.15,alns_grid,0.15,R100_K10_tw0.15_cap0.15,inf,10,qaoa,100,time_to_target,,5,50,1024,0.01,inf,0.15
0.15,,,,0.15,alns_grid,0.15,R100_K10_tw0.15_cap0.15,78,10,efficient_su2,100,time_to_target,,5,50,1024,0.01,45.673453499999596,0.15
0.15,,,,0.15,alns_grid,0.15,R100_K10_tw0.15_cap0.15,inf,10,hybrid_alns,100,time_to_target,,5,50,1024,0.01,inf,0.15
0.15,63.96415060000436,0.11633004200741258,421280.2892142234,0.15,alns_grid,0.15,R150_K15_tw0.15_cap0.15,,15,regret_k,150,fixed_budget,377379.6936044708,5,10,1024,,,0.15
0.15,59.599717299992335,0.06763036359015137,402902.0194944811,0.15,alns_grid,0.15,R150_K15_tw0.15_cap0.15,,15,standard_alns,150,fixed_budget,377379.6936044708,5,10,1024,,,0.15
0.15,79.1804589000094,0.05045876166902935,396421.8056227901,0.15,alns_grid,0.15,R150_K15_tw0.15_cap0.15,,15,qaoa,150,fixed_budget,377379.6936044708,5,10,1024,,,0.15
0.15,82.8984203,0.0,377379.6936044708,0.15,alns_grid,0.15,R150_K15_tw0.15_cap0.15,,15,efficient_su2,150,fixed_budget,377379.6936044708,5,10,1024,,,0.15
0.15,73.50612659999751,0.10635451353516903,417515.72733582545,0.15,alns_grid,0.15,R150_K15_tw0.15_cap0.15,,15,hybrid_alns,150,fixed_budget,377379.6936044708,5,10,1024,,,0.15
0.15,,,,0.15,alns_grid,0.15,R150_K15_tw0.15_cap0.15,inf,15,regret_k,150,time_to_target,,5,10,1024,0.01,inf,0.15
0.15,,,,0.15,alns_grid,0.15,R150_K15_tw0.15_cap0.15,inf,15,standard_alns,150,time_to_target,,5,10,1024,0.01,inf,0.15
0.15,,,,0.15,alns_grid,0.15,R150_K15_tw0.15_cap0.15,inf,15,qaoa,150,time_to_target,,5,10,1024,0.01,inf,0.15
0.15,,,,0.15,alns_grid,0.15,R150_K15_tw0.15_cap0.15,93,15,efficient_su2,150,time_to_target,,5,10,1024,0.01,78.1236016999901,0.15
0.15,,,,0.15,alns_grid,0.15,R150_K15_tw0.15_cap0.15,inf,15,hybrid_alns,150,time_to_target,,5,10,1024,0.01,inf,0.15
0.15,59.35405720000563,0.03422469685695518,399175.10170961847,0.15,alns_grid,0.15,R150_K15_tw0.15_cap0.15,,15,regret_k,150,fixed_budget,385965.5478376464,5,20,1024,,,0.15
0.15,58.650289400000474,0.08004425459614514,416859.8724141036,0.15,alns_grid,0.15,R150_K15_tw0.15_cap0.15,,15,standard_alns,150,fixed_budget,385965.5478376464,5,20,1024,,,0.15
0.15,80.05528040000354,0.02134228908591781,394202.9361368021,0.15,alns_grid,0.15,R150_K15_tw0.15_cap0.15,,15,qaoa,150,fixed_budget,385965.5478376464,5,20,1024,,,0.15
0.15,84.57477380000637,0.11681325096334193,431051.43824040913,0.15,alns_grid,0.15,R150_K15_tw0.15_cap0.15,,15,efficient_su2,150,fixed_budget,385965.5478376464,5,20,1024,,,0.15
0.15,73.89440790000663,0.0,385965.5478376464,0.15,alns_grid,0.15,R150_K15_tw0.15_cap0.15,,15,hybrid_alns,150,fixed_budget,385965.5478376464,5,20,1024,,,0.15
0.15,,,,0.15,alns_grid,0.15,R150_K15_tw0.15_cap0.15,inf,15,regret_k,150,time_to_target,,5,20,1024,0.01,inf,0.15
0.15,,,,0.15,alns_grid,0.15,R150_K15_tw0.15_cap0.15,inf,15,standard_alns,150,time_to_target,,5,20,1024,0.01,inf,0.15
0.15,,,,0.15,alns_grid,0.15,R150_K15_tw0.15_cap0.15,inf,15,qaoa,150,time_to_target,,5,20,1024,0.01,inf,0.15
0.15,,,,0.15,alns_grid,0.15,R150_K15_tw0.15_cap0.15,inf,15,efficient_su2,150,time_to_target,,5,20,1024,0.01,inf,0.15
0.15,,,,0.15,alns_grid,0.15,R150_K15_tw0.15_cap0.15,93,15,hybrid_alns,150,time_to_target,,5,20,1024,0.01,69.89859989999968,0.15
0.15,62.861306299993885,0.036762663199152695,356924.1339771934,0.15,alns_grid,0.15,R150_K15_tw0.15_cap0.15,,15,regret_k,150,fixed_budget,344267.9280866729,5,30,1024,,,0.15
0.15,60.078155099996366,0.06363552754057349,366175.59930576856,0.15,alns_grid,0.15,R150_K15_tw0.15_cap0.15,,15,standard_alns,150,fixed_budget,344267.9280866729,5,30,1024,,,0.15
0.15,78.3580476000061,0.0,344267.9280866729,0.15,alns_grid,0.15,R150_K15_tw0.15_cap0.15,,15,qaoa,150,fixed_budget,344267.9280866729,5,30,1024,,,0.15
0.15,84.55989239999326,0.1277703604225454,388255.16534023004,0.15,alns_grid,0.15,R150_K15_tw0.15_cap0.15,,15,efficient_su2,150,fixed_budget,344267.9280866729,5,30,1024,,,0.15
0.15,71.72837339999387,0.04477473632763502,359682.4337928149,0.15,alns_grid,0.15,R150_K15_tw0.15_cap0.15,,15,hybrid_alns,150,fixed_budget,344267.9280866729,5,30,1024,,,0.15
0.15,,,,0.15,alns_grid,0.15,R150_K15_tw0.15_cap0.15,inf,15,regret_k,150,time_to_target,,5,30,1024,0.01,inf,0.15
0.15,,,,0.15,alns_grid,0.15,R150_K15_tw0.15_cap0.15,inf,15,standard_alns,150,time_to_target,,5,30,1024,0.01,inf,0.15
0.15,,,,0.15,alns_grid,0.15,R150_K15_tw0.15_cap0.15,96,15,qaoa,150,time_to_target,,5,30,1024,0.01,75.81098599999677,0.15
0.15,,,,0.15,alns_grid,0.15,R150_K15_tw0.15_cap0.15,inf,15,efficient_su2,150,time_to_target,,5,30,1024,0.01,inf,0.15
0.15,,,,0.15,alns_grid,0.15,R150_K15_tw0.15_cap0.15,inf,15,hybrid_alns,150,time_to_target,,5,30,1024,0.01,inf,0.15
0.15,64.34548890001315,0.03533512610190922,395334.16941473295,0.15,alns_grid,0.15,R150_K15_tw0.15_cap0.15,,15,regret_k,150,fixed_budget,381841.74326547456,5,40,1024,,,0.15
0.15,58.98791720000736,0.0,381841.74326547456,0.15,alns_grid,0.15,R150_K15_tw0.15_cap0.15,,15,standard_alns,150,fixed_budget,381841.74326547456,5,40,1024,,,0.15
0.15,80.4423162000021,0.11755538123604557,426729.29496688367,0.15,alns_grid,0.15,R150_K15_tw0.15_cap0.15,,15,qaoa,150,fixed_budget,381841.74326547456,5,40,1024,,,0.15
0.15,87.13179420000233,0.07344635470389548,409886.6273821044,0.15,alns_grid,0.15,R150_K15_tw0.15_cap0.15,,15,efficient_su2,150,fixed_budget,381841.74326547456,5,40,1024,,,0.15
0.15,73.73823339999944,0.07694149812480752,411221.2190389083,0.15,alns_grid,0.15,R150_K15_tw0.15_cap0.15,,15,hybrid_alns,150,fixed_budget,381841.74326547456,5,40,1024,,,0.15
0.15,,,,0.15,alns_grid,0.15,R150_K15_tw0.15_cap0.15,inf,15,regret_k,150,time_to_target,,5,40,1024,0.01,inf,0.15
0.15,,,,0.15,alns_grid,0.15,R150_K15_tw0.15_cap0.15,83,15,standard_alns,150,time_to_target,,5,40,1024,0.01,49.69668870000169,0.15
0.15,,,,0.15,alns_grid,0.15,R150_K15_tw0.15_cap0.15,inf,15,qaoa,150,time_to_target,,5,40,1024,0.01,inf,0.15
0.15,,,,0.15,alns_grid,0.15,R150_K15_tw0.15_cap0.15,inf,15,efficient_su2,150,time_to_target,,5,40,1024,0.01,inf,0.15
0.15,,,,0.15,alns_grid,0.15,R150_K15_tw0.15_cap0.15,inf,15,hybrid_alns,150,time_to_target,,5,40,1024,0.01,inf,0.15
0.15,63.52623790000507,0.015896640506888306,419120.7091568147,0.15,alns_grid,0.15,R150_K15_tw0.15_cap0.15,,15,regret_k,150,fixed_budget,412562.3537328479,5,50,1024,,,0.15
0.15,58.57490490000055,0.0,412562.3537328479,0.15,alns_grid,0.15,R150_K15_tw0.15_cap0.15,,15,standard_alns,150,fixed_budget,412562.3537328479,5,50,1024,,,0.15
0.15,79.90119169998798,0.06954346417582227,441253.3689999611,0.15,alns_grid,0.15,R150_K15_tw0.15_cap0.15,,15,qaoa,150,fixed_budget,412562.3537328479,5,50,1024,,,0.15
0.15,85.59030060000077,0.06921955175842827,441119.73493063776,0.15,alns_grid,0.15,R150_K15_tw0.15_cap0.15,,15,efficient_su2,150,fixed_budget,412562.3537328479,5,50,1024,,,0.15
0.15,75.86954390000028,0.13733336785389844,469220.93122071127,0.15,alns_grid,0.15,R150_K15_tw0.15_cap0.15,,15,hybrid_alns,150,fixed_budget,412562.3537328479,5,50,1024,,,0.15
0.15,,,,0.15,alns_grid,0.15,R150_K15_tw0.15_cap0.15,inf,15,regret_k,150,time_to_target,,5,50,1024,0.01,inf,0.15
0.15,,,,0.15,alns_grid,0.15,R150_K15_tw0.15_cap0.15,88,15,standard_alns,150,time_to_target,,5,50,1024,0.01,52.28615239998908,0.15
0.15,,,,0.15,alns_grid,0.15,R150_K15_tw0.15_cap0.15,inf,15,qaoa,150,time_to_target,,5,50,1024,0.01,inf,0.15
0.15,,,,0.15,alns_grid,0.15,R150_K15_tw0.15_cap0.15,inf,15,efficient_su2,150,time_to_target,,5,50,1024,0.01,inf,0.15
0.15,,,,0.15,alns_grid,0.15,R150_K15_tw0.15_cap0.15,inf,15,hybrid_alns,150,time_to_target,,5,50,1024,0.01,inf,0.15
0.15,79.39919329999248,0.0,458756.8411935361,0.15,alns_grid,0.15,R200_K20_tw0.15_cap0.15,,20,regret_k,200,fixed_budget,458756.8411935361,5,10,1024,,,0.15
0.15,79.98057679999329,0.0014253938814844044,459410.7503880625,0.15,alns_grid,0.15,R200_K20_tw0.15_cap0.15,,20,standard_alns,200,fixed_budget,458756.8411935361,5,10,1024,,,0.15
0.15,100.64556560000347,0.12414055011308665,515707.1678274436,0.15,alns_grid,0.15,R200_K20_tw0.15_cap0.15,,20,qaoa,200,fixed_budget,458756.8411935361,5,10,1024,,,0.15
0.15,98.81486870000663,0.05862199943530896,485650.0844789277,0.15,alns_grid,0.15,R200_K20_tw0.15_cap0.15,,20,efficient_su2,200,fixed_budget,458756.8411935361,5,10,1024,,,0.15
0.15,85.41016420000233,0.06389432432225817,488068.7995898106,0.15,alns_grid,0.15,R200_K20_tw0.15_cap0.15,,20,hybrid_alns,200,fixed_budget,458756.8411935361,5,10,1024,,,0.15
0.15,,,,0.15,alns_grid,0.15,R200_K20_tw0.15_cap0.15,88,20,regret_k,200,time_to_target,,5,10,1024,0.01,70.78935749999073,0.15
0.15,,,,0.15,alns_grid,0.15,R200_K20_tw0.15_cap0.15,88,20,standard_alns,200,time_to_target,,5,10,1024,0.01,71.38316919999488,0.15
0.15,,,,0.15,alns_grid,0.15,R200_K20_tw0.15_cap0.15,inf,20,qaoa,200,time_to_target,,5,10,1024,0.01,inf,0.15
0.15,,,,0.15,alns_grid,0.15,R200_K20_tw0.15_cap0.15,inf,20,efficient_su2,200,time_to_target,,5,10,1024,0.01,inf,0.15
0.15,,,,0.15,alns_grid,0.15,R200_K20_tw0.15_cap0.15,inf,20,hybrid_alns,200,time_to_target,,5,10,1024,0.01,inf,0.15
0.15,82.73913879998145,0.0,455831.03162455815,0.15,alns_grid,0.15,R200_K20_tw0.15_cap0.15,,20,regret_k,200,fixed_budget,455831.03162455815,5,20,1024,,,0.15
0.15,83.06437410000945,0.07146598942001406,488407.4473079529,0.15,alns_grid,0.15,R200_K20_tw0.15_cap0.15,,20,standard_alns,200,fixed_budget,455831.03162455815,5,20,1024,,,0.15
0.15,101.68112819999806,0.11309878932866002,507384.9694397298,0.15,alns_grid,0.15,R200_K20_tw0.15_cap0.15,,20,qaoa,200,fixed_budget,455831.03162455815,5,20,1024,,,0.15
0.15,101.09081839999999,0.12797679784051683,514166.82740820845,0.15,alns_grid,0.15,R200_K20_tw0.15_cap0.15,,20,efficient_su2,200,fixed_budget,455831.03162455815,5,20,1024,,,0.15
0.15,90.24201409998932,0.12985671368562068,515023.7513872495,0.15,alns_grid,0.15,R200_K20_tw0.15_cap0.15,,20,hybrid_alns,200,fixed_budget,455831.03162455815,5,20,1024,,,0.15
0.15,,,,0.15,alns_grid,0.15,R200_K20_tw0.15_cap0.15,97,20,regret_k,200,time_to_target,,5,20,1024,0.01,81.13227870000992,0.15
0.15,,,,0.15,alns_grid,0.15,R200_K20_tw0.15_cap0.15,inf,20,standard_alns,200,time_to_target,,5,20,1024,0.01,inf,0.15
0.15,,,,0.15,alns_grid,0.15,R200_K20_tw0.15_cap0.15,inf,20,qaoa,200,time_to_target,,5,20,1024,0.01,inf,0.15
0.15,,,,0.15,alns_grid,0.15,R200_K20_tw0.15_cap0.15,inf,20,efficient_su2,200,time_to_target,,5,20,1024,0.01,inf,0.15
0.15,,,,0.15,alns_grid,0.15,R200_K20_tw0.15_cap0.15,inf,20,hybrid_alns,200,time_to_target,,5,20,1024,0.01,inf,0.15
0.15,83.80101159997866,0.025987281331548255,462518.0680806242,0.15,alns_grid,0.15,R200_K20_tw0.15_cap0.15,,20,regret_k,200,fixed_budget,450802.9256272635,5,30,1024,,,0.15
0.15,82.12649319999036,0.06810020379956187,481502.6967359189,0.15,alns_grid,0.15,R200_K20_tw0.15_cap0.15,,20,standard_alns,200,fixed_budget,450802.9256272635,5,30,1024,,,0.15
0.15,100.94666270000744,0.13822246049202117,513114.0152044655,0.15,alns_grid,0.15,R200_K20_tw0.15_cap0.15,,20,qaoa,200,fixed_budget,450802.9256272635,5,30,1024,,,0.15
0.15,100.99030179998954,0.0,450802.9256272635,0.15,alns_grid,0.15,R200_K20_tw0.15_cap0.15,,20,efficient_su2,200,fixed_budget,450802.9256272635,5,30,1024,,,0.15
0.15,89.79759750000085,0.055168629090802966,475673.10502424283,0.15,alns_grid,0.15,R200_K20_tw0.15_cap0.15,,20,hybrid_alns,200,fixed_budget,450802.9256272635,5,30,1024,,,0.15
0.15,,,,0.15,alns_grid,0.15,R200_K20_tw0.15_cap0.15,inf,20,regret_k,200,time_to_target,,5,30,1024,0.01,inf,0.15
0.15,,,,0.15,alns_grid,0.15,R200_K20_tw0.15_cap0.15,inf,20,standard_alns,200,time_to_target,,5,30,1024,0.01,inf,0.15
0.15,,,,0.15,alns_grid,0.15,R200_K20_tw0.15_cap0.15,inf,20,qaoa,200,time_to_target,,5,30,1024,0.01,inf,0.15
0.15,,,,0.15,alns_grid,0.15,R200_K20_tw0.15_cap0.15,95,20,efficient_su2,200,time_to_target,,5,30,1024,0.01,97.137439299986,0.15
0.15,,,,0.15,alns_grid,0.15,R200_K20_tw0.15_cap0.15,inf,20,hybrid_alns,200,time_to_target,,5,30,1024,0.01,inf,0.15
0.15,81.94165880000219,0.06879479100409247,497246.6972602293,0.15,alns_grid,0.15,R200_K20_tw0.15_cap0.15,,20,regret_k,200,fixed_budget,465240.5695138959,5,40,1024,,,0.15
0.15,80.46095340000466,0.010956923732632266,470338.17495138606,0.15,alns_grid,0.15,R200_K20_tw0.15_cap0.15,,20,standard_alns,200,fixed_budget,465240.5695138959,5,40,1024,,,0.15
0.15,100.9006553000072,0.16695560028272682,542915.0880729661,0.15,alns_grid,0.15,R200_K20_tw0.15_cap0.15,,20,qaoa,200,fixed_budget,465240.5695138959,5,40,1024,,,0.15
0.15,99.73617229997762,0.0,465240.5695138959,0.15,alns_grid,0.15,R200_K20_tw0.15_cap0.15,,20,efficient_su2,200,fixed_budget,465240.5695138959,5,40,1024,,,0.15
0.15,84.1824947000132,0.048614657156912204,487858.0802963005,0.15,alns_grid,0.15,R200_K20_tw0.15_cap0.15,,20,hybrid_alns,200,fixed_budget,465240.5695138959,5,40,1024,,,0.15
0.15,,,,0.15,alns_grid,0.15,R200_K20_tw0.15_cap0.15,inf,20,regret_k,200,time_to_target,,5,40,1024,0.01,inf,0.15
0.15,,,,0.15,alns_grid,0.15,R200_K20_tw0.15_cap0.15,inf,20,standard_alns,200,time_to_target,,5,40,1024,0.01,inf,0.15
0.15,,,,0.15,alns_grid,0.15,R200_K20_tw0.15_cap0.15,inf,20,qaoa,200,time_to_target,,5,40,1024,0.01,inf,0.15
0.15,,,,0.15,alns_grid,0.15,R200_K20_tw0.15_cap0.15,98,20,efficient_su2,200,time_to_target,,5,40,1024,0.01,98.74705299999914,0.15
0.15,,,,0.15,alns_grid,0.15,R200_K20_tw0.15_cap0.15,inf,20,hybrid_alns,200,time_to_target,,5,40,1024,0.01,inf,0.15
0.15,80.21182870000484,0.04235318508713255,494389.21386249084,0.15,alns_grid,0.15,R200_K20_tw0.15_cap0.15,,20,regret_k,200,fixed_budget,474301.05355428427,5,50,1024,,,0.15
0.15,81.56776219999301,0.08291512185916981,513627.7832076704,0.15,alns_grid,0.15,R200_K20_tw0.15_cap0.15,,20,standard_alns,200,fixed_budget,474301.05355428427,5,50,1024,,,0.15
0.15,99.65763689999585,0.09892816519968035,521222.78653468494,0.15,alns_grid,0.15,R200_K20_tw0.15_cap0.15,,20,qaoa,200,fixed_budget,474301.05355428427,5,50,1024,,,0.15
0.15,99.5235648000089,0.0,474301.05355428427,0.15,alns_grid,0.15,R200_K20_tw0.15_cap0.15,,20,efficient_su2,200,fixed_budget,474301.05355428427,5,50,1024,,,0.15
0.15,90.88533579997602,0.011500566981201858,479755.7845899399,0.15,alns_grid,0.15,R200_K20_tw0.15_cap0.15,,20,hybrid_alns,200,fixed_budget,474301.05355428427,5,50,1024,,,0.15
0.15,,,,0.15,alns_grid,0.15,R200_K20_tw0.15_cap0.15,inf,20,regret_k,200,time_to_target,,5,50,1024,0.01,inf,0.15
0.15,,,,0.15,alns_grid,0.15,R200_K20_tw0.15_cap0.15,inf,20,standard_alns,200,time_to_target,,5,50,1024,0.01,inf,0.15
0.15,,,,0.15,alns_grid,0.15,R200_K20_tw0.15_cap0.15,inf,20,qaoa,200,time_to_target,,5,50,1024,0.01,inf,0.15
0.15,,,,0.15,alns_grid,0.15,R200_K20_tw0.15_cap0.15,97,20,efficient_su2,200,time_to_target,,5,50,1024,0.01,97.33244140000897,0.15
0.15,,,,0.15,alns_grid,0.15,R200_K20_tw0.15_cap0.15,inf,20,hybrid_alns,200,time_to_target,,5,50,1024,0.01,inf,0.15
