capacity_slack,elapsed_sec,final_gap_to_instance_best,final_objective,grid_capacity_slack,grid_mode,grid_tw_tightness,instance_tag,iters_to_target,k_vehicles,method,n_requests,outcome,reference_best,remove_count,seed,shots,target_eps,time_to_target_sec,tw_tightness
0.85,16.7573765,0.07282359463098927,665954.8290671718,0.85,alns_grid,0.85,R100_K10_tw0.85_cap0.85,,10,regret_k,100,fixed_budget,620749.6110264382,2,10,16,,,0.85
0.85,16.244385100000002,0.0,620749.6110264382,0.85,alns_grid,0.85,R100_K10_tw0.85_cap0.85,,10,standard_alns,100,fixed_budget,620749.6110264382,2,10,16,,,0.85
0.85,36.3515031,0.07624164968175295,668076.5854104003,0.85,alns_grid,0.85,R100_K10_tw0.85_cap0.85,,10,qaoa,100,fixed_budget,620749.6110264382,2,10,16,,,0.85
0.85,30.4397046,0.026546017312029012,637228.0409471813,0.85,alns_grid,0.85,R100_K10_tw0.85_cap0.85,,10,efficient_su2,100,fixed_budget,620749.6110264382,2,10,16,,,0.85
0.85,21.851111300000014,0.027079018682145985,637558.901340358,0.85,alns_grid,0.85,R100_K10_tw0.85_cap0.85,,10,hybrid_alns,100,fixed_budget,620749.6110264382,2,10,16,,,0.85
0.85,,,,0.85,alns_grid,0.85,R100_K10_tw0.85_cap0.85,inf,10,regret_k,100,time_to_target,,2,10,16,0.01,inf,0.85
0.85,,,,0.85,alns_grid,0.85,R100_K10_tw0.85_cap0.85,90,10,standard_alns,100,time_to_target,,2,10,16,0.01,14.7749132,0.85
0.85,,,,0.85,alns_grid,0.85,R100_K10_tw0.85_cap0.85,inf,10,qaoa,100,time_to_target,,2,10,16,0.01,inf,0.85
0.85,,,,0.85,alns_grid,0.85,R100_K10_tw0.85_cap0.85,inf,10,efficient_su2,100,time_to_target,,2,10,16,0.01,inf,0.85
0.85,,,,0.85,alns_grid,0.85,R100_K10_tw0.85_cap0.85,inf,10,hybrid_alns,100,time_to_target,,2,10,16,0.01,inf,0.85
0.85,16.36653739999997,0.0,582716.9648776823,0.85,alns_grid,0.85,R100_K10_tw0.85_cap0.85,,10,regret_k,100,fixed_budget,582716.9648776823,2,20,16,,,0.85
0.85,16.214563399999975,0.044528581315497404,608664.524632158,0.85,alns_grid,0.85,R100_K10_tw0.85_cap0.85,,10,standard_alns,100,fixed_budget,582716.9648776823,2,20,16,,,0.85
0.85,29.68042969999999,0.0356532700668691,603492.7301990126,0.85,alns_grid,0.85,R100_K10_tw0.85_cap0.85,,10,qaoa,100,fixed_budget,582716.9648776823,2,20,16,,,0.85
0.85,30.423791600000015,0.017101136367499877,592682.0871577112,0.85,alns_grid,0.85,R100_K10_tw0.85_cap0.85,,10,efficient_su2,100,fixed_budget,582716.9648776823,2,20,16,,,0.85
0.85,22.753549700000008,0.017353960283546077,592829.4119427181,0.85,alns_grid,0.85,R100_K10_tw0.85_cap0.85,,10,hybrid_alns,100,fixed_budget,582716.9648776823,2,20,16,,,0.85
0.85,,,,0.85,alns_grid,0.85,R100_K10_tw0.85_cap0.85,55,10,regret_k,100,time_to_target,,2,20,16,0.01,9.380809699999986,0.85
0.85,,,,0.85,alns_grid,0.85,R100_K10_tw0.85_cap0.85,inf,10,standard_alns,100,time_to_target,,2,20,16,0.01,inf,0.85
0.85,,,,0.85,alns_grid,0.85,R100_K10_tw0.85_cap0.85,inf,10,qaoa,100,time_to_target,,2,20,16,0.01,inf,0.85
0.85,,,,0.85,alns_grid,0.85,R100_K10_tw0.85_cap0.85,inf,10,efficient_su2,100,time_to_target,,2,20,16,0.01,inf,0.85
0.85,,,,0.85,alns_grid,0.85,R100_K10_tw0.85_cap0.85,inf,10,hybrid_alns,100,time_to_target,,2,20,16,0.01,inf,0.85
0.85,16.425695400000052,0.0,614872.9359213457,0.85,alns_grid,0.85,R100_K10_tw0.85_cap0.85,,10,regret_k,100,fixed_budget,614872.9359213457,2,30,16,,,0.85
0.85,15.94650039999999,0.03501572218388577,636403.1558239578,0.85,alns_grid,0.85,R100_K10_tw0.85_cap0.85,,10,standard_alns,100,fixed_budget,614872.9359213457,2,30,16,,,0.85
0.85,30.187597700000083,0.0303598141068717,633540.3639552642,0.85,alns_grid,0.85,R100_K10_tw0.85_cap0.85,,10,qaoa,100,fixed_budget,614872.9359213457,2,30,16,,,0.85
0.85,29.908496600000035,0.017021610437070168,625339.0635048965,0.85,alns_grid,0.85,R100_K10_tw0.85_cap0.85,,10,efficient_su2,100,fixed_budget,614872.9359213457,2,30,16,,,0.85
0.85,23.02649180000003,0.07165158660959538,658929.5573434102,0.85,alns_grid,0.85,R100_K10_tw0.85_cap0.85,,10,hybrid_alns,100,fixed_budget,614872.9359213457,2,30,16,,,0.85
0.85,,,,0.85,alns_grid,0.85,R100_K10_tw0.85_cap0.85,69,10,regret_k,100,time_to_target,,2,30,16,0.01,11.516811700000005,0.85
0.85,,,,0.85,alns_grid,0.85,R100_K10_tw0.85_cap0.85,inf,10,standard_alns,100,time_to_target,,2,30,16,0.01,inf,0.85
0.85,,,,0.85,alns_grid,0.85,R100_K10_tw0.85_cap0.85,inf,10,qaoa,100,time_to_target,,2,30,16,0.01,inf,0.85
0.85,,,,0.85,alns_grid,0.85,R100_K10_tw0.85_cap0.85,inf,10,efficient_su2,100,time_to_target,,2,30,16,0.01,inf,0.85
0.85,,,,0.85,alns_grid,0.85,R100_K10_tw0.85_cap0.85,inf,10,hybrid_alns,100,time_to_target,,2,30,16,0.01,inf,0.85
0.85,16.66708719999997,0.01972518323746029,638844.8137792315,0.85,alns_grid,0.85,R100_K10_tw0.85_cap0.85,,10,regret_k,100,fixed_budget,626487.2382096164,2,40,16,,,0.85
0.85,15.935848400000054,0.015131257040645657,635966.7776436503,0.85,alns_grid,0.85,R100_K10_tw0.85_cap0.85,,10,standard_alns,100,fixed_budget,626487.2382096164,2,40,16,,,0.85
0.85,29.87961530000007,0.034634514321629235,648185.3194337053,0.85,alns_grid,0.85,R100_K10_tw0.85_cap0.85,,10,qaoa,100,fixed_budget,626487.2382096164,2,40,16,,,0.85
0.85,29.726197700000057,0.05033518398088189,658021.588606572,0.85,alns_grid,0.85,R100_K10_tw0.85_cap0.85,,10,efficient_su2,100,fixed_budget,626487.2382096164,2,40,16,,,0.85
0.85,21.22831009999993,0.0,626487.2382096164,0.85,alns_grid,0.85,R100_K10_tw0.85_cap0.85,,10,hybrid_alns,100,fixed_budget,626487.2382096164,2,40,16,,,0.85
0.85,,,,0.85,alns_grid,0.85,R100_K10_tw0.85_cap0.85,inf,10,regret_k,100,time_to_target,,2,40,16,0.01,inf,0.85
0.85,,,,0.85,alns_grid,0.85,R100_K10_tw0.85_cap0.85,inf,10,standard_alns,100,time_to_target,,2,40,16,0.01,inf,0.85
0.85,,,,0.85,alns_grid,0.85,R100_K10_tw0.85_cap0.85,inf,10,qaoa,100,time_to_target,,2,40,16,0.01,inf,0.85
0.85,,,,0.85,alns_grid,0.85,R100_K10_tw0.85_cap0.85,inf,10,efficient_su2,100,time_to_target,,2,40,16,0.01,inf,0.85
0.85,,,,0.85,alns_grid,0.85,R100_K10_tw0.85_cap0.85,72,10,hybrid_alns,100,time_to_target,,2,40,16,0.01,15.554568300000028,0.85
0.85,15.526769399999921,0.06699107298880562,648224.3766584717,0.85,alns_grid,0.85,R100_K10_tw0.85_cap0.85,,10,regret_k,100,fixed_budget,607525.5857977291,2,50,16,,,0.85
0.85,16.42957590000003,0.0,607525.5857977291,0.85,alns_grid,0.85,R100_K10_tw0.85_cap0.85,,10,standard_alns,100,fixed_budget,607525.5857977291,2,50,16,,,0.85
0.85,30.370441500000084,0.03822690820002492,630749.4105951852,0.85,alns_grid,0.85,R100_K10_tw0.85_cap0.85,,10,qaoa,100,fixed_budget,607525.5857977291,2,50,16,,,0.85
0.85,30.52169059999983,0.0607469679532055,644430.9230889361,0.85,alns_grid,0.85,R100_K10_tw0.85_cap0.85,,10,efficient_su2,100,fixed_budget,607525.5857977291,2,50,16,,,0.85
0.85,21.910045300000093,0.07073931036850549,650501.5267682828,0.85,alns_grid,0.85,R100_K10_tw0.85_cap0.85,,10,hybrid_alns,100,fixed_budget,607525.5857977291,2,50,16,,,0.85
0.85,,,,0.85,alns_grid,0.85,R100_K10_tw0.85_cap0.85,inf,10,regret_k,100,time_to_target,,2,50,16,0.01,inf,0.85
0.85,,,,0.85,alns_grid,0.85,R100_K10_tw0.85_cap0.85,94,10,standard_alns,100,time_to_target,,2,50,16,0.01,15.669533799999954,0.85
0.85,,,,0.85,alns_grid,0.85,R100_K10_tw0.85_cap0.85,inf,10,qaoa,100,time_to_target,,2,50,16,0.01,inf,0.85
0.85,,,,0.85,alns_grid,0.85,R100_K10_tw0.85_cap0.85,inf,10,efficient_su2,100,time_to_target,,2,50,16,0.01,inf,0.85
0.85,,,,0.85,alns_grid,0.85,R100_K10_tw0.85_cap0.85,inf,10,hybrid_alns,100,time_to_target,,2,50,16,0.01,inf,0.85
0.85,25.996282600000086,0.011276710479801909,821507.8206310774,0.85,alns_grid,0.85,R150_K15_tw0.85_cap0.85,,15,regret_k,150,fixed_budget,812347.2162641931,2,10,16,,,0.85
0.85,25.281661500000155,0.0,812347.2162641931,0.85,alns_grid,0.85,R150_K15_tw0.85_cap0.85,,15,standard_alns,150,fixed_budget,812347.2162641931,2,10,16,,,0.85
0.85,38.85398200000009,0.002339621650203281,814247.8013988471,0.85,alns_grid,0.85,R150_K15_tw0.85_cap0.85,,15,qaoa,150,fixed_budget,812347.2162641931,2,10,16,,,0.85
0.85,38.93932280000013,0.04027759577990859,845066.6090738162,0.85,alns_grid,0.85,R150_K15_tw0.85_cap0.85,,15,efficient_su2,150,fixed_budget,812347.2162641931,2,10,16,,,0.85
0.85,31.61701069999981,0.028626263395084627,835601.6816452356,0.85,alns_grid,0.85,R150_K15_tw0.85_cap0.85,,15,hybrid_alns,150,fixed_budget,812347.2162641931,2,10,16,,,0.85
0.85,,,,0.85,alns_grid,0.85,R150_K15_tw0.85_cap0.85,inf,15,regret_k,150,time_to_target,,2,10,16,0.01,inf,0.85
0.85,,,,0.85,alns_grid,0.85,R150_K15_tw0.85_cap0.85,91,15,standard_alns,150,time_to_target,,2,10,16,0.01,23.219664299999977,0.85
0.85,,,,0.85,alns_grid,0.85,R150_K15_tw0.85_cap0.85,68,15,qaoa,150,time_to_target,,2,10,16,0.01,26.87453090000008,0.85
0.85,,,,0.85,alns_grid,0.85,R150_K15_tw0.85_cap0.85,inf,15,efficient_su2,150,time_to_target,,2,10,16,0.01,inf,0.85
0.85,,,,0.85,alns_grid,0.85,R150_K15_tw0.85_cap0.85,inf,15,hybrid_alns,150,time_to_target,,2,10,16,0.01,inf,0.85
0.85,26.51463250000006,0.0040426695307765655,809805.1663265633,0.85,alns_grid,0.85,R150_K15_tw0.85_cap0.85,,15,regret_k,150,fixed_budget,806544.5731554546,2,20,16,,,0.85
0.85,26.170124100000066,0.010199492183732454,814770.9182251855,0.85,alns_grid,0.85,R150_K15_tw0.85_cap0.85,,15,standard_alns,150,fixed_budget,806544.5731554546,2,20,16,,,0.85
0.85,40.39427939999996,0.002011456855569252,808166.9027664503,0.85,alns_grid,0.85,R150_K15_tw0.85_cap0.85,,15,qaoa,150,fixed_budget,806544.5731554546,2,20,16,,,0.85
0.85,39.64356960000032,0.0,806544.5731554546,0.85,alns_grid,0.85,R150_K15_tw0.85_cap0.85,,15,efficient_su2,150,fixed_budget,806544.5731554546,2,20,16,,,0.85
0.85,30.807110000000193,0.01048608877337442,815002.0711492461,0.85,alns_grid,0.85,R150_K15_tw0.85_cap0.85,,15,hybrid_alns,150,fixed_budget,806544.5731554546,2,20,16,,,0.85
0.85,,,,0.85,alns_grid,0.85,R150_K15_tw0.85_cap0.85,72,15,regret_k,150,time_to_target,,2,20,16,0.01,19.70392979999997,0.85
0.85,,,,0.85,alns_grid,0.85,R150_K15_tw0.85_cap0.85,inf,15,standard_alns,150,time_to_target,,2,20,16,0.01,inf,0.85
0.85,,,,0.85,alns_grid,0.85,R150_K15_tw0.85_cap0.85,60,15,qaoa,150,time_to_target,,2,20,16,0.01,24.119895899999847,0.85
0.85,,,,0.85,alns_grid,0.85,R150_K15_tw0.85_cap0.85,62,15,efficient_su2,150,time_to_target,,2,20,16,0.01,25.02503330000036,0.85
0.85,,,,0.85,alns_grid,0.85,R150_K15_tw0.85_cap0.85,inf,15,hybrid_alns,150,time_to_target,,2,20,16,0.01,inf,0.85
0.85,26.194769500000348,0.03709237217302959,855028.6089494553,0.85,alns_grid,0.85,R150_K15_tw0.85_cap0.85,,15,regret_k,150,fixed_budget,824447.8812990454,2,30,16,,,0.85
0.85,25.262902100000247,0.01572325091147568,837410.8822001448,0.85,alns_grid,0.85,R150_K15_tw0.85_cap0.85,,15,standard_alns,150,fixed_budget,824447.8812990454,2,30,16,,,0.85
0.85,39.13515869999992,0.0,824447.8812990454,0.85,alns_grid,0.85,R150_K15_tw0.85_cap0.85,,15,qaoa,150,fixed_budget,824447.8812990454,2,30,16,,,0.85
0.85,40.103339100000085,0.010979432285627097,833499.850984797,0.85,alns_grid,0.85,R150_K15_tw0.85_cap0.85,,15,efficient_su2,150,fixed_budget,824447.8812990454,2,30,16,,,0.85
0.85,31.99283209999976,0.01951448046934821,840536.5533766511,0.85,alns_grid,0.85,R150_K15_tw0.85_cap0.85,,15,hybrid_alns,150,fixed_budget,824447.8812990454,2,30,16,,,0.85
0.85,,,,0.85,alns_grid,0.85,R150_K15_tw0.85_cap0.85,inf,15,regret_k,150,time_to_target,,2,30,16,0.01,inf,0.85
0.85,,,,0.85,alns_grid,0.85,R150_K15_tw0.85_cap0.85,inf,15,standard_alns,150,time_to_target,,2,30,16,0.01,inf,0.85
0.85,,,,0.85,alns_grid,0.85,R150_K15_tw0.85_cap0.85,88,15,qaoa,150,time_to_target,,2,30,16,0.01,34.923461999999745,0.85
0.85,,,,0.85,alns_grid,0.85,R150_K15_tw0.85_cap0.85,inf,15,efficient_su2,150,time_to_target,,2,30,16,0.01,inf,0.85
0.85,,,,0.85,alns_grid,0.85,R150_K15_tw0.85_cap0.85,inf,15,hybrid_alns,150,time_to_target,,2,30,16,0.01,inf,0.85
0.85,25.82793240000001,0.0328343322205457,833837.9335902042,0.85,alns_grid,0.85,R150_K15_tw0.85_cap0.85,,15,regret_k,150,fixed_budget,807329.7987659759,2,40,16,,,0.85
0.85,25.98329240000021,0.0,807329.7987659759,0.85,alns_grid,0.85,R150_K15_tw0.85_cap0.85,,15,standard_alns,150,fixed_budget,807329.7987659759,2,40,16,,,0.85
0.85,39.643345099999806,0.024221258444928718,826884.3424721789,0.85,alns_grid,0.85,R150_K15_tw0.85_cap0.85,,15,qaoa,150,fixed_budget,807329.7987659759,2,40,16,,,0.85
0.85,39.455836999999974,0.010955222671741678,816174.2764809895,0.85,alns_grid,0.85,R150_K15_tw0.85_cap0.85,,15,efficient_su2,150,fixed_budget,807329.7987659759,2,40,16,,,0.85
0.85,30.965908799999852,0.01936038024148319,822960.0106503653,0.85,alns_grid,0.85,R150_K15_tw0.85_cap0.85,,15,hybrid_alns,150,fixed_budget,807329.7987659759,2,40,16,,,0.85
0.85,,,,0.85,alns_grid,0.85,R150_K15_tw0.85_cap0.85,inf,15,regret_k,150,time_to_target,,2,40,16,0.01,inf,0.85
0.85,,,,0.85,alns_grid,0.85,R150_K15_tw0.85_cap0.85,90,15,standard_alns,150,time_to_target,,2,40,16,0.01,23.782654800000273,0.85
0.85,,,,0.85,alns_grid,0.85,R150_K15_tw0.85_cap0.85,inf,15,qaoa,150,time_to_target,,2,40,16,0.01,inf,0.85
0.85,,,,0.85,alns_grid,0.85,R150_K15_tw0.85_cap0.85,inf,15,efficient_su2,150,time_to_target,,2,40,16,0.01,inf,0.85
0.85,,,,0.85,alns_grid,0.85,R150_K15_tw0.85_cap0.85,inf,15,hybrid_alns,150,time_to_target,,2,40,16,0.01,inf,0.85
0.85,25.605252599999858,0.010292466639757724,882950.7331972823,0.85,alns_grid,0.85,R150_K15_tw0.85_cap0.85,,15,regret_k,150,fixed_budget,873955.5746010705,2,50,16,,,0.85
0.85,25.294320199999675,0.025467101926119277,896212.6902983361,0.85,alns_grid,0.85,R150_K15_tw0.85_cap0.85,,15,standard_alns,150,fixed_budget,873955.5746010705,2,50,16,,,0.85
0.85,39.01786949999996,0.0,873955.5746010705,0.85,alns_grid,0.85,R150_K15_tw0.85_cap0.85,,15,qaoa,150,fixed_budget,873955.5746010705,2,50,16,,,0.85
0.85,40.15003670000033,0.02500954498166251,895812.8058560307,0.85,alns_grid,0.85,R150_K15_tw0.85_cap0.85,,15,efficient_su2,150,fixed_budget,873955.5746010705,2,50,16,,,0.85
0.85,30.628161399999954,0.05013027784799487,917767.2103826262,0.85,alns_grid,0.85,R150_K15_tw0.85_cap0.85,,15,hybrid_alns,150,fixed_budget,873955.5746010705,2,50,16,,,0.85
0.85,,,,0.85,alns_grid,0.85,R150_K15_tw0.85_cap0.85,inf,15,regret_k,150,time_to_target,,2,50,16,0.01,inf,0.85
0.85,,,,0.85,alns_grid,0.85,R150_K15_tw0.85_cap0.85,inf,15,standard_alns,150,time_to_target,,2,50,16,0.01,inf,0.85
0.85,,,,0.85,alns_grid,0.85,R150_K15_tw0.85_cap0.85,58,15,qaoa,150,time_to_target,,2,50,16,0.01,22.793740999999955,0.85
0.85,,,,0.85,alns_grid,0.85,R150_K15_tw0.85_cap0.85,inf,15,efficient_su2,150,time_to_target,,2,50,16,0.01,inf,0.85
0.85,,,,0.85,alns_grid,0.85,R150_K15_tw0.85_cap0.85,inf,15,hybrid_alns,150,time_to_target,,2,50,16,0.01,inf,0.85
0.85,34.39884350000011,0.02098579352863478,1047274.5965387579,0.85,alns_grid,0.85,R200_K20_tw0.85_cap0.85,,20,regret_k,200,fixed_budget,1025748.4513268948,2,10,16,,,0.85
0.85,34.52018510000016,0.044779079911593044,1071680.5231980546,0.85,alns_grid,0.85,R200_K20_tw0.85_cap0.85,,20,standard_alns,200,fixed_budget,1025748.4513268948,2,10,16,,,0.85
0.85,48.64426579999963,0.0295088348824451,1056017.093008024,0.85,alns_grid,0.85,R200_K20_tw0.85_cap0.85,,20,qaoa,200,fixed_budget,1025748.4513268948,2,10,16,,,0.85
0.85,50.23939599999994,0.0,1025748.4513268948,0.85,alns_grid,0.85,R200_K20_tw0.85_cap0.85,,20,efficient_su2,200,fixed_budget,1025748.4513268948,2,10,16,,,0.85
0.85,39.60735389999991,0.022982409573184186,1049322.622354349,0.85,alns_grid,0.85,R200_K20_tw0.85_cap0.85,,20,hybrid_alns,200,fixed_budget,1025748.4513268948,2,10,16,,,0.85
0.85,,,,0.85,alns_grid,0.85,R200_K20_tw0.85_cap0.85,inf,20,regret_k,200,time_to_target,,2,10,16,0.01,inf,0.85
0.85,,,,0.85,alns_grid,0.85,R200_K20_tw0.85_cap0.85,inf,20,standard_alns,200,time_to_target,,2,10,16,0.01,inf,0.85
0.85,,,,0.85,alns_grid,0.85,R200_K20_tw0.85_cap0.85,inf,20,qaoa,200,time_to_target,,2,10,16,0.01,inf,0.85
0.85,,,,0.85,alns_grid,0.85,R200_K20_tw0.85_cap0.85,61,20,efficient_su2,200,time_to_target,,2,10,16,0.01,31.15797609999936,0.85
0.85,,,,0.85,alns_grid,0.85,R200_K20_tw0.85_cap0.85,inf,20,hybrid_alns,200,time_to_target,,2,10,16,0.01,inf,0.85
0.85,33.90087140000014,0.0,987998.3435744412,0.85,alns_grid,0.85,R200_K20_tw0.85_cap0.85,,20,regret_k,200,fixed_budget,987998.3435744412,2,20,16,,,0.85
0.85,34.381718999999975,0.028206093686526858,1015865.9174154352,0.85,alns_grid,0.85,R200_K20_tw0.85_cap0.85,,20,standard_alns,200,fixed_budget,987998.3435744412,2,20,16,,,0.85
0.85,48.91850169999998,0.008629662931652085,996524.4362565192,0.85,alns_grid,0.85,R200_K20_tw0.85_cap0.85,,20,qaoa,200,fixed_budget,987998.3435744412,2,20,16,,,0.85
0.85,48.877201799999966,0.010105296524699787,997982.3598021731,0.85,alns_grid,0.85,R200_K20_tw0.85_cap0.85,,20,efficient_su2,200,fixed_budget,987998.3435744412,2,20,16,,,0.85
0.85,39.124176199999965,0.029243915539203715,1016891.2836868053,0.85,alns_grid,0.85,R200_K20_tw0.85_cap0.85,,20,hybrid_alns,200,fixed_budget,987998.3435744412,2,20,16,,,0.85
0.85,,,,0.85,alns_grid,0.85,R200_K20_tw0.85_cap0.85,71,20,regret_k,200,time_to_target,,2,20,16,0.01,23.948692500000107,0.85
0.85,,,,0.85,alns_grid,0.85,R200_K20_tw0.85_cap0.85,inf,20,standard_alns,200,time_to_target,,2,20,16,0.01,inf,0.85
0.85,,,,0.85,alns_grid,0.85,R200_K20_tw0.85_cap0.85,98,20,qaoa,200,time_to_target,,2,20,16,0.01,48.34879499999988,0.85
0.85,,,,0.85,alns_grid,0.85,R200_K20_tw0.85_cap0.85,inf,20,efficient_su2,200,time_to_target,,2,20,16,0.01,inf,0.85
0.85,,,,0.85,alns_grid,0.85,R200_K20_tw0.85_cap0.85,inf,20,hybrid_alns,200,time_to_target,,2,20,16,0.01,inf,0.85
0.85,36.292077099999915,0.020636172004384404,1017479.416216657,0.85,alns_grid,0.85,R200_K20_tw0.85_cap0.85,,20,regret_k,200,fixed_budget,996907.0704386971,2,30,16,,,0.85
0.85,35.1142377999995,0.04990324204334774,1046655.9652695241,0.85,alns_grid,0.85,R200_K20_tw0.85_cap0.85,,20,standard_alns,200,fixed_budget,996907.0704386971,2,30,16,,,0.85
0.85,49.51011710000057,0.03157401748897792,1028383.4317156143,0.85,alns_grid,0.85,R200_K20_tw0.85_cap0.85,,20,qaoa,200,fixed_budget,996907.0704386971,2,30,16,,,0.85
0.85,49.33030560000043,0.0,996907.0704386971,0.85,alns_grid,0.85,R200_K20_tw0.85_cap0.85,,20,efficient_su2,200,fixed_budget,996907.0704386971,2,30,16,,,0.85
0.85,39.958755999999994,0.013931560376225949,1010795.5414800004,0.85,alns_grid,0.85,R200_K20_tw0.85_cap0.85,,20,hybrid_alns,200,fixed_budget,996907.0704386971,2,30,16,,,0.85
0.85,,,,0.85,alns_grid,0.85,R200_K20_tw0.85_cap0.85,inf,20,regret_k,200,time_to_target,,2,30,16,0.01,inf,0.85
0.85,,,,0.85,alns_grid,0.85,R200_K20_tw0.85_cap0.85,inf,20,standard_alns,200,time_to_target,,2,30,16,0.01,inf,0.85
0.85,,,,0.85,alns_grid,0.85,R200_K20_tw0.85_cap0.85,inf,20,qaoa,200,time_to_target,,2,30,16,0.01,inf,0.85
0.85,,,,0.85,alns_grid,0.85,R200_K20_tw0.85_cap0.85,73,20,efficient_su2,200,time_to_target,,2,30,16,0.01,36.0721293000006,0.85
0.85,,,,0.85,alns_grid,0.85,R200_K20_tw0.85_cap0.85,inf,20,hybrid_alns,200,time_to_target,,2,30,16,0.01,inf,0.85
0.85,35.01239990000067,0.0020374230159720054,1065485.365191152,0.85,alns_grid,0.85,R200_K20_tw0.85_cap0.85,,20,regret_k,200,fixed_budget,1063318.9347202342,2,40,16,,,0.85
0.85,34.842311499999596,0.024331705985922086,1089191.2984091109,0.85,alns_grid,0.85,R200_K20_tw0.85_cap0.85,,20,standard_alns,200,fixed_budget,1063318.9347202342,2,40,16,,,0.85
0.85,47.44433930000014,0.0,1063318.9347202342,0.85,alns_grid,0.85,R200_K20_tw0.85_cap0.85,,20,qaoa,200,fixed_budget,1063318.9347202342,2,40,16,,,0.85
0.85,48.00460389999989,0.01188326698328863,1075954.6375099008,0.85,alns_grid,0.85,R200_K20_tw0.85_cap0.85,,20,efficient_su2,200,fixed_budget,1063318.9347202342,2,40,16,,,0.85
0.85,40.67026189999979,0.008785026010673238,1072660.2192193929,0.85,alns_grid,0.85,R200_K20_tw0.85_cap0.85,,20,hybrid_alns,200,fixed_budget,1063318.9347202342,2,40,16,,,0.85
0.85,,,,0.85,alns_grid,0.85,R200_K20_tw0.85_cap0.85,79,20,regret_k,200,time_to_target,,2,40,16,0.01,27.896805000000313,0.85
0.85,,,,0.85,alns_grid,0.85,R200_K20_tw0.85_cap0.85,inf,20,standard_alns,200,time_to_target,,2,40,16,0.01,inf,0.85
0.85,,,,0.85,alns_grid,0.85,R200_K20_tw0.85_cap0.85,74,20,qaoa,200,time_to_target,,2,40,16,0.01,35.57012059999943,0.85
0.85,,,,0.85,alns_grid,0.85,R200_K20_tw0.85_cap0.85,inf,20,efficient_su2,200,time_to_target,,2,40,16,0.01,inf,0.85
0.85,,,,0.85,alns_grid,0.85,R200_K20_tw0.85_cap0.85,97,20,hybrid_alns,200,time_to_target,,2,40,16,0.01,39.830352400000265,0.85
0.85,36.328944599999886,0.01747338889940572,1049038.4421478556,0.85,alns_grid,0.85,R200_K20_tw0.85_cap0.85,,20,regret_k,200,fixed_budget,1031022.9767115518,2,50,16,,,0.85
0.85,36.044815799999924,0.02753707565431707,1059414.334422597,0.85,alns_grid,0.85,R200_K20_tw0.85_cap0.85,,20,standard_alns,200,fixed_budget,1031022.9767115518,2,50,16,,,0.85
0.85,50.130238600000666,0.0,1031022.9767115518,0.85,alns_grid,0.85,R200_K20_tw0.85_cap0.85,,20,qaoa,200,fixed_budget,1031022.9767115518,2,50,16,,,0.85
0.85,49.98768270000073,0.015061021399706543,1046551.2358273936,0.85,alns_grid,0.85,R200_K20_tw0.85_cap0.85,,20,efficient_su2,200,fixed_budget,1031022.9767115518,2,50,16,,,0.85
0.85,41.92061629999989,0.028822581245688098,1060739.7202239917,0.85,alns_grid,0.85,R200_K20_tw0.85_cap0.85,,20,hybrid_alns,200,fixed_budget,1031022.9767115518,2,50,16,,,0.85
0.85,,,,0.85,alns_grid,0.85,R200_K20_tw0.85_cap0.85,inf,20,regret_k,200,time_to_target,,2,50,16,0.01,inf,0.85
0.85,,,,0.85,alns_grid,0.85,R200_K20_tw0.85_cap0.85,inf,20,standard_alns,200,time_to_target,,2,50,16,0.01,inf,0.85
0.85,,,,0.85,alns_grid,0.85,R200_K20_tw0.85_cap0.85,93,20,qaoa,200,time_to_target,,2,50,16,0.01,47.067092799999955,0.85
0.85,,,,0.85,alns_grid,0.85,R200_K20_tw0.85_cap0.85,inf,20,efficient_su2,200,time_to_target,,2,50,16,0.01,inf,0.85
0.85,,,,0.85,alns_grid,0.85,R200_K20_tw0.85_cap0.85,inf,20,hybrid_alns,200,time_to_target,,2,50,16,0.01,inf,0.85
0.85,17.386586399999942,0.07282359463098927,665954.8290671718,0.85,alns_grid,0.85,R100_K10_tw0.85_cap0.85,,10,regret_k,100,fixed_budget,620749.6110264382,2,10,128,,,0.85
0.85,15.720378300000448,0.0,620749.6110264382,0.85,alns_grid,0.85,R100_K10_tw0.85_cap0.85,,10,standard_alns,100,fixed_budget,620749.6110264382,2,10,128,,,0.85
0.85,34.711341500000344,0.04504613802240336,648711.9836820883,0.85,alns_grid,0.85,R100_K10_tw0.85_cap0.85,,10,qaoa,100,fixed_budget,620749.6110264382,2,10,128,,,0.85
0.85,35.365889500000776,0.05190884978172479,652972.0093372737,0.85,alns_grid,0.85,R100_K10_tw0.85_cap0.85,,10,efficient_su2,100,fixed_budget,620749.6110264382,2,10,128,,,0.85
0.85,24.04205920000095,0.012484666450339948,628499.4628692815,0.85,alns_grid,0.85,R100_K10_tw0.85_cap0.85,,10,hybrid_alns,100,fixed_budget,620749.6110264382,2,10,128,,,0.85
0.85,,,,0.85,alns_grid,0.85,R100_K10_tw0.85_cap0.85,inf,10,regret_k,100,time_to_target,,2,10,128,0.01,inf,0.85
0.85,,,,0.85,alns_grid,0.85,R100_K10_tw0.85_cap0.85,90,10,standard_alns,100,time_to_target,,2,10,128,0.01,14.210292899999331,0.85
0.85,,,,0.85,alns_grid,0.85,R100_K10_tw0.85_cap0.85,inf,10,qaoa,100,time_to_target,,2,10,128,0.01,inf,0.85
0.85,,,,0.85,alns_grid,0.85,R100_K10_tw0.85_cap0.85,inf,10,efficient_su2,100,time_to_target,,2,10,128,0.01,inf,0.85
0.85,,,,0.85,alns_grid,0.85,R100_K10_tw0.85_cap0.85,inf,10,hybrid_alns,100,time_to_target,,2,10,128,0.01,inf,0.85
0.85,15.804246100000455,0.0,582716.9648776823,0.85,alns_grid,0.85,R100_K10_tw0.85_cap0.85,,10,regret_k,100,fixed_budget,582716.9648776823,2,20,128,,,0.85
0.85,15.571217100001377,0.044528581315497404,608664.524632158,0.85,alns_grid,0.85,R100_K10_tw0.85_cap0.85,,10,standard_alns,100,fixed_budget,582716.9648776823,2,20,128,,,0.85
0.85,34.491909600001236,0.027344983762885324,598651.3508206203,0.85,alns_grid,0.85,R100_K10_tw0.85_cap0.85,,10,qaoa,100,fixed_budget,582716.9648776823,2,20,128,,,0.85
0.85,35.31735570000092,0.018207719958313415,593326.9121891335,0.85,alns_grid,0.85,R100_K10_tw0.85_cap0.85,,10,efficient_su2,100,fixed_budget,582716.9648776823,2,20,128,,,0.85
0.85,22.45014600000104,0.044231132948186015,608491.1964223505,0.85,alns_grid,0.85,R100_K10_tw0.85_cap0.85,,10,hybrid_alns,100,fixed_budget,582716.9648776823,2,20,128,,,0.85
0.85,,,,0.85,alns_grid,0.85,R100_K10_tw0.85_cap0.85,55,10,regret_k,100,time_to_target,,2,20,128,0.01,9.047546800000418,0.85
0.85,,,,0.85,alns_grid,0.85,R100_K10_tw0.85_cap0.85,inf,10,standard_alns,100,time_to_target,,2,20,128,0.01,inf,0.85
0.85,,,,0.85,alns_grid,0.85,R100_K10_tw0.85_cap0.85,inf,10,qaoa,100,time_to_target,,2,20,128,0.01,inf,0.85
0.85,,,,0.85,alns_grid,0.85,R100_K10_tw0.85_cap0.85,inf,10,efficient_su2,100,time_to_target,,2,20,128,0.01,inf,0.85
0.85,,,,0.85,alns_grid,0.85,R100_K10_tw0.85_cap0.85,inf,10,hybrid_alns,100,time_to_target,,2,20,128,0.01,inf,0.85
0.85,16.37521629999901,0.0,614872.9359213457,0.85,alns_grid,0.85,R100_K10_tw0.85_cap0.85,,10,regret_k,100,fixed_budget,614872.9359213457,2,30,128,,,0.85
0.85,15.693343599999935,0.03501572218388577,636403.1558239578,0.85,alns_grid,0.85,R100_K10_tw0.85_cap0.85,,10,standard_alns,100,fixed_budget,614872.9359213457,2,30,128,,,0.85
0.85,35.38491740000063,0.03358949089702876,635526.2048053051,0.85,alns_grid,0.85,R100_K10_tw0.85_cap0.85,,10,qaoa,100,fixed_budget,614872.9359213457,2,30,128,,,0.85
0.85,36.15821909999977,0.06044028932592222,652036.0340671111,0.85,alns_grid,0.85,R100_K10_tw0.85_cap0.85,,10,efficient_su2,100,fixed_budget,614872.9359213457,2,30,128,,,0.85
0.85,23.604040999998688,0.02991734291280124,633268.3003931055,0.85,alns_grid,0.85,R100_K10_tw0.85_cap0.85,,10,hybrid_alns,100,fixed_budget,614872.9359213457,2,30,128,,,0.85
0.85,,,,0.85,alns_grid,0.85,R100_K10_tw0.85_cap0.85,69,10,regret_k,100,time_to_target,,2,30,128,0.01,11.660771200000454,0.85
0.85,,,,0.85,alns_grid,0.85,R100_K10_tw0.85_cap0.85,inf,10,standard_alns,100,time_to_target,,2,30,128,0.01,inf,0.85
0.85,,,,0.85,alns_grid,0.85,R100_K10_tw0.85_cap0.85,inf,10,qaoa,100,time_to_target,,2,30,128,0.01,inf,0.85
0.85,,,,0.85,alns_grid,0.85,R100_K10_tw0.85_cap0.85,inf,10,efficient_su2,100,time_to_target,,2,30,128,0.01,inf,0.85
0.85,,,,0.85,alns_grid,0.85,R100_K10_tw0.85_cap0.85,inf,10,hybrid_alns,100,time_to_target,,2,30,128,0.01,inf,0.85
0.85,15.68477460000031,0.008504823198100335,638844.8137792315,0.85,alns_grid,0.85,R100_K10_tw0.85_cap0.85,,10,regret_k,100,fixed_budget,633457.3708367316,2,40,128,,,0.85
0.85,15.443063300001086,0.003961445430185791,635966.7776436503,0.85,alns_grid,0.85,R100_K10_tw0.85_cap0.85,,10,standard_alns,100,fixed_budget,633457.3708367316,2,40,128,,,0.85
0.85,35.29956910000146,0.04245894243388636,660353.3008794094,0.85,alns_grid,0.85,R100_K10_tw0.85_cap0.85,,10,qaoa,100,fixed_budget,633457.3708367316,2,40,128,,,0.85
0.85,36.45082079999884,0.020624300628834816,646521.9860884197,0.85,alns_grid,0.85,R100_K10_tw0.85_cap0.85,,10,efficient_su2,100,fixed_budget,633457.3708367316,2,40,128,,,0.85
0.85,21.81731690000015,0.0,633457.3708367316,0.85,alns_grid,0.85,R100_K10_tw0.85_cap0.85,,10,hybrid_alns,100,fixed_budget,633457.3708367316,2,40,128,,,0.85
0.85,,,,0.85,alns_grid,0.85,R100_K10_tw0.85_cap0.85,89,10,regret_k,100,time_to_target,,2,40,128,0.01,14.000111900000775,0.85
0.85,,,,0.85,alns_grid,0.85,R100_K10_tw0.85_cap0.85,87,10,standard_alns,100,time_to_target,,2,40,128,0.01,13.604791400000977,0.85
0.85,,,,0.85,alns_grid,0.85,R100_K10_tw0.85_cap0.85,inf,10,qaoa,100,time_to_target,,2,40,128,0.01,inf,0.85
0.85,,,,0.85,alns_grid,0.85,R100_K10_tw0.85_cap0.85,inf,10,efficient_su2,100,time_to_target,,2,40,128,0.01,inf,0.85
0.85,,,,0.85,alns_grid,0.85,R100_K10_tw0.85_cap0.85,67,10,hybrid_alns,100,time_to_target,,2,40,128,0.01,14.892701599999782,0.85
0.85,15.175488299999415,0.06699107298880562,648224.3766584717,0.85,alns_grid,0.85,R100_K10_tw0.85_cap0.85,,10,regret_k,100,fixed_budget,607525.5857977291,2,50,128,,,0.85
0.85,16.268647499999133,0.0,607525.5857977291,0.85,alns_grid,0.85,R100_K10_tw0.85_cap0.85,,10,standard_alns,100,fixed_budget,607525.5857977291,2,50,128,,,0.85
0.85,35.11007530000097,0.048036669532456874,636709.0915952069,0.85,alns_grid,0.85,R100_K10_tw0.85_cap0.85,,10,qaoa,100,fixed_budget,607525.5857977291,2,50,128,,,0.85
0.85,35.2480069000012,0.029740002950957484,625593.3985121357,0.85,alns_grid,0.85,R100_K10_tw0.85_cap0.85,,10,efficient_su2,100,fixed_budget,607525.5857977291,2,50,128,,,0.85
0.85,21.48390550000113,0.0777123544185833,654737.8294395996,0.85,alns_grid,0.85,R100_K10_tw0.85_cap0.85,,10,hybrid_alns,100,fixed_budget,607525.5857977291,2,50,128,,,0.85
0.85,,,,0.85,alns_grid,0.85,R100_K10_tw0.85_cap0.85,inf,10,regret_k,100,time_to_target,,2,50,128,0.01,inf,0.85
0.85,,,,0.85,alns_grid,0.85,R100_K10_tw0.85_cap0.85,94,10,standard_alns,100,time_to_target,,2,50,128,0.01,15.418274600000586,0.85
0.85,,,,0.85,alns_grid,0.85,R100_K10_tw0.85_cap0.85,inf,10,qaoa,100,time_to_target,,2,50,128,0.01,inf,0.85
0.85,,,,0.85,alns_grid,0.85,R100_K10_tw0.85_cap0.85,inf,10,efficient_su2,100,time_to_target,,2,50,128,0.01,inf,0.85
0.85,,,,0.85,alns_grid,0.85,R100_K10_tw0.85_cap0.85,inf,10,hybrid_alns,100,time_to_target,,2,50,128,0.01,inf,0.85
0.85,24.52297390000058,0.011276710479801909,821507.8206310774,0.85,alns_grid,0.85,R150_K15_tw0.85_cap0.85,,15,regret_k,150,fixed_budget,812347.2162641931,2,10,128,,,0.85
0.85,24.692666199998712,0.0,812347.2162641931,0.85,alns_grid,0.85,R150_K15_tw0.85_cap0.85,,15,standard_alns,150,fixed_budget,812347.2162641931,2,10,128,,,0.85
0.85,44.47348189999866,0.0208773213909062,829306.8501791486,0.85,alns_grid,0.85,R150_K15_tw0.85_cap0.85,,15,qaoa,150,fixed_budget,812347.2162641931,2,10,128,,,0.85
0.85,44.094783800001096,0.02949397959644247,836306.568485916,0.85,alns_grid,0.85,R150_K15_tw0.85_cap0.85,,15,efficient_su2,150,fixed_budget,812347.2162641931,2,10,128,,,0.85
0.85,32.11598210000011,0.014420449777818435,824061.6284984815,0.85,alns_grid,0.85,R150_K15_tw0.85_cap0.85,,15,hybrid_alns,150,fixed_budget,812347.2162641931,2,10,128,,,0.85
0.85,,,,0.85,alns_grid,0.85,R150_K15_tw0.85_cap0.85,inf,15,regret_k,150,time_to_target,,2,10,128,0.01,inf,0.85
0.85,,,,0.85,alns_grid,0.85,R150_K15_tw0.85_cap0.85,91,15,standard_alns,150,time_to_target,,2,10,128,0.01,22.662243299999318,0.85
0.85,,,,0.85,alns_grid,0.85,R150_K15_tw0.85_cap0.85,inf,15,qaoa,150,time_to_target,,2,10,128,0.01,inf,0.85
0.85,,,,0.85,alns_grid,0.85,R150_K15_tw0.85_cap0.85,inf,15,efficient_su2,150,time_to_target,,2,10,128,0.01,inf,0.85
0.85,,,,0.85,alns_grid,0.85,R150_K15_tw0.85_cap0.85,inf,15,hybrid_alns,150,time_to_target,,2,10,128,0.01,inf,0.85
0.85,25.002424500000416,0.005636337216947544,809805.1663265633,0.85,alns_grid,0.85,R150_K15_tw0.85_cap0.85,,15,regret_k,150,fixed_budget,805266.4132718812,2,20,128,,,0.85
0.85,25.018624599999384,0.0118029322925397,814770.9182251855,0.85,alns_grid,0.85,R150_K15_tw0.85_cap0.85,,15,standard_alns,150,fixed_budget,805266.4132718812,2,20,128,,,0.85
0.85,45.09610090000024,0.0010859732272571862,806140.9110375039,0.85,alns_grid,0.85,R150_K15_tw0.85_cap0.85,,15,qaoa,150,fixed_budget,805266.4132718812,2,20,128,,,0.85
0.85,44.19790970000031,0.003404957930552978,808008.3115319592,0.85,alns_grid,0.85,R150_K15_tw0.85_cap0.85,,15,efficient_su2,150,fixed_budget,805266.4132718812,2,20,128,,,0.85
0.85,31.24328929999865,0.0,805266.4132718812,0.85,alns_grid,0.85,R150_K15_tw0.85_cap0.85,,15,hybrid_alns,150,fixed_budget,805266.4132718812,2,20,128,,,0.85
0.85,,,,0.85,alns_grid,0.85,R150_K15_tw0.85_cap0.85,83,15,regret_k,150,time_to_target,,2,20,128,0.01,21.046932000001107,0.85
0.85,,,,0.85,alns_grid,0.85,R150_K15_tw0.85_cap0.85,inf,15,standard_alns,150,time_to_target,,2,20,128,0.01,inf,0.85
0.85,,,,0.85,alns_grid,0.85,R150_K15_tw0.85_cap0.85,93,15,qaoa,150,time_to_target,,2,20,128,0.01,42.232874999999694,0.85
0.85,,,,0.85,alns_grid,0.85,R150_K15_tw0.85_cap0.85,75,15,efficient_su2,150,time_to_target,,2,20,128,0.01,32.93474480000077,0.85
0.85,,,,0.85,alns_grid,0.85,R150_K15_tw0.85_cap0.85,62,15,hybrid_alns,150,time_to_target,,2,20,128,0.01,20.376581099999385,0.85
0.85,26.376527200000055,0.04462608069034992,855028.6089494553,0.85,alns_grid,0.85,R150_K15_tw0.85_cap0.85,,15,regret_k,150,fixed_budget,818502.0695485628,2,30,128,,,0.85
0.85,25.463892900001156,0.023101728578415255,837410.8822001448,0.85,alns_grid,0.85,R150_K15_tw0.85_cap0.85,,15,standard_alns,150,fixed_budget,818502.0695485628,2,30,128,,,0.85
0.85,44.555314299999736,0.018946963463492724,834010.1983550926,0.85,alns_grid,0.85,R150_K15_tw0.85_cap0.85,,15,qaoa,150,fixed_budget,818502.0695485628,2,30,128,,,0.85
0.85,44.39973199999986,0.03143766717500661,844233.8651930846,0.85,alns_grid,0.85,R150_K15_tw0.85_cap0.85,,15,efficient_su2,150,fixed_budget,818502.0695485628,2,30,128,,,0.85
0.85,32.17893520000143,0.0,818502.0695485628,0.85,alns_grid,0.85,R150_K15_tw0.85_cap0.85,,15,hybrid_alns,150,fixed_budget,818502.0695485628,2,30,128,,,0.85
0.85,,,,0.85,alns_grid,0.85,R150_K15_tw0.85_cap0.85,inf,15,regret_k,150,time_to_target,,2,30,128,0.01,inf,0.85
0.85,,,,0.85,alns_grid,0.85,R150_K15_tw0.85_cap0.85,inf,15,standard_alns,150,time_to_target,,2,30,128,0.01,inf,0.85
0.85,,,,0.85,alns_grid,0.85,R150_K15_tw0.85_cap0.85,inf,15,qaoa,150,time_to_target,,2,30,128,0.01,inf,0.85
0.85,,,,0.85,alns_grid,0.85,R150_K15_tw0.85_cap0.85,inf,15,efficient_su2,150,time_to_target,,2,30,128,0.01,inf,0.85
0.85,,,,0.85,alns_grid,0.85,R150_K15_tw0.85_cap0.85,87,15,hybrid_alns,150,time_to_target,,2,30,128,0.01,28.05082080000102,0.85
0.85,25.230475500000466,0.0328343322205457,833837.9335902042,0.85,alns_grid,0.85,R150_K15_tw0.85_cap0.85,,15,regret_k,150,fixed_budget,807329.7987659759,2,40,128,,,0.85
0.85,26.46118909999859,0.0,807329.7987659759,0.85,alns_grid,0.85,R150_K15_tw0.85_cap0.85,,15,standard_alns,150,fixed_budget,807329.7987659759,2,40,128,,,0.85
0.85,43.33653830000003,0.035000279423063864,835586.5673093509,0.85,alns_grid,0.85,R150_K15_tw0.85_cap0.85,,15,qaoa,150,fixed_budget,807329.7987659759,2,40,128,,,0.85
0.85,44.47326740000062,0.02099750583518151,824281.7109264804,0.85,alns_grid,0.85,R150_K15_tw0.85_cap0.85,,15,efficient_su2,150,fixed_budget,807329.7987659759,2,40,128,,,0.85
0.85,33.55026739999994,0.02701805249913137,829142.2776531482,0.85,alns_grid,0.85,R150_K15_tw0.85_cap0.85,,15,hybrid_alns,150,fixed_budget,807329.7987659759,2,40,128,,,0.85
0.85,,,,0.85,alns_grid,0.85,R150_K15_tw0.85_cap0.85,inf,15,regret_k,150,time_to_target,,2,40,128,0.01,inf,0.85
0.85,,,,0.85,alns_grid,0.85,R150_K15_tw0.85_cap0.85,90,15,standard_alns,150,time_to_target,,2,40,128,0.01,24.26483729999927,0.85
0.85,,,,0.85,alns_grid,0.85,R150_K15_tw0.85_cap0.85,inf,15,qaoa,150,time_to_target,,2,40,128,0.01,inf,0.85
0.85,,,,0.85,alns_grid,0.85,R150_K15_tw0.85_cap0.85,inf,15,efficient_su2,150,time_to_target,,2,40,128,0.01,inf,0.85
0.85,,,,0.85,alns_grid,0.85,R150_K15_tw0.85_cap0.85,inf,15,hybrid_alns,150,time_to_target,,2,40,128,0.01,inf,0.85
0.85,25.7429000000011,0.0,882950.7331972823,0.85,alns_grid,0.85,R150_K15_tw0.85_cap0.85,,15,regret_k,150,fixed_budget,882950.7331972823,2,50,128,,,0.85
0.85,25.952380099999573,0.015020042005096339,896212.6902983361,0.85,alns_grid,0.85,R150_K15_tw0.85_cap0.85,,15,standard_alns,150,fixed_budget,882950.7331972823,2,50,128,,,0.85
0.85,46.31506349999836,0.025352355586896205,905335.6141510105,0.85,alns_grid,0.85,R150_K15_tw0.85_cap0.85,,15,qaoa,150,fixed_budget,882950.7331972823,2,50,128,,,0.85
0.85,47.54267110000001,0.003862102145904343,886360.7791186913,0.85,alns_grid,0.85,R150_K15_tw0.85_cap0.85,,15,efficient_su2,150,fixed_budget,882950.7331972823,2,50,128,,,0.85
0.85,34.036375300000145,0.017360247351149247,898278.9763244657,0.85,alns_grid,0.85,R150_K15_tw0.85_cap0.85,,15,hybrid_alns,150,fixed_budget,882950.7331972823,2,50,128,,,0.85
0.85,,,,0.85,alns_grid,0.85,R150_K15_tw0.85_cap0.85,87,15,regret_k,150,time_to_target,,2,50,128,0.01,22.5936827000005,0.85
0.85,,,,0.85,alns_grid,0.85,R150_K15_tw0.85_cap0.85,inf,15,standard_alns,150,time_to_target,,2,50,128,0.01,inf,0.85
0.85,,,,0.85,alns_grid,0.85,R150_K15_tw0.85_cap0.85,inf,15,qaoa,150,time_to_target,,2,50,128,0.01,inf,0.85
0.85,,,,0.85,alns_grid,0.85,R150_K15_tw0.85_cap0.85,77,15,efficient_su2,150,time_to_target,,2,50,128,0.01,36.19338919999973,0.85
0.85,,,,0.85,alns_grid,0.85,R150_K15_tw0.85_cap0.85,inf,15,hybrid_alns,150,time_to_target,,2,50,128,0.01,inf,0.85
0.85,34.73564609999994,0.00784295028088683,1047274.5965387579,0.85,alns_grid,0.85,R200_K20_tw0.85_cap0.85,,20,regret_k,200,fixed_budget,1039124.7924558895,2,10,128,,,0.85
0.85,35.14363299999968,0.03132995283966059,1071680.5231980546,0.85,alns_grid,0.85,R200_K20_tw0.85_cap0.85,,20,standard_alns,200,fixed_budget,1039124.7924558895,2,10,128,,,0.85
0.85,56.70416930000101,0.013929340714907378,1053599.115735315,0.85,alns_grid,0.85,R200_K20_tw0.85_cap0.85,,20,qaoa,200,fixed_budget,1039124.7924558895,2,10,128,,,0.85
0.85,56.07463199999984,0.0,1039124.7924558895,0.85,alns_grid,0.85,R200_K20_tw0.85_cap0.85,,20,efficient_su2,200,fixed_budget,1039124.7924558895,2,10,128,,,0.85
0.85,42.82086589999926,0.012380930263968852,1051990.124046847,0.85,alns_grid,0.85,R200_K20_tw0.85_cap0.85,,20,hybrid_alns,200,fixed_budget,1039124.7924558895,2,10,128,,,0.85
0.85,,,,0.85,alns_grid,0.85,R200_K20_tw0.85_cap0.85,87,20,regret_k,200,time_to_target,,2,10,128,0.01,30.434651100000337,0.85
0.85,,,,0.85,alns_grid,0.85,R200_K20_tw0.85_cap0.85,inf,20,standard_alns,200,time_to_target,,2,10,128,0.01,inf,0.85
0.85,,,,0.85,alns_grid,0.85,R200_K20_tw0.85_cap0.85,inf,20,qaoa,200,time_to_target,,2,10,128,0.01,inf,0.85
0.85,,,,0.85,alns_grid,0.85,R200_K20_tw0.85_cap0.85,70,20,efficient_su2,200,time_to_target,,2,10,128,0.01,38.86403710000013,0.85
0.85,,,,0.85,alns_grid,0.85,R200_K20_tw0.85_cap0.85,inf,20,hybrid_alns,200,time_to_target,,2,10,128,0.01,inf,0.85
0.85,34.40609580000091,0.0,987998.3435744412,0.85,alns_grid,0.85,R200_K20_tw0.85_cap0.85,,20,regret_k,200,fixed_budget,987998.3435744412,2,20,128,,,0.85
0.85,35.092068399999334,0.028206093686526858,1015865.9174154352,0.85,alns_grid,0.85,R200_K20_tw0.85_cap0.85,,20,standard_alns,200,fixed_budget,987998.3435744412,2,20,128,,,0.85
0.85,55.43889780000063,0.012324231495639791,1000174.6638779612,0.85,alns_grid,0.85,R200_K20_tw0.85_cap0.85,,20,qaoa,200,fixed_budget,987998.3435744412,2,20,128,,,0.85
0.85,55.12573850000081,0.003719894774881242,991673.593450295,0.85,alns_grid,0.85,R200_K20_tw0.85_cap0.85,,20,efficient_su2,200,fixed_budget,987998.3435744412,2,20,128,,,0.85
0.85,42.34624509999958,0.017779211915363035,1005564.1754968788,0.85,alns_grid,0.85,R200_K20_tw0.85_cap0.85,,20,hybrid_alns,200,fixed_budget,987998.3435744412,2,20,128,,,0.85
0.85,,,,0.85,alns_grid,0.85,R200_K20_tw0.85_cap0.85,71,20,regret_k,200,time_to_target,,2,20,128,0.01,24.357553499999995,0.85
0.85,,,,0.85,alns_grid,0.85,R200_K20_tw0.85_cap0.85,inf,20,standard_alns,200,time_to_target,,2,20,128,0.01,inf,0.85
0.85,,,,0.85,alns_grid,0.85,R200_K20_tw0.85_cap0.85,inf,20,qaoa,200,time_to_target,,2,20,128,0.01,inf,0.85
0.85,,,,0.85,alns_grid,0.85,R200_K20_tw0.85_cap0.85,61,20,efficient_su2,200,time_to_target,,2,20,128,0.01,32.380235800001174,0.85
0.85,,,,0.85,alns_grid,0.85,R200_K20_tw0.85_cap0.85,inf,20,hybrid_alns,200,time_to_target,,2,20,128,0.01,inf,0.85
0.85,36.68156409999938,0.0042862032737344975,1017479.416216657,0.85,alns_grid,0.85,R200_K20_tw0.85_cap0.85,,20,regret_k,200,fixed_budget,1013136.9054955806,2,30,128,,,0.85
0.85,36.29349229999934,0.03308443270808253,1046655.9652695241,0.85,alns_grid,0.85,R200_K20_tw0.85_cap0.85,,20,standard_alns,200,fixed_budget,1013136.9054955806,2,30,128,,,0.85
0.85,56.34778229999938,0.014170501094587253,1027493.5631238725,0.85,alns_grid,0.85,R200_K20_tw0.85_cap0.85,,20,qaoa,200,fixed_budget,1013136.9054955806,2,30,128,,,0.85
0.85,54.837273499999355,0.01828743351675131,1031664.5792981982,0.85,alns_grid,0.85,R200_K20_tw0.85_cap0.85,,20,efficient_su2,200,fixed_budget,1013136.9054955806,2,30,128,,,0.85
0.85,44.27026440000009,0.0,1013136.9054955806,0.85,alns_grid,0.85,R200_K20_tw0.85_cap0.85,,20,hybrid_alns,200,fixed_budget,1013136.9054955806,2,30,128,,,0.85
0.85,,,,0.85,alns_grid,0.85,R200_K20_tw0.85_cap0.85,97,20,regret_k,200,time_to_target,,2,30,128,0.01,35.91309000000001,0.85
0.85,,,,0.85,alns_grid,0.85,R200_K20_tw0.85_cap0.85,inf,20,standard_alns,200,time_to_target,,2,30,128,0.01,inf,0.85
0.85,,,,0.85,alns_grid,0.85,R200_K20_tw0.85_cap0.85,inf,20,qaoa,200,time_to_target,,2,30,128,0.01,inf,0.85
0.85,,,,0.85,alns_grid,0.85,R200_K20_tw0.85_cap0.85,inf,20,efficient_su2,200,time_to_target,,2,30,128,0.01,inf,0.85
0.85,,,,0.85,alns_grid,0.85,R200_K20_tw0.85_cap0.85,81,20,hybrid_alns,200,time_to_target,,2,30,128,0.01,36.487709500001074,0.85
0.85,34.89846460000081,0.0,1065485.365191152,0.85,alns_grid,0.85,R200_K20_tw0.85_cap0.85,,20,regret_k,200,fixed_budget,1065485.365191152,2,40,128,,,0.85
0.85,35.65533409999989,0.022248952442163152,1089191.2984091109,0.85,alns_grid,0.85,R200_K20_tw0.85_cap0.85,,20,standard_alns,200,fixed_budget,1065485.365191152,2,40,128,,,0.85
0.85,55.95964950000052,0.0007172239529198792,1066249.5568165528,0.85,alns_grid,0.85,R200_K20_tw0.85_cap0.85,,20,qaoa,200,fixed_budget,1065485.365191152,2,40,128,,,0.85
0.85,56.10251010000138,0.01554433971192548,1082047.6316657683,0.85,alns_grid,0.85,R200_K20_tw0.85_cap0.85,,20,efficient_su2,200,fixed_budget,1065485.365191152,2,40,128,,,0.85
0.85,39.89603580000039,0.018257806594386045,1084938.790917961,0.85,alns_grid,0.85,R200_K20_tw0.85_cap0.85,,20,hybrid_alns,200,fixed_budget,1065485.365191152,2,40,128,,,0.85
0.85,,,,0.85,alns_grid,0.85,R200_K20_tw0.85_cap0.85,79,20,regret_k,200,time_to_target,,2,40,128,0.01,27.60943220000081,0.85
0.85,,,,0.85,alns_grid,0.85,R200_K20_tw0.85_cap0.85,inf,20,standard_alns,200,time_to_target,,2,40,128,0.01,inf,0.85
0.85,,,,0.85,alns_grid,0.85,R200_K20_tw0.85_cap0.85,87,20,qaoa,200,time_to_target,,2,40,128,0.01,48.70854850000251,0.85
0.85,,,,0.85,alns_grid,0.85,R200_K20_tw0.85_cap0.85,inf,20,efficient_su2,200,time_to_target,,2,40,128,0.01,inf,0.85
0.85,,,,0.85,alns_grid,0.85,R200_K20_tw0.85_cap0.85,inf,20,hybrid_alns,200,time_to_target,,2,40,128,0.01,inf,0.85
0.85,36.44668730000194,0.013575617600792737,1049038.4421478556,0.85,alns_grid,0.85,R200_K20_tw0.85_cap0.85,,20,regret_k,200,fixed_budget,1034987.8429702226,2,50,128,,,0.85
0.85,36.4930140999968,0.023600752045816204,1059414.334422597,0.85,alns_grid,0.85,R200_K20_tw0.85_cap0.85,,20,standard_alns,200,fixed_budget,1034987.8429702226,2,50,128,,,0.85
0.85,56.336332499999116,0.03659642628056328,1072864.6992667615,0.85,alns_grid,0.85,R200_K20_tw0.85_cap0.85,,20,qaoa,200,fixed_budget,1034987.8429702226,2,50,128,,,0.85
0.85,58.28605729999981,0.007215368223112547,1042455.6613636977,0.85,alns_grid,0.85,R200_K20_tw0.85_cap0.85,,20,efficient_su2,200,fixed_budget,1034987.8429702226,2,50,128,,,0.85
0.85,42.720468899999105,0.0,1034987.8429702226,0.85,alns_grid,0.85,R200_K20_tw0.85_cap0.85,,20,hybrid_alns,200,fixed_budget,1034987.8429702226,2,50,128,,,0.85
0.85,,,,0.85,alns_grid,0.85,R200_K20_tw0.85_cap0.85,inf,20,regret_k,200,time_to_target,,2,50,128,0.01,inf,0.85
0.85,,,,0.85,alns_grid,0.85,R200_K20_tw0.85_cap0.85,inf,20,standard_alns,200,time_to_target,,2,50,128,0.01,inf,0.85
0.85,,,,0.85,alns_grid,0.85,R200_K20_tw0.85_cap0.85,inf,20,qaoa,200,time_to_target,,2,50,128,0.01,inf,0.85
0.85,,,,0.85,alns_grid,0.85,R200_K20_tw0.85_cap0.85,97,20,efficient_su2,200,time_to_target,,2,50,128,0.01,57.12911379999787,0.85
0.85,,,,0.85,alns_grid,0.85,R200_K20_tw0.85_cap0.85,66,20,hybrid_alns,200,time_to_target,,2,50,128,0.01,28.69824359999984,0.85
0.85,16.790156600000046,0.07282359463098927,665954.8290671718,0.85,alns_grid,0.85,R100_K10_tw0.85_cap0.85,,10,regret_k,100,fixed_budget,620749.6110264382,2,10,1024,,,0.85
0.85,16.151579700002912,0.0,620749.6110264382,0.85,alns_grid,0.85,R100_K10_tw0.85_cap0.85,,10,standard_alns,100,fixed_budget,620749.6110264382,2,10,1024,,,0.85
0.85,35.72711419999905,0.09325529975075214,678637.8020728715,0.85,alns_grid,0.85,R100_K10_tw0.85_cap0.85,,10,qaoa,100,fixed_budget,620749.6110264382,2,10,1024,,,0.85
0.85,36.61849760000041,0.05190884978172479,652972.0093372737,0.85,alns_grid,0.85,R100_K10_tw0.85_cap0.85,,10,efficient_su2,100,fixed_budget,620749.6110264382,2,10,1024,,,0.85
0.85,23.323534199997084,0.09139450327840618,677482.7133864634,0.85,alns_grid,0.85,R100_K10_tw0.85_cap0.85,,10,hybrid_alns,100,fixed_budget,620749.6110264382,2,10,1024,,,0.85
0.85,,,,0.85,alns_grid,0.85,R100_K10_tw0.85_cap0.85,inf,10,regret_k,100,time_to_target,,2,10,1024,0.01,inf,0.85
0.85,,,,0.85,alns_grid,0.85,R100_K10_tw0.85_cap0.85,90,10,standard_alns,100,time_to_target,,2,10,1024,0.01,14.603206800002226,0.85
0.85,,,,0.85,alns_grid,0.85,R100_K10_tw0.85_cap0.85,inf,10,qaoa,100,time_to_target,,2,10,1024,0.01,inf,0.85
0.85,,,,0.85,alns_grid,0.85,R100_K10_tw0.85_cap0.85,inf,10,efficient_su2,100,time_to_target,,2,10,1024,0.01,inf,0.85
0.85,,,,0.85,alns_grid,0.85,R100_K10_tw0.85_cap0.85,inf,10,hybrid_alns,100,time_to_target,,2,10,1024,0.01,inf,0.85
0.85,15.62991730000067,0.019303941812312275,582716.9648776823,0.85,alns_grid,0.85,R100_K10_tw0.85_cap0.85,,10,regret_k,100,fixed_budget,571681.2630407544,2,20,1024,,,0.85
0.85,16.12033059999885,0.06469210027050885,608664.524632158,0.85,alns_grid,0.85,R100_K10_tw0.85_cap0.85,,10,standard_alns,100,fixed_budget,571681.2630407544,2,20,1024,,,0.85
0.85,36.115855799998826,0.0,571681.2630407544,0.85,alns_grid,0.85,R100_K10_tw0.85_cap0.85,,10,qaoa,100,fixed_budget,571681.2630407544,2,20,1024,,,0.85
0.85,35.67418420000104,0.03786314253723585,593326.9121891335,0.85,alns_grid,0.85,R100_K10_tw0.85_cap0.85,,10,efficient_su2,100,fixed_budget,571681.2630407544,2,20,1024,,,0.85
0.85,22.833058500000334,0.047322924742803224,598734.8924285027,0.85,alns_grid,0.85,R100_K10_tw0.85_cap0.85,,10,hybrid_alns,100,fixed_budget,571681.2630407544,2,20,1024,,,0.85
0.85,,,,0.85,alns_grid,0.85,R100_K10_tw0.85_cap0.85,inf,10,regret_k,100,time_to_target,,2,20,1024,0.01,inf,0.85
0.85,,,,0.85,alns_grid,0.85,R100_K10_tw0.85_cap0.85,inf,10,standard_alns,100,time_to_target,,2,20,1024,0.01,inf,0.85
0.85,,,,0.85,alns_grid,0.85,R100_K10_tw0.85_cap0.85,82,10,qaoa,100,time_to_target,,2,20,1024,0.01,29.330857999997534,0.85
0.85,,,,0.85,alns_grid,0.85,R100_K10_tw0.85_cap0.85,inf,10,efficient_su2,100,time_to_target,,2,20,1024,0.01,inf,0.85
0.85,,,,0.85,alns_grid,0.85,R100_K10_tw0.85_cap0.85,inf,10,hybrid_alns,100,time_to_target,,2,20,1024,0.01,inf,0.85
0.85,16.027910599997995,0.0,614872.9359213457,0.85,alns_grid,0.85,R100_K10_tw0.85_cap0.85,,10,regret_k,100,fixed_budget,614872.9359213457,2,30,1024,,,0.85
0.85,15.96924779999972,0.03501572218388577,636403.1558239578,0.85,alns_grid,0.85,R100_K10_tw0.85_cap0.85,,10,standard_alns,100,fixed_budget,614872.9359213457,2,30,1024,,,0.85
0.85,36.12583479999739,0.08905531397498521,669630.6382845421,0.85,alns_grid,0.85,R100_K10_tw0.85_cap0.85,,10,qaoa,100,fixed_budget,614872.9359213457,2,30,1024,,,0.85
0.85,36.69805950000227,0.06044028932592222,652036.0340671111,0.85,alns_grid,0.85,R100_K10_tw0.85_cap0.85,,10,efficient_su2,100,fixed_budget,614872.9359213457,2,30,1024,,,0.85
0.85,23.56351309999809,0.05965197701492514,651551.3221620254,0.85,alns_grid,0.85,R100_K10_tw0.85_cap0.85,,10,hybrid_alns,100,fixed_budget,614872.9359213457,2,30,1024,,,0.85
0.85,,,,0.85,alns_grid,0.85,R100_K10_tw0.85_cap0.85,69,10,regret_k,100,time_to_target,,2,30,1024,0.01,11.359936499997275,0.85
0.85,,,,0.85,alns_grid,0.85,R100_K10_tw0.85_cap0.85,inf,10,standard_alns,100,time_to_target,,2,30,1024,0.01,inf,0.85
0.85,,,,0.85,alns_grid,0.85,R100_K10_tw0.85_cap0.85,inf,10,qaoa,100,time_to_target,,2,30,1024,0.01,inf,0.85
0.85,,,,0.85,alns_grid,0.85,R100_K10_tw0.85_cap0.85,inf,10,efficient_su2,100,time_to_target,,2,30,1024,0.01,inf,0.85
0.85,,,,0.85,alns_grid,0.85,R100_K10_tw0.85_cap0.85,inf,10,hybrid_alns,100,time_to_target,,2,30,1024,0.01,inf,0.85
0.85,16.098490800002764,0.01817786990290695,638844.8137792315,0.85,alns_grid,0.85,R100_K10_tw0.85_cap0.85,,10,regret_k,100,fixed_budget,627439.3037438061,2,40,1024,,,0.85
0.85,16.075185199999396,0.013590914450150749,635966.7776436503,0.85,alns_grid,0.85,R100_K10_tw0.85_cap0.85,,10,standard_alns,100,fixed_budget,627439.3037438061,2,40,1024,,,0.85
0.85,36.6159613000018,0.04029259839553049,652720.4636271265,0.85,alns_grid,0.85,R100_K10_tw0.85_cap0.85,,10,qaoa,100,fixed_budget,627439.3037438061,2,40,1024,,,0.85
0.85,36.997189400000934,0.030413590973263883,646521.9860884197,0.85,alns_grid,0.85,R100_K10_tw0.85_cap0.85,,10,efficient_su2,100,fixed_budget,627439.3037438061,2,40,1024,,,0.85
0.85,25.210418200000277,0.0,627439.3037438061,0.85,alns_grid,0.85,R100_K10_tw0.85_cap0.85,,10,hybrid_alns,100,fixed_budget,627439.3037438061,2,40,1024,,,0.85
0.85,,,,0.85,alns_grid,0.85,R100_K10_tw0.85_cap0.85,inf,10,regret_k,100,time_to_target,,2,40,1024,0.01,inf,0.85
0.85,,,,0.85,alns_grid,0.85,R100_K10_tw0.85_cap0.85,inf,10,standard_alns,100,time_to_target,,2,40,1024,0.01,inf,0.85
0.85,,,,0.85,alns_grid,0.85,R100_K10_tw0.85_cap0.85,inf,10,qaoa,100,time_to_target,,2,40,1024,0.01,inf,0.85
0.85,,,,0.85,alns_grid,0.85,R100_K10_tw0.85_cap0.85,inf,10,efficient_su2,100,time_to_target,,2,40,1024,0.01,inf,0.85
0.85,,,,0.85,alns_grid,0.85,R100_K10_tw0.85_cap0.85,60,10,hybrid_alns,100,time_to_target,,2,40,1024,0.01,15.162265999999363,0.85
0.85,15.632946300000185,0.06699107298880562,648224.3766584717,0.85,alns_grid,0.85,R100_K10_tw0.85_cap0.85,,10,regret_k,100,fixed_budget,607525.5857977291,2,50,1024,,,0.85
0.85,16.458139200000005,0.0,607525.5857977291,0.85,alns_grid,0.85,R100_K10_tw0.85_cap0.85,,10,standard_alns,100,fixed_budget,607525.5857977291,2,50,1024,,,0.85
0.85,37.2002977000011,0.04413614062777388,634339.4204874684,0.85,alns_grid,0.85,R100_K10_tw0.85_cap0.85,,10,qaoa,100,fixed_budget,607525.5857977291,2,50,1024,,,0.85
0.85,37.16611460000058,0.029740002950957484,625593.3985121357,0.85,alns_grid,0.85,R100_K10_tw0.85_cap0.85,,10,efficient_su2,100,fixed_budget,607525.5857977291,2,50,1024,,,0.85
0.85,21.852866299999732,0.08036116579047937,656347.0501199785,0.85,alns_grid,0.85,R100_K10_tw0.85_cap0.85,,10,hybrid_alns,100,fixed_budget,607525.5857977291,2,50,1024,,,0.85
0.85,,,,0.85,alns_grid,0.85,R100_K10_tw0.85_cap0.85,inf,10,regret_k,100,time_to_target,,2,50,1024,0.01,inf,0.85
0.85,,,,0.85,alns_grid,0.85,R100_K10_tw0.85_cap0.85,94,10,standard_alns,100,time_to_target,,2,50,1024,0.01,15.693297099998745,0.85
0.85,,,,0.85,alns_grid,0.85,R100_K10_tw0.85_cap0.85,inf,10,qaoa,100,time_to_target,,2,50,1024,0.01,inf,0.85
0.85,,,,0.85,alns_grid,0.85,R100_K10_tw0.85_cap0.85,inf,10,efficient_su2,100,time_to_target,,2,50,1024,0.01,inf,0.85
0.85,,,,0.85,alns_grid,0.85,R100_K10_tw0.85_cap0.85,inf,10,hybrid_alns,100,time_to_target,,2,50,1024,0.01,inf,0.85
0.85,25.269478099999105,0.012438095625508952,821507.8206310774,0.85,alns_grid,0.85,R150_K15_tw0.85_cap0.85,,15,regret_k,150,fixed_budget,811415.3588062387,2,10,1024,,,0.85
0.85,24.89622260000033,0.0011484345814272937,812347.2162641931,0.85,alns_grid,0.85,R150_K15_tw0.85_cap0.85,,15,standard_alns,150,fixed_budget,811415.3588062387,2,10,1024,,,0.85
0.85,46.610822599999665,0.04535797423050272,848219.5157412062,0.85,alns_grid,0.85,R150_K15_tw0.85_cap0.85,,15,qaoa,150,fixed_budget,811415.3588062387,2,10,1024,,,0.85
0.85,46.19284119999793,0.030676286083982228,836306.568485916,0.85,alns_grid,0.85,R150_K15_tw0.85_cap0.85,,15,efficient_su2,150,fixed_budget,811415.3588062387,2,10,1024,,,0.85
0.85,33.52819150000141,0.0,811415.3588062387,0.85,alns_grid,0.85,R150_K15_tw0.85_cap0.85,,15,hybrid_alns,150,fixed_budget,811415.3588062387,2,10,1024,,,0.85
0.85,,,,0.85,alns_grid,0.85,R150_K15_tw0.85_cap0.85,inf,15,regret_k,150,time_to_target,,2,10,1024,0.01,inf,0.85
0.85,,,,0.85,alns_grid,0.85,R150_K15_tw0.85_cap0.85,91,15,standard_alns,150,time_to_target,,2,10,1024,0.01,22.850355599999602,0.85
0.85,,,,0.85,alns_grid,0.85,R150_K15_tw0.85_cap0.85,inf,15,qaoa,150,time_to_target,,2,10,1024,0.01,inf,0.85
0.85,,,,0.85,alns_grid,0.85,R150_K15_tw0.85_cap0.85,inf,15,efficient_su2,150,time_to_target,,2,10,1024,0.01,inf,0.85
0.85,,,,0.85,alns_grid,0.85,R150_K15_tw0.85_cap0.85,73,15,hybrid_alns,150,time_to_target,,2,10,1024,0.01,23.367897500000254,0.85
0.85,24.93148370000199,0.004578630871057006,809805.1663265633,0.85,alns_grid,0.85,R150_K15_tw0.85_cap0.85,,15,regret_k,150,fixed_budget,806114.266659636,2,20,1024,,,0.85
0.85,25.40879710000081,0.010738740056568816,814770.9182251855,0.85,alns_grid,0.85,R150_K15_tw0.85_cap0.85,,15,standard_alns,150,fixed_budget,806114.266659636,2,20,1024,,,0.85
0.85,48.3369778999986,0.029665418238651965,830027.9835282384,0.85,alns_grid,0.85,R150_K15_tw0.85_cap0.85,,15,qaoa,150,fixed_budget,806114.266659636,2,20,1024,,,0.85
0.85,46.89834939999855,0.0023495985006836335,808008.3115319592,0.85,alns_grid,0.85,R150_K15_tw0.85_cap0.85,,15,efficient_su2,150,fixed_budget,806114.266659636,2,20,1024,,,0.85
0.85,32.665891399999964,0.0,806114.266659636,0.85,alns_grid,0.85,R150_K15_tw0.85_cap0.85,,15,hybrid_alns,150,fixed_budget,806114.266659636,2,20,1024,,,0.85
0.85,,,,0.85,alns_grid,0.85,R150_K15_tw0.85_cap0.85,83,15,regret_k,150,time_to_target,,2,20,1024,0.01,20.87194180000006,0.85
0.85,,,,0.85,alns_grid,0.85,R150_K15_tw0.85_cap0.85,inf,15,standard_alns,150,time_to_target,,2,20,1024,0.01,inf,0.85
0.85,,,,0.85,alns_grid,0.85,R150_K15_tw0.85_cap0.85,inf,15,qaoa,150,time_to_target,,2,20,1024,0.01,inf,0.85
0.85,,,,0.85,alns_grid,0.85,R150_K15_tw0.85_cap0.85,75,15,efficient_su2,150,time_to_target,,2,20,1024,0.01,35.37311670000054,0.85
0.85,,,,0.85,alns_grid,0.85,R150_K15_tw0.85_cap0.85,63,15,hybrid_alns,150,time_to_target,,2,20,1024,0.01,21.289165900001535,0.85
0.85,25.58716849999837,0.039421157203110825,855028.6089494553,0.85,alns_grid,0.85,R150_K15_tw0.85_cap0.85,,15,regret_k,150,fixed_budget,822600.7360194384,2,30,1024,,,0.85
0.85,24.625711799999408,0.018004051701160255,837410.8822001448,0.85,alns_grid,0.85,R150_K15_tw0.85_cap0.85,,15,standard_alns,150,fixed_budget,822600.7360194384,2,30,1024,,,0.85
0.85,46.77083399999901,0.01906924253190293,838287.1089615149,0.85,alns_grid,0.85,R150_K15_tw0.85_cap0.85,,15,qaoa,150,fixed_budget,822600.7360194384,2,30,1024,,,0.85
0.85,46.3814975000023,0.026298455892865887,844233.8651930846,0.85,alns_grid,0.85,R150_K15_tw0.85_cap0.85,,15,efficient_su2,150,fixed_budget,822600.7360194384,2,30,1024,,,0.85
0.85,34.09251829999994,0.0,822600.7360194384,0.85,alns_grid,0.85,R150_K15_tw0.85_cap0.85,,15,hybrid_alns,150,fixed_budget,822600.7360194384,2,30,1024,,,0.85
0.85,,,,0.85,alns_grid,0.85,R150_K15_tw0.85_cap0.85,inf,15,regret_k,150,time_to_target,,2,30,1024,0.01,inf,0.85
0.85,,,,0.85,alns_grid,0.85,R150_K15_tw0.85_cap0.85,inf,15,standard_alns,150,time_to_target,,2,30,1024,0.01,inf,0.85
0.85,,,,0.85,alns_grid,0.85,R150_K15_tw0.85_cap0.85,inf,15,qaoa,150,time_to_target,,2,30,1024,0.01,inf,0.85
0.85,,,,0.85,alns_grid,0.85,R150_K15_tw0.85_cap0.85,inf,15,efficient_su2,150,time_to_target,,2,30,1024,0.01,inf,0.85
0.85,,,,0.85,alns_grid,0.85,R150_K15_tw0.85_cap0.85,74,15,hybrid_alns,150,time_to_target,,2,30,1024,0.01,24.150188100000378,0.85
0.85,25.02571259999968,0.0328343322205457,833837.9335902042,0.85,alns_grid,0.85,R150_K15_tw0.85_cap0.85,,15,regret_k,150,fixed_budget,807329.7987659759,2,40,1024,,,0.85
0.85,26.524768300001597,0.0,807329.7987659759,0.85,alns_grid,0.85,R150_K15_tw0.85_cap0.85,,15,standard_alns,150,fixed_budget,807329.7987659759,2,40,1024,,,0.85
0.85,46.9202813999982,0.031606527503590234,832846.6902551407,0.85,alns_grid,0.85,R150_K15_tw0.85_cap0.85,,15,qaoa,150,fixed_budget,807329.7987659759,2,40,1024,,,0.85
0.85,47.405962500000896,0.02099750583518151,824281.7109264804,0.85,alns_grid,0.85,R150_K15_tw0.85_cap0.85,,15,efficient_su2,150,fixed_budget,807329.7987659759,2,40,1024,,,0.85
0.85,35.61702670000159,0.0006814226077612143,807879.9315427743,0.85,alns_grid,0.85,R150_K15_tw0.85_cap0.85,,15,hybrid_alns,150,fixed_budget,807329.7987659759,2,40,1024,,,0.85
0.85,,,,0.85,alns_grid,0.85,R150_K15_tw0.85_cap0.85,inf,15,regret_k,150,time_to_target,,2,40,1024,0.01,inf,0.85
0.85,,,,0.85,alns_grid,0.85,R150_K15_tw0.85_cap0.85,90,15,standard_alns,150,time_to_target,,2,40,1024,0.01,24.29391250000117,0.85
0.85,,,,0.85,alns_grid,0.85,R150_K15_tw0.85_cap0.85,inf,15,qaoa,150,time_to_target,,2,40,1024,0.01,inf,0.85
0.85,,,,0.85,alns_grid,0.85,R150_K15_tw0.85_cap0.85,inf,15,efficient_su2,150,time_to_target,,2,40,1024,0.01,inf,0.85
0.85,,,,0.85,alns_grid,0.85,R150_K15_tw0.85_cap0.85,93,15,hybrid_alns,150,time_to_target,,2,40,1024,0.01,33.380990500001644,0.85
0.85,25.503296700000647,0.0,882950.7331972823,0.85,alns_grid,0.85,R150_K15_tw0.85_cap0.85,,15,regret_k,150,fixed_budget,882950.7331972823,2,50,1024,,,0.85
0.85,25.698636299999635,0.015020042005096339,896212.6902983361,0.85,alns_grid,0.85,R150_K15_tw0.85_cap0.85,,15,standard_alns,150,fixed_budget,882950.7331972823,2,50,1024,,,0.85
0.85,48.051564600002166,0.027117354033632142,906894.0208236481,0.85,alns_grid,0.85,R150_K15_tw0.85_cap0.85,,15,qaoa,150,fixed_budget,882950.7331972823,2,50,1024,,,0.85
0.85,49.98321769999893,0.003862102145904343,886360.7791186913,0.85,alns_grid,0.85,R150_K15_tw0.85_cap0.85,,15,efficient_su2,150,fixed_budget,882950.7331972823,2,50,1024,,,0.85
0.85,34.55551360000027,0.025350671846352667,905334.1274910631,0.85,alns_grid,0.85,R150_K15_tw0.85_cap0.85,,15,hybrid_alns,150,fixed_budget,882950.7331972823,2,50,1024,,,0.85
0.85,,,,0.85,alns_grid,0.85,R150_K15_tw0.85_cap0.85,87,15,regret_k,150,time_to_target,,2,50,1024,0.01,22.445182000003115,0.85
0.85,,,,0.85,alns_grid,0.85,R150_K15_tw0.85_cap0.85,inf,15,standard_alns,150,time_to_target,,2,50,1024,0.01,inf,0.85
0.85,,,,0.85,alns_grid,0.85,R150_K15_tw0.85_cap0.85,inf,15,qaoa,150,time_to_target,,2,50,1024,0.01,inf,0.85
0.85,,,,0.85,alns_grid,0.85,R150_K15_tw0.85_cap0.85,77,15,efficient_su2,150,time_to_target,,2,50,1024,0.01,38.48692359999768,0.85
0.85,,,,0.85,alns_grid,0.85,R150_K15_tw0.85_cap0.85,inf,15,hybrid_alns,150,time_to_target,,2,50,1024,0.01,inf,0.85
0.85,34.074595600002795,0.00784295028088683,1047274.5965387579,0.85,alns_grid,0.85,R200_K20_tw0.85_cap0.85,,20,regret_k,200,fixed_budget,1039124.7924558895,2,10,1024,,,0.85
0.85,34.455658399998356,0.03132995283966059,1071680.5231980546,0.85,alns_grid,0.85,R200_K20_tw0.85_cap0.85,,20,standard_alns,200,fixed_budget,1039124.7924558895,2,10,1024,,,0.85
0.85,59.59129469999971,0.02993595654780239,1070231.9870905932,0.85,alns_grid,0.85,R200_K20_tw0.85_cap0.85,,20,qaoa,200,fixed_budget,1039124.7924558895,2,10,1024,,,0.85
0.85,57.254996100000426,0.0,1039124.7924558895,0.85,alns_grid,0.85,R200_K20_tw0.85_cap0.85,,20,efficient_su2,200,fixed_budget,1039124.7924558895,2,10,1024,,,0.85
0.85,43.87802230000307,0.01587676828896015,1055622.7360090255,0.85,alns_grid,0.85,R200_K20_tw0.85_cap0.85,,20,hybrid_alns,200,fixed_budget,1039124.7924558895,2,10,1024,,,0.85
0.85,,,,0.85,alns_grid,0.85,R200_K20_tw0.85_cap0.85,87,20,regret_k,200,time_to_target,,2,10,1024,0.01,30.051328900000954,0.85
0.85,,,,0.85,alns_grid,0.85,R200_K20_tw0.85_cap0.85,inf,20,standard_alns,200,time_to_target,,2,10,1024,0.01,inf,0.85
0.85,,,,0.85,alns_grid,0.85,R200_K20_tw0.85_cap0.85,inf,20,qaoa,200,time_to_target,,2,10,1024,0.01,inf,0.85
0.85,,,,0.85,alns_grid,0.85,R200_K20_tw0.85_cap0.85,70,20,efficient_su2,200,time_to_target,,2,10,1024,0.01,41.092024699999456,0.85
0.85,,,,0.85,alns_grid,0.85,R200_K20_tw0.85_cap0.85,inf,20,hybrid_alns,200,time_to_target,,2,10,1024,0.01,inf,0.85
0.85,34.12001320000127,0.0,987998.3435744412,0.85,alns_grid,0.85,R200_K20_tw0.85_cap0.85,,20,regret_k,200,fixed_budget,987998.3435744412,2,20,1024,,,0.85
0.85,34.319373300000734,0.028206093686526858,1015865.9174154352,0.85,alns_grid,0.85,R200_K20_tw0.85_cap0.85,,20,standard_alns,200,fixed_budget,987998.3435744412,2,20,1024,,,0.85
0.85,58.90106260000175,0.041150362315190474,1028654.8333793374,0.85,alns_grid,0.85,R200_K20_tw0.85_cap0.85,,20,qaoa,200,fixed_budget,987998.3435744412,2,20,1024,,,0.85
0.85,58.14144790000137,0.003719894774881242,991673.593450295,0.85,alns_grid,0.85,R200_K20_tw0.85_cap0.85,,20,efficient_su2,200,fixed_budget,987998.3435744412,2,20,1024,,,0.85
0.85,43.76690380000218,0.017945344973142603,1005728.314682778,0.85,alns_grid,0.85,R200_K20_tw0.85_cap0.85,,20,hybrid_alns,200,fixed_budget,987998.3435744412,2,20,1024,,,0.85
0.85,,,,0.85,alns_grid,0.85,R200_K20_tw0.85_cap0.85,71,20,regret_k,200,time_to_target,,2,20,1024,0.01,24.309023499998148,0.85
0.85,,,,0.85,alns_grid,0.85,R200_K20_tw0.85_cap0.85,inf,20,standard_alns,200,time_to_target,,2,20,1024,0.01,inf,0.85
0.85,,,,0.85,alns_grid,0.85,R200_K20_tw0.85_cap0.85,inf,20,qaoa,200,time_to_target,,2,20,1024,0.01,inf,0.85
0.85,,,,0.85,alns_grid,0.85,R200_K20_tw0.85_cap0.85,61,20,efficient_su2,200,time_to_target,,2,20,1024,0.01,35.69971850000002,0.85
0.85,,,,0.85,alns_grid,0.85,R200_K20_tw0.85_cap0.85,inf,20,hybrid_alns,200,time_to_target,,2,20,1024,0.01,inf,0.85
0.85,35.66803920000166,0.00677826300928913,1017479.416216657,0.85,alns_grid,0.85,R200_K20_tw0.85_cap0.85,,20,regret_k,200,fixed_budget,1010629.1063291155,2,30,1024,,,0.85
0.85,35.0933961999981,0.03564795305695103,1046655.9652695241,0.85,alns_grid,0.85,R200_K20_tw0.85_cap0.85,,20,standard_alns,200,fixed_budget,1010629.1063291155,2,30,1024,,,0.85
0.85,60.43865960000039,0.012337173363116296,1023097.412819709,0.85,alns_grid,0.85,R200_K20_tw0.85_cap0.85,,20,qaoa,200,fixed_budget,1010629.1063291155,2,30,1024,,,0.85
0.85,56.80402409999806,0.020814236238939746,1031664.5792981982,0.85,alns_grid,0.85,R200_K20_tw0.85_cap0.85,,20,efficient_su2,200,fixed_budget,1010629.1063291155,2,30,1024,,,0.85
0.85,45.0462864000001,0.0,1010629.1063291155,0.85,alns_grid,0.85,R200_K20_tw0.85_cap0.85,,20,hybrid_alns,200,fixed_budget,1010629.1063291155,2,30,1024,,,0.85
0.85,,,,0.85,alns_grid,0.85,R200_K20_tw0.85_cap0.85,97,20,regret_k,200,time_to_target,,2,30,1024,0.01,34.968284499998845,0.85
0.85,,,,0.85,alns_grid,0.85,R200_K20_tw0.85_cap0.85,inf,20,standard_alns,200,time_to_target,,2,30,1024,0.01,inf,0.85
0.85,,,,0.85,alns_grid,0.85,R200_K20_tw0.85_cap0.85,inf,20,qaoa,200,time_to_target,,2,30,1024,0.01,inf,0.85
0.85,,,,0.85,alns_grid,0.85,R200_K20_tw0.85_cap0.85,inf,20,efficient_su2,200,time_to_target,,2,30,1024,0.01,inf,0.85
0.85,,,,0.85,alns_grid,0.85,R200_K20_tw0.85_cap0.85,69,20,hybrid_alns,200,time_to_target,,2,30,1024,0.01,31.6111834000003,0.85
0.85,33.31802819999939,0.0,1065485.365191152,0.85,alns_grid,0.85,R200_K20_tw0.85_cap0.85,,20,regret_k,200,fixed_budget,1065485.365191152,2,40,1024,,,0.85
0.85,34.191311999999016,0.022248952442163152,1089191.2984091109,0.85,alns_grid,0.85,R200_K20_tw0.85_cap0.85,,20,standard_alns,200,fixed_budget,1065485.365191152,2,40,1024,,,0.85
0.85,58.829322699999466,0.017487405456670598,1084117.9397803985,0.85,alns_grid,0.85,R200_K20_tw0.85_cap0.85,,20,qaoa,200,fixed_budget,1065485.365191152,2,40,1024,,,0.85
0.85,60.130921699998,0.01554433971192548,1082047.6316657683,0.85,alns_grid,0.85,R200_K20_tw0.85_cap0.85,,20,efficient_su2,200,fixed_budget,1065485.365191152,2,40,1024,,,0.85
0.85,40.835648199998104,0.023555602217562255,1090583.514622229,0.85,alns_grid,0.85,R200_K20_tw0.85_cap0.85,,20,hybrid_alns,200,fixed_budget,1065485.365191152,2,40,1024,,,0.85
0.85,,,,0.85,alns_grid,0.85,R200_K20_tw0.85_cap0.85,79,20,regret_k,200,time_to_target,,2,40,1024,0.01,26.405288400001155,0.85
0.85,,,,0.85,alns_grid,0.85,R200_K20_tw0.85_cap0.85,inf,20,standard_alns,200,time_to_target,,2,40,1024,0.01,inf,0.85
0.85,,,,0.85,alns_grid,0.85,R200_K20_tw0.85_cap0.85,inf,20,qaoa,200,time_to_target,,2,40,1024,0.01,inf,0.85
0.85,,,,0.85,alns_grid,0.85,R200_K20_tw0.85_cap0.85,inf,20,efficient_su2,200,time_to_target,,2,40,1024,0.01,inf,0.85
0.85,,,,0.85,alns_grid,0.85,R200_K20_tw0.85_cap0.85,inf,20,hybrid_alns,200,time_to_target,,2,40,1024,0.01,inf,0.85
0.85,35.34249350000027,0.028112264455941664,1049038.4421478556,0.85,alns_grid,0.85,R200_K20_tw0.85_cap0.85,,20,regret_k,200,fixed_budget,1020353.9811899703,2,50,1024,,,0.85
0.85,35.342990199998894,0.038281178838615613,1059414.334422597,0.85,alns_grid,0.85,R200_K20_tw0.85_cap0.85,,20,standard_alns,200,fixed_budget,1020353.9811899703,2,50,1024,,,0.85
0.85,61.52009570000155,0.03559725260406885,1056675.779603957,0.85,alns_grid,0.85,R200_K20_tw0.85_cap0.85,,20,qaoa,200,fixed_budget,1020353.9811899703,2,50,1024,,,0.85
0.85,61.04914529999951,0.02166079672463447,1042455.6613636977,0.85,alns_grid,0.85,R200_K20_tw0.85_cap0.85,,20,efficient_su2,200,fixed_budget,1020353.9811899703,2,50,1024,,,0.85
0.85,44.74929809999958,0.0,1020353.9811899703,0.85,alns_grid,0.85,R200_K20_tw0.85_cap0.85,,20,hybrid_alns,200,fixed_budget,1020353.9811899703,2,50,1024,,,0.85
0.85,,,,0.85,alns_grid,0.85,R200_K20_tw0.85_cap0.85,inf,20,regret_k,200,time_to_target,,2,50,1024,0.01,inf,0.85
0.85,,,,0.85,alns_grid,0.85,R200_K20_tw0.85_cap0.85,inf,20,standard_alns,200,time_to_target,,2,50,1024,0.01,inf,0.85
0.85,,,,0.85,alns_grid,0.85,R200_K20_tw0.85_cap0.85,inf,20,qaoa,200,time_to_target,,2,50,1024,0.01,inf,0.85
0.85,,,,0.85,alns_grid,0.85,R200_K20_tw0.85_cap0.85,inf,20,efficient_su2,200,time_to_target,,2,50,1024,0.01,inf,0.85
0.85,,,,0.85,alns_grid,0.85,R200_K20_tw0.85_cap0.85,68,20,hybrid_alns,200,time_to_target,,2,50,1024,0.01,31.311704499999905,0.85
0.85,21.865232700001798,0.0,635136.1920868786,0.85,alns_grid,0.85,R100_K10_tw0.85_cap0.85,,10,regret_k,100,fixed_budget,635136.1920868786,3,10,16,,,0.85
0.85,22.365923499997734,0.029919179886635165,654138.9460704384,0.85,alns_grid,0.85,R100_K10_tw0.85_cap0.85,,10,standard_alns,100,fixed_budget,635136.1920868786,3,10,16,,,0.85
0.85,37.22955919999731,0.036012189532341914,658008.8370151612,0.85,alns_grid,0.85,R100_K10_tw0.85_cap0.85,,10,qaoa,100,fixed_budget,635136.1920868786,3,10,16,,,0.85
0.85,37.54940220000208,0.03635378490496601,658225.7965993641,0.85,alns_grid,0.85,R100_K10_tw0.85_cap0.85,,10,efficient_su2,100,fixed_budget,635136.1920868786,3,10,16,,,0.85
0.85,28.782689800002117,0.015412281586129605,644925.0899248637,0.85,alns_grid,0.85,R100_K10_tw0.85_cap0.85,,10,hybrid_alns,100,fixed_budget,635136.1920868786,3,10,16,,,0.85
0.85,,,,0.85,alns_grid,0.85,R100_K10_tw0.85_cap0.85,89,10,regret_k,100,time_to_target,,3,10,16,0.01,19.55783109999902,0.85
0.85,,,,0.85,alns_grid,0.85,R100_K10_tw0.85_cap0.85,inf,10,standard_alns,100,time_to_target,,3,10,16,0.01,inf,0.85
0.85,,,,0.85,alns_grid,0.85,R100_K10_tw0.85_cap0.85,inf,10,qaoa,100,time_to_target,,3,10,16,0.01,inf,0.85
0.85,,,,0.85,alns_grid,0.85,R100_K10_tw0.85_cap0.85,inf,10,efficient_su2,100,time_to_target,,3,10,16,0.01,inf,0.85
0.85,,,,0.85,alns_grid,0.85,R100_K10_tw0.85_cap0.85,inf,10,hybrid_alns,100,time_to_target,,3,10,16,0.01,inf,0.85
0.85,21.800346700001683,0.025146794257758023,567349.5218123082,0.85,alns_grid,0.85,R100_K10_tw0.85_cap0.85,,10,regret_k,100,fixed_budget,553432.4693695102,3,20,16,,,0.85
0.85,22.49718379999831,0.05654831731283806,584728.1442586448,0.85,alns_grid,0.85,R100_K10_tw0.85_cap0.85,,10,standard_alns,100,fixed_budget,553432.4693695102,3,20,16,,,0.85
0.85,36.85340440000073,0.06888430586461157,591555.2808649668,0.85,alns_grid,0.85,R100_K10_tw0.85_cap0.85,,10,qaoa,100,fixed_budget,553432.4693695102,3,20,16,,,0.85
0.85,36.707029299999704,0.0,553432.4693695102,0.85,alns_grid,0.85,R100_K10_tw0.85_cap0.85,,10,efficient_su2,100,fixed_budget,553432.4693695102,3,20,16,,,0.85
0.85,28.452781300002243,0.05780372791108545,585422.9292461055,0.85,alns_grid,0.85,R100_K10_tw0.85_cap0.85,,10,hybrid_alns,100,fixed_budget,553432.4693695102,3,20,16,,,0.85
0.85,,,,0.85,alns_grid,0.85,R100_K10_tw0.85_cap0.85,inf,10,regret_k,100,time_to_target,,3,20,16,0.01,inf,0.85
0.85,,,,0.85,alns_grid,0.85,R100_K10_tw0.85_cap0.85,inf,10,standard_alns,100,time_to_target,,3,20,16,0.01,inf,0.85
0.85,,,,0.85,alns_grid,0.85,R100_K10_tw0.85_cap0.85,inf,10,qaoa,100,time_to_target,,3,20,16,0.01,inf,0.85
0.85,,,,0.85,alns_grid,0.85,R100_K10_tw0.85_cap0.85,34,10,efficient_su2,100,time_to_target,,3,20,16,0.01,12.936851500002376,0.85
0.85,,,,0.85,alns_grid,0.85,R100_K10_tw0.85_cap0.85,inf,10,hybrid_alns,100,time_to_target,,3,20,16,0.01,inf,0.85
0.85,22.37240440000096,0.0006303545177794919,637284.2860482044,0.85,alns_grid,0.85,R100_K10_tw0.85_cap0.85,,10,regret_k,100,fixed_budget,636882.8240827477,3,30,16,,,0.85
0.85,21.64389630000005,0.012738251047797671,644995.5973839441,0.85,alns_grid,0.85,R100_K10_tw0.85_cap0.85,,10,standard_alns,100,fixed_budget,636882.8240827477,3,30,16,,,0.85
0.85,36.82622110000011,0.04803823643751322,667477.5517690259,0.85,alns_grid,0.85,R100_K10_tw0.85_cap0.85,,10,qaoa,100,fixed_budget,636882.8240827477,3,30,16,,,0.85
0.85,36.45182439999917,0.0,636882.8240827477,0.85,alns_grid,0.85,R100_K10_tw0.85_cap0.85,,10,efficient_su2,100,fixed_budget,636882.8240827477,3,30,16,,,0.85
0.85,27.204785499998252,0.01329348702840961,645349.2176433086,0.85,alns_grid,0.85,R100_K10_tw0.85_cap0.85,,10,hybrid_alns,100,fixed_budget,636882.8240827477,3,30,16,,,0.85
0.85,,,,0.85,alns_grid,0.85,R100_K10_tw0.85_cap0.85,68,10,regret_k,100,time_to_target,,3,30,16,0.01,15.647343799999362,0.85
0.85,,,,0.85,alns_grid,0.85,R100_K10_tw0.85_cap0.85,inf,10,standard_alns,100,time_to_target,,3,30,16,0.01,inf,0.85
0.85,,,,0.85,alns_grid,0.85,R100_K10_tw0.85_cap0.85,inf,10,qaoa,100,time_to_target,,3,30,16,0.01,inf,0.85
0.85,,,,0.85,alns_grid,0.85,R100_K10_tw0.85_cap0.85,71,10,efficient_su2,100,time_to_target,,3,30,16,0.01,26.51058959999864,0.85
0.85,,,,0.85,alns_grid,0.85,R100_K10_tw0.85_cap0.85,inf,10,hybrid_alns,100,time_to_target,,3,30,16,0.01,inf,0.85
0.85,21.797695500001282,0.021801624103052208,652138.9900304246,0.85,alns_grid,0.85,R100_K10_tw0.85_cap0.85,,10,regret_k,100,fixed_budget,638224.6559872899,3,40,16,,,0.85
0.85,21.73104080000121,0.0,638224.6559872899,0.85,alns_grid,0.85,R100_K10_tw0.85_cap0.85,,10,standard_alns,100,fixed_budget,638224.6559872899,3,40,16,,,0.85
0.85,36.13798179999867,0.0041270725349126436,640858.6554361191,0.85,alns_grid,0.85,R100_K10_tw0.85_cap0.85,,10,qaoa,100,fixed_budget,638224.6559872899,3,40,16,,,0.85
0.85,36.617975500001194,0.005063815356524831,641456.5078011911,0.85,alns_grid,0.85,R100_K10_tw0.85_cap0.85,,10,efficient_su2,100,fixed_budget,638224.6559872899,3,40,16,,,0.85
0.85,27.44839839999986,0.00626564621259504,642223.5458858614,0.85,alns_grid,0.85,R100_K10_tw0.85_cap0.85,,10,hybrid_alns,100,fixed_budget,638224.6559872899,3,40,16,,,0.85
0.85,,,,0.85,alns_grid,0.85,R100_K10_tw0.85_cap0.85,inf,10,regret_k,100,time_to_target,,3,40,16,0.01,inf,0.85
0.85,,,,0.85,alns_grid,0.85,R100_K10_tw0.85_cap0.85,53,10,standard_alns,100,time_to_target,,3,40,16,0.01,11.746875100001489,0.85
0.85,,,,0.85,alns_grid,0.85,R100_K10_tw0.85_cap0.85,66,10,qaoa,100,time_to_target,,3,40,16,0.01,24.54764359999899,0.85
0.85,,,,0.85,alns_grid,0.85,R100_K10_tw0.85_cap0.85,58,10,efficient_su2,100,time_to_target,,3,40,16,0.01,21.789574400001584,0.85
0.85,,,,0.85,alns_grid,0.85,R100_K10_tw0.85_cap0.85,79,10,hybrid_alns,100,time_to_target,,3,40,16,0.01,22.12587799999892,0.85
0.85,22.488104199997906,0.05492720195813264,633323.5296072215,0.85,alns_grid,0.85,R100_K10_tw0.85_cap0.85,,10,regret_k,100,fixed_budget,600348.0888839157,3,50,16,,,0.85
0.85,21.95865980000235,0.0,600348.0888839157,0.85,alns_grid,0.85,R100_K10_tw0.85_cap0.85,,10,standard_alns,100,fixed_budget,600348.0888839157,3,50,16,,,0.85
0.85,36.228879599999345,0.04754311532483037,628890.5073087652,0.85,alns_grid,0.85,R100_K10_tw0.85_cap0.85,,10,qaoa,100,fixed_budget,600348.0888839157,3,50,16,,,0.85
0.85,37.052620899998146,0.03984915825525244,624271.4548860892,0.85,alns_grid,0.85,R100_K10_tw0.85_cap0.85,,10,efficient_su2,100,fixed_budget,600348.0888839157,3,50,16,,,0.85
0.85,30.589320700000826,0.026849138118811115,616466.9176417242,0.85,alns_grid,0.85,R100_K10_tw0.85_cap0.85,,10,hybrid_alns,100,fixed_budget,600348.0888839157,3,50,16,,,0.85
0.85,,,,0.85,alns_grid,0.85,R100_K10_tw0.85_cap0.85,inf,10,regret_k,100,time_to_target,,3,50,16,0.01,inf,0.85
0.85,,,,0.85,alns_grid,0.85,R100_K10_tw0.85_cap0.85,96,10,standard_alns,100,time_to_target,,3,50,16,0.01,21.35697020000225,0.85
0.85,,,,0.85,alns_grid,0.85,R100_K10_tw0.85_cap0.85,inf,10,qaoa,100,time_to_target,,3,50,16,0.01,inf,0.85
0.85,,,,0.85,alns_grid,0.85,R100_K10_tw0.85_cap0.85,inf,10,efficient_su2,100,time_to_target,,3,50,16,0.01,inf,0.85
0.85,,,,0.85,alns_grid,0.85,R100_K10_tw0.85_cap0.85,inf,10,hybrid_alns,100,time_to_target,,3,50,16,0.01,inf,0.85
0.85,35.634833200001594,0.007979400921496306,811392.4209939416,0.85,alns_grid,0.85,R150_K15_tw0.85_cap0.85,,15,regret_k,150,fixed_budget,804969.24862965,3,10,16,,,0.85
0.85,34.29251680000016,0.0027710083074280107,807199.8251048268,0.85,alns_grid,0.85,R150_K15_tw0.85_cap0.85,,15,standard_alns,150,fixed_budget,804969.24862965,3,10,16,,,0.85
0.85,49.64294230000087,0.0007342803184316907,805560.3217058615,0.85,alns_grid,0.85,R150_K15_tw0.85_cap0.85,,15,qaoa,150,fixed_budget,804969.24862965,3,10,16,,,0.85
0.85,48.485463599998184,0.0,804969.24862965,0.85,alns_grid,0.85,R150_K15_tw0.85_cap0.85,,15,efficient_su2,150,fixed_budget,804969.24862965,3,10,16,,,0.85
0.85,42.83396139999968,0.005922013772354694,809736.2876063568,0.85,alns_grid,0.85,R150_K15_tw0.85_cap0.85,,15,hybrid_alns,150,fixed_budget,804969.24862965,3,10,16,,,0.85
0.85,,,,0.85,alns_grid,0.85,R150_K15_tw0.85_cap0.85,99,15,regret_k,150,time_to_target,,3,10,16,0.01,35.634833200001594,0.85
0.85,,,,0.85,alns_grid,0.85,R150_K15_tw0.85_cap0.85,82,15,standard_alns,150,time_to_target,,3,10,16,0.01,28.509700700000394,0.85
0.85,,,,0.85,alns_grid,0.85,R150_K15_tw0.85_cap0.85,88,15,qaoa,150,time_to_target,,3,10,16,0.01,44.31247109999822,0.85
0.85,,,,0.85,alns_grid,0.85,R150_K15_tw0.85_cap0.85,72,15,efficient_su2,150,time_to_target,,3,10,16,0.01,35.43664129999888,0.85
0.85,,,,0.85,alns_grid,0.85,R150_K15_tw0.85_cap0.85,98,15,hybrid_alns,150,time_to_target,,3,10,16,0.01,42.51400730000023,0.85
0.85,36.11151269999755,0.007635682220204321,792087.0102977904,0.85,alns_grid,0.85,R150_K15_tw0.85_cap0.85,,15,regret_k,150,fixed_budget,786084.7171990989,3,20,16,,,0.85
0.85,35.348734699997294,0.03930657020671327,816983.0113241096,0.85,alns_grid,0.85,R150_K15_tw0.85_cap0.85,,15,standard_alns,150,fixed_budget,786084.7171990989,3,20,16,,,0.85
0.85,49.767451299998356,0.006690589200720672,791344.0871188428,0.85,alns_grid,0.85,R150_K15_tw0.85_cap0.85,,15,qaoa,150,fixed_budget,786084.7171990989,3,20,16,,,0.85
0.85,49.40788629999952,0.013336452487088101,796568.2986808508,0.85,alns_grid,0.85,R150_K15_tw0.85_cap0.85,,15,efficient_su2,150,fixed_budget,786084.7171990989,3,20,16,,,0.85
0.85,40.216534000002866,0.0,786084.7171990989,0.85,alns_grid,0.85,R150_K15_tw0.85_cap0.85,,15,hybrid_alns,150,fixed_budget,786084.7171990989,3,20,16,,,0.85
0.85,,,,0.85,alns_grid,0.85,R150_K15_tw0.85_cap0.85,83,15,regret_k,150,time_to_target,,3,20,16,0.01,30.17736579999837,0.85
0.85,,,,0.85,alns_grid,0.85,R150_K15_tw0.85_cap0.85,inf,15,standard_alns,150,time_to_target,,3,20,16,0.01,inf,0.85
0.85,,,,0.85,alns_grid,0.85,R150_K15_tw0.85_cap0.85,92,15,qaoa,150,time_to_target,,3,20,16,0.01,46.26632690000042,0.85
0.85,,,,0.85,alns_grid,0.85,R150_K15_tw0.85_cap0.85,inf,15,efficient_su2,150,time_to_target,,3,20,16,0.01,inf,0.85
0.85,,,,0.85,alns_grid,0.85,R150_K15_tw0.85_cap0.85,81,15,hybrid_alns,150,time_to_target,,3,20,16,0.01,33.103799600001366,0.85
0.85,34.1018124000002,0.059939569134409246,823489.7521911022,0.85,alns_grid,0.85,R150_K15_tw0.85_cap0.85,,15,regret_k,150,fixed_budget,776921.4171932446,3,30,16,,,0.85
0.85,35.60038699999859,0.07931450789527877,838542.5570712293,0.85,alns_grid,0.85,R150_K15_tw0.85_cap0.85,,15,standard_alns,150,fixed_budget,776921.4171932446,3,30,16,,,0.85
0.85,49.75047210000048,0.06803768436602048,829781.3513534399,0.85,alns_grid,0.85,R150_K15_tw0.85_cap0.85,,15,qaoa,150,fixed_budget,776921.4171932446,3,30,16,,,0.85
0.85,50.028857100001915,0.04529000922147017,812108.1953422843,0.85,alns_grid,0.85,R150_K15_tw0.85_cap0.85,,15,efficient_su2,150,fixed_budget,776921.4171932446,3,30,16,,,0.85
0.85,42.608874300000025,0.0,776921.4171932446,0.85,alns_grid,0.85,R150_K15_tw0.85_cap0.85,,15,hybrid_alns,150,fixed_budget,776921.4171932446,3,30,16,,,0.85
0.85,,,,0.85,alns_grid,0.85,R150_K15_tw0.85_cap0.85,inf,15,regret_k,150,time_to_target,,3,30,16,0.01,inf,0.85
0.85,,,,0.85,alns_grid,0.85,R150_K15_tw0.85_cap0.85,inf,15,standard_alns,150,time_to_target,,3,30,16,0.01,inf,0.85
0.85,,,,0.85,alns_grid,0.85,R150_K15_tw0.85_cap0.85,inf,15,qaoa,150,time_to_target,,3,30,16,0.01,inf,0.85
0.85,,,,0.85,alns_grid,0.85,R150_K15_tw0.85_cap0.85,inf,15,efficient_su2,150,time_to_target,,3,30,16,0.01,inf,0.85
0.85,,,,0.85,alns_grid,0.85,R150_K15_tw0.85_cap0.85,74,15,hybrid_alns,150,time_to_target,,3,30,16,0.01,31.542736799998238,0.85
0.85,35.39010570000028,0.024787080825933516,807083.7021804082,0.85,alns_grid,0.85,R150_K15_tw0.85_cap0.85,,15,regret_k,150,fixed_budget,787562.3310258108,3,40,16,,,0.85
0.85,35.27427579999858,0.01932414687797667,802781.3011861152,0.85,alns_grid,0.85,R150_K15_tw0.85_cap0.85,,15,standard_alns,150,fixed_budget,787562.3310258108,3,40,16,,,0.85
0.85,49.87174330000198,0.017992868337212878,801732.8363553067,0.85,alns_grid,0.85,R150_K15_tw0.85_cap0.85,,15,qaoa,150,fixed_budget,787562.3310258108,3,40,16,,,0.85
0.85,49.366997499997524,0.0100789092245924,795500.1002689283,0.85,alns_grid,0.85,R150_K15_tw0.85_cap0.85,,15,efficient_su2,150,fixed_budget,787562.3310258108,3,40,16,,,0.85
0.85,40.571783100000175,0.0,787562.3310258108,0.85,alns_grid,0.85,R150_K15_tw0.85_cap0.85,,15,hybrid_alns,150,fixed_budget,787562.3310258108,3,40,16,,,0.85
0.85,,,,0.85,alns_grid,0.85,R150_K15_tw0.85_cap0.85,inf,15,regret_k,150,time_to_target,,3,40,16,0.01,inf,0.85
0.85,,,,0.85,alns_grid,0.85,R150_K15_tw0.85_cap0.85,inf,15,standard_alns,150,time_to_target,,3,40,16,0.01,inf,0.85
0.85,,,,0.85,alns_grid,0.85,R150_K15_tw0.85_cap0.85,inf,15,qaoa,150,time_to_target,,3,40,16,0.01,inf,0.85
0.85,,,,0.85,alns_grid,0.85,R150_K15_tw0.85_cap0.85,inf,15,efficient_su2,150,time_to_target,,3,40,16,0.01,inf,0.85
0.85,,,,0.85,alns_grid,0.85,R150_K15_tw0.85_cap0.85,93,15,hybrid_alns,150,time_to_target,,3,40,16,0.01,38.2354559000014,0.85
0.85,35.00912899999821,0.0505109702649929,891154.7205503662,0.85,alns_grid,0.85,R150_K15_tw0.85_cap0.85,,15,regret_k,150,fixed_budget,848305.9632643067,3,50,16,,,0.85
0.85,36.202065700003004,0.005084952113801999,852619.5584653583,0.85,alns_grid,0.85,R150_K15_tw0.85_cap0.85,,15,standard_alns,150,fixed_budget,848305.9632643067,3,50,16,,,0.85
0.85,49.687297899999976,0.0,848305.9632643067,0.85,alns_grid,0.85,R150_K15_tw0.85_cap0.85,,15,qaoa,150,fixed_budget,848305.9632643067,3,50,16,,,0.85
0.85,49.109146599999804,0.05053752656272665,891177.248416096,0.85,alns_grid,0.85,R150_K15_tw0.85_cap0.85,,15,efficient_su2,150,fixed_budget,848305.9632643067,3,50,16,,,0.85
0.85,42.912865899997996,0.004803540489191358,852380.8353060692,0.85,alns_grid,0.85,R150_K15_tw0.85_cap0.85,,15,hybrid_alns,150,fixed_budget,848305.9632643067,3,50,16,,,0.85
0.85,,,,0.85,alns_grid,0.85,R150_K15_tw0.85_cap0.85,inf,15,regret_k,150,time_to_target,,3,50,16,0.01,inf,0.85
0.85,,,,0.85,alns_grid,0.85,R150_K15_tw0.85_cap0.85,69,15,standard_alns,150,time_to_target,,3,50,16,0.01,25.176296500001627,0.85
0.85,,,,0.85,alns_grid,0.85,R150_K15_tw0.85_cap0.85,88,15,qaoa,150,time_to_target,,3,50,16,0.01,44.18981910000002,0.85
0.85,,,,0.85,alns_grid,0.85,R150_K15_tw0.85_cap0.85,inf,15,efficient_su2,150,time_to_target,,3,50,16,0.01,inf,0.85
0.85,,,,0.85,alns_grid,0.85,R150_K15_tw0.85_cap0.85,97,15,hybrid_alns,150,time_to_target,,3,50,16,0.01,42.11710010000024,0.85
0.85,47.80245780000041,0.004776044793056144,1022670.8727829237,0.85,alns_grid,0.85,R200_K20_tw0.85_cap0.85,,20,regret_k,200,fixed_budget,1017809.7677413808,3,10,16,,,0.85
0.85,49.23855879999974,0.0,1017809.7677413808,0.85,alns_grid,0.85,R200_K20_tw0.85_cap0.85,,20,standard_alns,200,fixed_budget,1017809.7677413808,3,10,16,,,0.85
0.85,64.29437329999928,0.00998581897985196,1027973.4318379714,0.85,alns_grid,0.85,R200_K20_tw0.85_cap0.85,,20,qaoa,200,fixed_budget,1017809.7677413808,3,10,16,,,0.85
0.85,61.965891899999406,0.015318257273413936,1033400.839619037,0.85,alns_grid,0.85,R200_K20_tw0.85_cap0.85,,20,efficient_su2,200,fixed_budget,1017809.7677413808,3,10,16,,,0.85
0.85,54.40886150000006,0.004388996832369653,1022276.9315879527,0.85,alns_grid,0.85,R200_K20_tw0.85_cap0.85,,20,hybrid_alns,200,fixed_budget,1017809.7677413808,3,10,16,,,0.85
0.85,,,,0.85,alns_grid,0.85,R200_K20_tw0.85_cap0.85,75,20,regret_k,200,time_to_target,,3,10,16,0.01,36.33186249999926,0.85
0.85,,,,0.85,alns_grid,0.85,R200_K20_tw0.85_cap0.85,83,20,standard_alns,200,time_to_target,,3,10,16,0.01,41.26896660000057,0.85
0.85,,,,0.85,alns_grid,0.85,R200_K20_tw0.85_cap0.85,99,20,qaoa,200,time_to_target,,3,10,16,0.01,64.29437329999928,0.85
0.85,,,,0.85,alns_grid,0.85,R200_K20_tw0.85_cap0.85,inf,20,efficient_su2,200,time_to_target,,3,10,16,0.01,inf,0.85
0.85,,,,0.85,alns_grid,0.85,R200_K20_tw0.85_cap0.85,81,20,hybrid_alns,200,time_to_target,,3,10,16,0.01,44.35275030000048,0.85
0.85,46.70686019999994,0.01506616671640941,992637.4175448398,0.85,alns_grid,0.85,R200_K20_tw0.85_cap0.85,,20,regret_k,200,fixed_budget,977904.1505795397,3,20,16,,,0.85
0.85,46.91498509999656,0.028063632536225225,1005347.6933170534,0.85,alns_grid,0.85,R200_K20_tw0.85_cap0.85,,20,standard_alns,200,fixed_budget,977904.1505795397,3,20,16,,,0.85
0.85,63.493298100001994,0.0,977904.1505795397,0.85,alns_grid,0.85,R200_K20_tw0.85_cap0.85,,20,qaoa,200,fixed_budget,977904.1505795397,3,20,16,,,0.85
0.85,62.99422990000312,0.025633376874265253,1002971.1362182533,0.85,alns_grid,0.85,R200_K20_tw0.85_cap0.85,,20,efficient_su2,200,fixed_budget,977904.1505795397,3,20,16,,,0.85
0.85,53.92174510000041,0.0243446024999454,1001710.8384084454,0.85,alns_grid,0.85,R200_K20_tw0.85_cap0.85,,20,hybrid_alns,200,fixed_budget,977904.1505795397,3,20,16,,,0.85
0.85,,,,0.85,alns_grid,0.85,R200_K20_tw0.85_cap0.85,inf,20,regret_k,200,time_to_target,,3,20,16,0.01,inf,0.85
0.85,,,,0.85,alns_grid,0.85,R200_K20_tw0.85_cap0.85,inf,20,standard_alns,200,time_to_target,,3,20,16,0.01,inf,0.85
0.85,,,,0.85,alns_grid,0.85,R200_K20_tw0.85_cap0.85,90,20,qaoa,200,time_to_target,,3,20,16,0.01,57.35998220000329,0.85
0.85,,,,0.85,alns_grid,0.85,R200_K20_tw0.85_cap0.85,inf,20,efficient_su2,200,time_to_target,,3,20,16,0.01,inf,0.85
0.85,,,,0.85,alns_grid,0.85,R200_K20_tw0.85_cap0.85,inf,20,hybrid_alns,200,time_to_target,,3,20,16,0.01,inf,0.85
0.85,48.10253229999944,0.035101748591797266,1035687.8358010534,0.85,alns_grid,0.85,R200_K20_tw0.85_cap0.85,,20,regret_k,200,fixed_budget,1000566.2121719469,3,30,16,,,0.85
0.85,50.20561279999674,0.02231602940943799,1022894.877188866,0.85,alns_grid,0.85,R200_K20_tw0.85_cap0.85,,20,standard_alns,200,fixed_budget,1000566.2121719469,3,30,16,,,0.85
0.85,63.26249129999633,0.013326553765403223,1013900.3115943022,0.85,alns_grid,0.85,R200_K20_tw0.85_cap0.85,,20,qaoa,200,fixed_budget,1000566.2121719469,3,30,16,,,0.85
0.85,64.60909560000437,0.0,1000566.2121719469,0.85,alns_grid,0.85,R200_K20_tw0.85_cap0.85,,20,efficient_su2,200,fixed_budget,1000566.2121719469,3,30,16,,,0.85
0.85,57.32908989999851,0.0027879800932531953,1003355.770853464,0.85,alns_grid,0.85,R200_K20_tw0.85_cap0.85,,20,hybrid_alns,200,fixed_budget,1000566.2121719469,3,30,16,,,0.85
0.85,,,,0.85,alns_grid,0.85,R200_K20_tw0.85_cap0.85,inf,20,regret_k,200,time_to_target,,3,30,16,0.01,inf,0.85
0.85,,,,0.85,alns_grid,0.85,R200_K20_tw0.85_cap0.85,inf,20,standard_alns,200,time_to_target,,3,30,16,0.01,inf,0.85
0.85,,,,0.85,alns_grid,0.85,R200_K20_tw0.85_cap0.85,inf,20,qaoa,200,time_to_target,,3,30,16,0.01,inf,0.85
0.85,,,,0.85,alns_grid,0.85,R200_K20_tw0.85_cap0.85,81,20,efficient_su2,200,time_to_target,,3,30,16,0.01,52.83182390000002,0.85
0.85,,,,0.85,alns_grid,0.85,R200_K20_tw0.85_cap0.85,96,20,hybrid_alns,200,time_to_target,,3,30,16,0.01,55.69986459999927,0.85
0.85,48.64106619999802,0.03579989910965251,1057423.783878509,0.85,alns_grid,0.85,R200_K20_tw0.85_cap0.85,,20,regret_k,200,fixed_budget,1020876.5078925416,3,40,16,,,0.85
0.85,50.404557800000475,0.0,1020876.5078925416,0.85,alns_grid,0.85,R200_K20_tw0.85_cap0.85,,20,standard_alns,200,fixed_budget,1020876.5078925416,3,40,16,,,0.85
0.85,63.537013399996795,0.02438584631636738,1045771.4455219989,0.85,alns_grid,0.85,R200_K20_tw0.85_cap0.85,,20,qaoa,200,fixed_budget,1020876.5078925416,3,40,16,,,0.85
0.85,65.35418930000014,0.00856576914377154,1029621.1003834488,0.85,alns_grid,0.85,R200_K20_tw0.85_cap0.85,,20,efficient_su2,200,fixed_budget,1020876.5078925416,3,40,16,,,0.85
0.85,55.89200909999636,0.04682544456901635,1068679.5042246748,0.85,alns_grid,0.85,R200_K20_tw0.85_cap0.85,,20,hybrid_alns,200,fixed_budget,1020876.5078925416,3,40,16,,,0.85
0.85,,,,0.85,alns_grid,0.85,R200_K20_tw0.85_cap0.85,inf,20,regret_k,200,time_to_target,,3,40,16,0.01,inf,0.85
0.85,,,,0.85,alns_grid,0.85,R200_K20_tw0.85_cap0.85,73,20,standard_alns,200,time_to_target,,3,40,16,0.01,37.326877599996806,0.85
0.85,,,,0.85,alns_grid,0.85,R200_K20_tw0.85_cap0.85,inf,20,qaoa,200,time_to_target,,3,40,16,0.01,inf,0.85
0.85,,,,0.85,alns_grid,0.85,R200_K20_tw0.85_cap0.85,91,20,efficient_su2,200,time_to_target,,3,40,16,0.01,60.073824799997965,0.85
0.85,,,,0.85,alns_grid,0.85,R200_K20_tw0.85_cap0.85,inf,20,hybrid_alns,200,time_to_target,,3,40,16,0.01,inf,0.85
0.85,50.66688140000042,0.006278071997094354,1029712.3233510761,0.85,alns_grid,0.85,R200_K20_tw0.85_cap0.85,,20,regret_k,200,fixed_budget,1023288.0473162585,3,50,16,,,0.85
0.85,49.76365349999833,0.0,1023288.0473162585,0.85,alns_grid,0.85,R200_K20_tw0.85_cap0.85,,20,standard_alns,200,fixed_budget,1023288.0473162585,3,50,16,,,0.85
0.85,63.566396199996234,0.03228621708825435,1056326.1473557272,0.85,alns_grid,0.85,R200_K20_tw0.85_cap0.85,,20,qaoa,200,fixed_budget,1023288.0473162585,3,50,16,,,0.85
0.85,63.936669400005485,0.011799688520498265,1035362.5275413393,0.85,alns_grid,0.85,R200_K20_tw0.85_cap0.85,,20,efficient_su2,200,fixed_budget,1023288.0473162585,3,50,16,,,0.85
0.85,56.50421479999932,0.03976934312062753,1063983.5407812158,0.85,alns_grid,0.85,R200_K20_tw0.85_cap0.85,,20,hybrid_alns,200,fixed_budget,1023288.0473162585,3,50,16,,,0.85
0.85,,,,0.85,alns_grid,0.85,R200_K20_tw0.85_cap0.85,87,20,regret_k,200,time_to_target,,3,50,16,0.01,44.92851420000079,0.85
0.85,,,,0.85,alns_grid,0.85,R200_K20_tw0.85_cap0.85,83,20,standard_alns,200,time_to_target,,3,50,16,0.01,42.03550140000152,0.85
0.85,,,,0.85,alns_grid,0.85,R200_K20_tw0.85_cap0.85,inf,20,qaoa,200,time_to_target,,3,50,16,0.01,inf,0.85
0.85,,,,0.85,alns_grid,0.85,R200_K20_tw0.85_cap0.85,inf,20,efficient_su2,200,time_to_target,,3,50,16,0.01,inf,0.85
0.85,,,,0.85,alns_grid,0.85,R200_K20_tw0.85_cap0.85,inf,20,hybrid_alns,200,time_to_target,,3,50,16,0.01,inf,0.85
0.85,22.125480900002003,0.024096049465003,635136.1920868786,0.85,alns_grid,0.85,R100_K10_tw0.85_cap0.85,,10,regret_k,100,fixed_budget,620192.0146246824,3,10,128,,,0.85
0.85,22.485143099998822,0.05473616339013885,654138.9460704384,0.85,alns_grid,0.85,R100_K10_tw0.85_cap0.85,,10,standard_alns,100,fixed_budget,620192.0146246824,3,10,128,,,0.85
0.85,46.1706561999963,0.0,620192.0146246824,0.85,alns_grid,0.85,R100_K10_tw0.85_cap0.85,,10,qaoa,100,fixed_budget,620192.0146246824,3,10,128,,,0.85
0.85,46.895624199998565,0.029998774697457473,638797.0151405705,0.85,alns_grid,0.85,R100_K10_tw0.85_cap0.85,,10,efficient_su2,100,fixed_budget,620192.0146246824,3,10,128,,,0.85
0.85,32.19481260000612,0.05728336963115679,655718.7030407198,0.85,alns_grid,0.85,R100_K10_tw0.85_cap0.85,,10,hybrid_alns,100,fixed_budget,620192.0146246824,3,10,128,,,0.85
0.85,,,,0.85,alns_grid,0.85,R100_K10_tw0.85_cap0.85,inf,10,regret_k,100,time_to_target,,3,10,128,0.01,inf,0.85
0.85,,,,0.85,alns_grid,0.85,R100_K10_tw0.85_cap0.85,inf,10,standard_alns,100,time_to_target,,3,10,128,0.01,inf,0.85
0.85,,,,0.85,alns_grid,0.85,R100_K10_tw0.85_cap0.85,90,10,qaoa,100,time_to_target,,3,10,128,0.01,42.08338350000122,0.85
0.85,,,,0.85,alns_grid,0.85,R100_K10_tw0.85_cap0.85,inf,10,efficient_su2,100,time_to_target,,3,10,128,0.01,inf,0.85
0.85,,,,0.85,alns_grid,0.85,R100_K10_tw0.85_cap0.85,inf,10,hybrid_alns,100,time_to_target,,3,10,128,0.01,inf,0.85
0.85,22.979964000005566,0.0033254361157030333,567349.5218123082,0.85,alns_grid,0.85,R100_K10_tw0.85_cap0.85,,10,regret_k,100,fixed_budget,565469.0904765239,3,20,128,,,0.85
0.85,23.104094900001655,0.03405854379395206,584728.1442586448,0.85,alns_grid,0.85,R100_K10_tw0.85_cap0.85,,10,standard_alns,100,fixed_budget,565469.0904765239,3,20,128,,,0.85
0.85,46.1684288999968,0.04782686097260678,592513.702051051,0.85,alns_grid,0.85,R100_K10_tw0.85_cap0.85,,10,qaoa,100,fixed_budget,565469.0904765239,3,20,128,,,0.85
0.85,45.62991619999957,0.0,565469.0904765239,0.85,alns_grid,0.85,R100_K10_tw0.85_cap0.85,,10,efficient_su2,100,fixed_budget,565469.0904765239,3,20,128,,,0.85
0.85,33.63012340000569,0.03142688891900494,583240.0247700603,0.85,alns_grid,0.85,R100_K10_tw0.85_cap0.85,,10,hybrid_alns,100,fixed_budget,565469.0904765239,3,20,128,,,0.85
0.85,,,,0.85,alns_grid,0.85,R100_K10_tw0.85_cap0.85,63,10,regret_k,100,time_to_target,,3,20,128,0.01,14.686272000006284,0.85
0.85,,,,0.85,alns_grid,0.85,R100_K10_tw0.85_cap0.85,inf,10,standard_alns,100,time_to_target,,3,20,128,0.01,inf,0.85
0.85,,,,0.85,alns_grid,0.85,R100_K10_tw0.85_cap0.85,inf,10,qaoa,100,time_to_target,,3,20,128,0.01,inf,0.85
0.85,,,,0.85,alns_grid,0.85,R100_K10_tw0.85_cap0.85,59,10,efficient_su2,100,time_to_target,,3,20,128,0.01,28.070453899999848,0.85
0.85,,,,0.85,alns_grid,0.85,R100_K10_tw0.85_cap0.85,inf,10,hybrid_alns,100,time_to_target,,3,20,128,0.01,inf,0.85
0.85,22.757846400003473,0.009722667943429786,637284.2860482044,0.85,alns_grid,0.85,R100_K10_tw0.85_cap0.85,,10,regret_k,100,fixed_budget,631147.845126825,3,30,128,,,0.85
0.85,22.60376980000001,0.021940583912373867,644995.5973839441,0.85,alns_grid,0.85,R100_K10_tw0.85_cap0.85,,10,standard_alns,100,fixed_budget,631147.845126825,3,30,128,,,0.85
0.85,45.02365060000011,0.024625545408348957,646690.2050463773,0.85,alns_grid,0.85,R100_K10_tw0.85_cap0.85,,10,qaoa,100,fixed_budget,631147.845126825,3,30,128,,,0.85
0.85,46.181143699999666,0.0,631147.845126825,0.85,alns_grid,0.85,R100_K10_tw0.85_cap0.85,,10,efficient_su2,100,fixed_budget,631147.845126825,3,30,128,,,0.85
0.85,28.84086440000101,0.027966184088808268,648798.6419508965,0.85,alns_grid,0.85,R100_K10_tw0.85_cap0.85,,10,hybrid_alns,100,fixed_budget,631147.845126825,3,30,128,,,0.85
0.85,,,,0.85,alns_grid,0.85,R100_K10_tw0.85_cap0.85,83,10,regret_k,100,time_to_target,,3,30,128,0.01,19.123658600001363,0.85
0.85,,,,0.85,alns_grid,0.85,R100_K10_tw0.85_cap0.85,inf,10,standard_alns,100,time_to_target,,3,30,128,0.01,inf,0.85
0.85,,,,0.85,alns_grid,0.85,R100_K10_tw0.85_cap0.85,inf,10,qaoa,100,time_to_target,,3,30,128,0.01,inf,0.85
0.85,,,,0.85,alns_grid,0.85,R100_K10_tw0.85_cap0.85,93,10,efficient_su2,100,time_to_target,,3,30,128,0.01,43.613690800004406,0.85
0.85,,,,0.85,alns_grid,0.85,R100_K10_tw0.85_cap0.85,inf,10,hybrid_alns,100,time_to_target,,3,30,128,0.01,inf,0.85
0.85,22.163329899995006,0.032472276927264176,652138.9900304246,0.85,alns_grid,0.85,R100_K10_tw0.85_cap0.85,,10,regret_k,100,fixed_budget,631628.5721213283,3,40,128,,,0.85
0.85,21.996957999996084,0.010442978923212005,638224.6559872899,0.85,alns_grid,0.85,R100_K10_tw0.85_cap0.85,,10,standard_alns,100,fixed_budget,631628.5721213283,3,40,128,,,0.85
0.85,45.5368707000016,0.02588625234759503,647979.0687292122,0.85,alns_grid,0.85,R100_K10_tw0.85_cap0.85,,10,qaoa,100,fixed_budget,631628.5721213283,3,40,128,,,0.85
0.85,45.17776430000231,0.006236508650182318,635567.7291750653,0.85,alns_grid,0.85,R100_K10_tw0.85_cap0.85,,10,efficient_su2,100,fixed_budget,631628.5721213283,3,40,128,,,0.85
0.85,32.88256299999921,0.0,631628.5721213283,0.85,alns_grid,0.85,R100_K10_tw0.85_cap0.85,,10,hybrid_alns,100,fixed_budget,631628.5721213283,3,40,128,,,0.85
0.85,,,,0.85,alns_grid,0.85,R100_K10_tw0.85_cap0.85,inf,10,regret_k,100,time_to_target,,3,40,128,0.01,inf,0.85
0.85,,,,0.85,alns_grid,0.85,R100_K10_tw0.85_cap0.85,inf,10,standard_alns,100,time_to_target,,3,40,128,0.01,inf,0.85
0.85,,,,0.85,alns_grid,0.85,R100_K10_tw0.85_cap0.85,inf,10,qaoa,100,time_to_target,,3,40,128,0.01,inf,0.85
0.85,,,,0.85,alns_grid,0.85,R100_K10_tw0.85_cap0.85,68,10,efficient_su2,100,time_to_target,,3,40,128,0.01,31.935597299998335,0.85
0.85,,,,0.85,alns_grid,0.85,R100_K10_tw0.85_cap0.85,88,10,hybrid_alns,100,time_to_target,,3,40,128,0.01,29.53984080000373,0.85
0.85,22.528027699998347,0.05492720195813264,633323.5296072215,0.85,alns_grid,0.85,R100_K10_tw0.85_cap0.85,,10,regret_k,100,fixed_budget,600348.0888839157,3,50,128,,,0.85
0.85,22.026737300002424,0.0,600348.0888839157,0.85,alns_grid,0.85,R100_K10_tw0.85_cap0.85,,10,standard_alns,100,fixed_budget,600348.0888839157,3,50,128,,,0.85
0.85,45.67033749999973,0.030132920218376224,618438.3299495094,0.85,alns_grid,0.85,R100_K10_tw0.85_cap0.85,,10,qaoa,100,fixed_budget,600348.0888839157,3,50,128,,,0.85
0.85,45.54979820000153,0.07560591679272,645737.9565387415,0.85,alns_grid,0.85,R100_K10_tw0.85_cap0.85,,10,efficient_su2,100,fixed_budget,600348.0888839157,3,50,128,,,0.85
0.85,31.59429369999998,0.02021646647557752,612485.0058965144,0.85,alns_grid,0.85,R100_K10_tw0.85_cap0.85,,10,hybrid_alns,100,fixed_budget,600348.0888839157,3,50,128,,,0.85
0.85,,,,0.85,alns_grid,0.85,R100_K10_tw0.85_cap0.85,inf,10,regret_k,100,time_to_target,,3,50,128,0.01,inf,0.85
0.85,,,,0.85,alns_grid,0.85,R100_K10_tw0.85_cap0.85,96,10,standard_alns,100,time_to_target,,3,50,128,0.01,21.40737269999954,0.85
0.85,,,,0.85,alns_grid,0.85,R100_K10_tw0.85_cap0.85,inf,10,qaoa,100,time_to_target,,3,50,128,0.01,inf,0.85
0.85,,,,0.85,alns_grid,0.85,R100_K10_tw0.85_cap0.85,inf,10,efficient_su2,100,time_to_target,,3,50,128,0.01,inf,0.85
0.85,,,,0.85,alns_grid,0.85,R100_K10_tw0.85_cap0.85,inf,10,hybrid_alns,100,time_to_target,,3,50,128,0.01,inf,0.85
0.85,35.58191850000003,0.0051939999969280275,811392.4209939416,0.85,alns_grid,0.85,R150_K15_tw0.85_cap0.85,,15,regret_k,150,fixed_budget,807199.8251048268,3,10,128,,,0.85
0.85,35.13228939999681,0.0,807199.8251048268,0.85,alns_grid,0.85,R150_K15_tw0.85_cap0.85,,15,standard_alns,150,fixed_budget,807199.8251048268,3,10,128,,,0.85
0.85,59.99616689999675,0.00159991880643408,808491.2792855623,0.85,alns_grid,0.85,R150_K15_tw0.85_cap0.85,,15,qaoa,150,fixed_budget,807199.8251048268,3,10,128,,,0.85
0.85,59.57822839999426,0.013261402166762807,817904.4266144825,0.85,alns_grid,0.85,R150_K15_tw0.85_cap0.85,,15,efficient_su2,150,fixed_budget,807199.8251048268,3,10,128,,,0.85
0.85,43.543886200001,0.021411304233957852,824483.0261377438,0.85,alns_grid,0.85,R150_K15_tw0.85_cap0.85,,15,hybrid_alns,150,fixed_budget,807199.8251048268,3,10,128,,,0.85
0.85,,,,0.85,alns_grid,0.85,R150_K15_tw0.85_cap0.85,94,15,regret_k,150,time_to_target,,3,10,128,0.01,33.812019999997574,0.85
0.85,,,,0.85,alns_grid,0.85,R150_K15_tw0.85_cap0.85,82,15,standard_alns,150,time_to_target,,3,10,128,0.01,29.29818720000185,0.85
0.85,,,,0.85,alns_grid,0.85,R150_K15_tw0.85_cap0.85,98,15,qaoa,150,time_to_target,,3,10,128,0.01,59.33391099999426,0.85
0.85,,,,0.85,alns_grid,0.85,R150_K15_tw0.85_cap0.85,inf,15,efficient_su2,150,time_to_target,,3,10,128,0.01,inf,0.85
0.85,,,,0.85,alns_grid,0.85,R150_K15_tw0.85_cap0.85,inf,15,hybrid_alns,150,time_to_target,,3,10,128,0.01,inf,0.85
0.85,36.21838890000072,0.0,792087.0102977904,0.85,alns_grid,0.85,R150_K15_tw0.85_cap0.85,,15,regret_k,150,fixed_budget,792087.0102977904,3,20,128,,,0.85
0.85,36.49844950000261,0.031430891685699285,816983.0113241096,0.85,alns_grid,0.85,R150_K15_tw0.85_cap0.85,,15,standard_alns,150,fixed_budget,792087.0102977904,3,20,128,,,0.85
0.85,60.26613549999456,0.03502909459341742,819833.1011077289,0.85,alns_grid,0.85,R150_K15_tw0.85_cap0.85,,15,qaoa,150,fixed_budget,792087.0102977904,3,20,128,,,0.85
0.85,59.051032600000326,0.008066227282261178,798476.1641501791,0.85,alns_grid,0.85,R150_K15_tw0.85_cap0.85,,15,efficient_su2,150,fixed_budget,792087.0102977904,3,20,128,,,0.85
0.85,45.42146589999902,0.010147293121714742,800124.5493691848,0.85,alns_grid,0.85,R150_K15_tw0.85_cap0.85,,15,hybrid_alns,150,fixed_budget,792087.0102977904,3,20,128,,,0.85
0.85,,,,0.85,alns_grid,0.85,R150_K15_tw0.85_cap0.85,83,15,regret_k,150,time_to_target,,3,20,128,0.01,30.354322600003798,0.85
0.85,,,,0.85,alns_grid,0.85,R150_K15_tw0.85_cap0.85,inf,15,standard_alns,150,time_to_target,,3,20,128,0.01,inf,0.85
0.85,,,,0.85,alns_grid,0.85,R150_K15_tw0.85_cap0.85,inf,15,qaoa,150,time_to_target,,3,20,128,0.01,inf,0.85
0.85,,,,0.85,alns_grid,0.85,R150_K15_tw0.85_cap0.85,97,15,efficient_su2,150,time_to_target,,3,20,128,0.01,57.84992549999879,0.85
0.85,,,,0.85,alns_grid,0.85,R150_K15_tw0.85_cap0.85,inf,15,hybrid_alns,150,time_to_target,,3,20,128,0.01,inf,0.85
0.85,35.32040030000644,0.06153173087040252,823489.7521911022,0.85,alns_grid,0.85,R150_K15_tw0.85_cap0.85,,15,regret_k,150,fixed_budget,775756.1345018694,3,30,128,,,0.85
0.85,36.23734589999367,0.08093577321135394,838542.5570712293,0.85,alns_grid,0.85,R150_K15_tw0.85_cap0.85,,15,standard_alns,150,fixed_budget,775756.1345018694,3,30,128,,,0.85
0.85,59.42495090000011,0.07378674244497346,832996.6525984671,0.85,alns_grid,0.85,R150_K15_tw0.85_cap0.85,,15,qaoa,150,fixed_budget,775756.1345018694,3,30,128,,,0.85
0.85,59.231792899998254,0.06537147916705996,826468.4604871774,0.85,alns_grid,0.85,R150_K15_tw0.85_cap0.85,,15,efficient_su2,150,fixed_budget,775756.1345018694,3,30,128,,,0.85
0.85,47.06164269999863,0.0,775756.1345018694,0.85,alns_grid,0.85,R150_K15_tw0.85_cap0.85,,15,hybrid_alns,150,fixed_budget,775756.1345018694,3,30,128,,,0.85
0.85,,,,0.85,alns_grid,0.85,R150_K15_tw0.85_cap0.85,inf,15,regret_k,150,time_to_target,,3,30,128,0.01,inf,0.85
0.85,,,,0.85,alns_grid,0.85,R150_K15_tw0.85_cap0.85,inf,15,standard_alns,150,time_to_target,,3,30,128,0.01,inf,0.85
0.85,,,,0.85,alns_grid,0.85,R150_K15_tw0.85_cap0.85,inf,15,qaoa,150,time_to_target,,3,30,128,0.01,inf,0.85
0.85,,,,0.85,alns_grid,0.85,R150_K15_tw0.85_cap0.85,inf,15,efficient_su2,150,time_to_target,,3,30,128,0.01,inf,0.85
0.85,,,,0.85,alns_grid,0.85,R150_K15_tw0.85_cap0.85,98,15,hybrid_alns,150,time_to_target,,3,30,128,0.01,46.63959969999996,0.85
0.85,36.71649790000083,0.03623402964793102,807083.7021804082,0.85,alns_grid,0.85,R150_K15_tw0.85_cap0.85,,15,regret_k,150,fixed_budget,778862.3796254032,3,40,128,,,0.85
0.85,36.272631300002104,0.03071007431661539,802781.3011861152,0.85,alns_grid,0.85,R150_K15_tw0.85_cap0.85,,15,standard_alns,150,fixed_budget,778862.3796254032,3,40,128,,,0.85
0.85,59.92037939999864,0.027778047576132756,800497.6558618976,0.85,alns_grid,0.85,R150_K15_tw0.85_cap0.85,,15,qaoa,150,fixed_budget,778862.3796254032,3,40,128,,,0.85
0.85,59.346386899997015,0.018779256979063946,793488.8364037139,0.85,alns_grid,0.85,R150_K15_tw0.85_cap0.85,,15,efficient_su2,150,fixed_budget,778862.3796254032,3,40,128,,,0.85
0.85,44.65276189999713,0.0,778862.3796254032,0.85,alns_grid,0.85,R150_K15_tw0.85_cap0.85,,15,hybrid_alns,150,fixed_budget,778862.3796254032,3,40,128,,,0.85
0.85,,,,0.85,alns_grid,0.85,R150_K15_tw0.85_cap0.85,inf,15,regret_k,150,time_to_target,,3,40,128,0.01,inf,0.85
0.85,,,,0.85,alns_grid,0.85,R150_K15_tw0.85_cap0.85,inf,15,standard_alns,150,time_to_target,,3,40,128,0.01,inf,0.85
0.85,,,,0.85,alns_grid,0.85,R150_K15_tw0.85_cap0.85,inf,15,qaoa,150,time_to_target,,3,40,128,0.01,inf,0.85
0.85,,,,0.85,alns_grid,0.85,R150_K15_tw0.85_cap0.85,inf,15,efficient_su2,150,time_to_target,,3,40,128,0.01,inf,0.85
0.85,,,,0.85,alns_grid,0.85,R150_K15_tw0.85_cap0.85,92,15,hybrid_alns,150,time_to_target,,3,40,128,0.01,41.79585039999802,0.85
0.85,35.9475162000017,0.04522275204973793,891154.7205503662,0.85,alns_grid,0.85,R150_K15_tw0.85_cap0.85,,15,regret_k,150,fixed_budget,852597.8972451221,3,50,128,,,0.85
0.85,37.41542399999889,2.5406138469501917e-05,852619.5584653583,0.85,alns_grid,0.85,R150_K15_tw0.85_cap0.85,,15,standard_alns,150,fixed_budget,852597.8972451221,3,50,128,,,0.85
0.85,61.725617000003695,0.03923052752047542,886045.7625168964,0.85,alns_grid,0.85,R150_K15_tw0.85_cap0.85,,15,qaoa,150,fixed_budget,852597.8972451221,3,50,128,,,0.85
0.85,59.92351919999783,0.042671905053653945,888979.873765311,0.85,alns_grid,0.85,R150_K15_tw0.85_cap0.85,,15,efficient_su2,150,fixed_budget,852597.8972451221,3,50,128,,,0.85
0.85,48.1332054999948,0.0,852597.8972451221,0.85,alns_grid,0.85,R150_K15_tw0.85_cap0.85,,15,hybrid_alns,150,fixed_budget,852597.8972451221,3,50,128,,,0.85
0.85,,,,0.85,alns_grid,0.85,R150_K15_tw0.85_cap0.85,inf,15,regret_k,150,time_to_target,,3,50,128,0.01,inf,0.85
0.85,,,,0.85,alns_grid,0.85,R150_K15_tw0.85_cap0.85,68,15,standard_alns,150,time_to_target,,3,50,128,0.01,25.59081519999745,0.85
0.85,,,,0.85,alns_grid,0.85,R150_K15_tw0.85_cap0.85,inf,15,qaoa,150,time_to_target,,3,50,128,0.01,inf,0.85
0.85,,,,0.85,alns_grid,0.85,R150_K15_tw0.85_cap0.85,inf,15,efficient_su2,150,time_to_target,,3,50,128,0.01,inf,0.85
0.85,,,,0.85,alns_grid,0.85,R150_K15_tw0.85_cap0.85,92,15,hybrid_alns,150,time_to_target,,3,50,128,0.01,44.6938971999989,0.85
0.85,48.18685349999578,0.004776044793056144,1022670.8727829237,0.85,alns_grid,0.85,R200_K20_tw0.85_cap0.85,,20,regret_k,200,fixed_budget,1017809.7677413808,3,10,128,,,0.85
0.85,49.36677970000164,0.0,1017809.7677413808,0.85,alns_grid,0.85,R200_K20_tw0.85_cap0.85,,20,standard_alns,200,fixed_budget,1017809.7677413808,3,10,128,,,0.85
0.85,71.68598219999694,0.01840507581714389,1036542.6336840906,0.85,alns_grid,0.85,R200_K20_tw0.85_cap0.85,,20,qaoa,200,fixed_budget,1017809.7677413808,3,10,128,,,0.85
0.85,72.48105349999969,0.009079242720249162,1027050.7096657453,0.85,alns_grid,0.85,R200_K20_tw0.85_cap0.85,,20,efficient_su2,200,fixed_budget,1017809.7677413808,3,10,128,,,0.85
0.85,58.33382089999941,0.015181244205126667,1033261.386379826,0.85,alns_grid,0.85,R200_K20_tw0.85_cap0.85,,20,hybrid_alns,200,fixed_budget,1017809.7677413808,3,10,128,,,0.85
0.85,,,,0.85,alns_grid,0.85,R200_K20_tw0.85_cap0.85,75,20,regret_k,200,time_to_target,,3,10,128,0.01,36.53422660000069,0.85
0.85,,,,0.85,alns_grid,0.85,R200_K20_tw0.85_cap0.85,83,20,standard_alns,200,time_to_target,,3,10,128,0.01,41.204888799999026,0.85
0.85,,,,0.85,alns_grid,0.85,R200_K20_tw0.85_cap0.85,inf,20,qaoa,200,time_to_target,,3,10,128,0.01,inf,0.85
0.85,,,,0.85,alns_grid,0.85,R200_K20_tw0.85_cap0.85,97,20,efficient_su2,200,time_to_target,,3,10,128,0.01,71.02204180000263,0.85
0.85,,,,0.85,alns_grid,0.85,R200_K20_tw0.85_cap0.85,inf,20,hybrid_alns,200,time_to_target,,3,10,128,0.01,inf,0.85
0.85,48.96735959999933,0.03134264516004559,992637.4175448398,0.85,alns_grid,0.85,R200_K20_tw0.85_cap0.85,,20,regret_k,200,fixed_budget,962471.0295876503,3,20,128,,,0.85
0.85,48.30371860000014,0.04454852396728515,1005347.6933170534,0.85,alns_grid,0.85,R200_K20_tw0.85_cap0.85,,20,standard_alns,200,fixed_budget,962471.0295876503,3,20,128,,,0.85
0.85,73.93574210000224,0.018223333187761207,980010.4598433936,0.85,alns_grid,0.85,R200_K20_tw0.85_cap0.85,,20,qaoa,200,fixed_budget,962471.0295876503,3,20,128,,,0.85
0.85,73.84911869999632,0.04093259036671483,1001867.4619815919,0.85,alns_grid,0.85,R200_K20_tw0.85_cap0.85,,20,efficient_su2,200,fixed_budget,962471.0295876503,3,20,128,,,0.85
0.85,59.476509400003124,0.0,962471.0295876503,0.85,alns_grid,0.85,R200_K20_tw0.85_cap0.85,,20,hybrid_alns,200,fixed_budget,962471.0295876503,3,20,128,,,0.85
0.85,,,,0.85,alns_grid,0.85,R200_K20_tw0.85_cap0.85,inf,20,regret_k,200,time_to_target,,3,20,128,0.01,inf,0.85
0.85,,,,0.85,alns_grid,0.85,R200_K20_tw0.85_cap0.85,inf,20,standard_alns,200,time_to_target,,3,20,128,0.01,inf,0.85
0.85,,,,0.85,alns_grid,0.85,R200_K20_tw0.85_cap0.85,inf,20,qaoa,200,time_to_target,,3,20,128,0.01,inf,0.85
0.85,,,,0.85,alns_grid,0.85,R200_K20_tw0.85_cap0.85,inf,20,efficient_su2,200,time_to_target,,3,20,128,0.01,inf,0.85
0.85,,,,0.85,alns_grid,0.85,R200_K20_tw0.85_cap0.85,66,20,hybrid_alns,200,time_to_target,,3,20,128,0.01,39.1573503000036,0.85
0.85,48.24393440000131,0.04944774194845733,1035687.8358010534,0.85,alns_grid,0.85,R200_K20_tw0.85_cap0.85,,20,regret_k,200,fixed_budget,986888.431317355,3,30,128,,,0.85
0.85,50.55824700000085,0.03648481908278887,1022894.877188866,0.85,alns_grid,0.85,R200_K20_tw0.85_cap0.85,,20,standard_alns,200,fixed_budget,986888.431317355,3,30,128,,,0.85
0.85,72.90155100000266,0.02014628164343282,1006770.56360532,0.85,alns_grid,0.85,R200_K20_tw0.85_cap0.85,,20,qaoa,200,fixed_budget,986888.431317355,3,30,128,,,0.85
0.85,71.88321279999946,0.0317838093420653,1018255.5050602357,0.85,alns_grid,0.85,R200_K20_tw0.85_cap0.85,,20,efficient_su2,200,fixed_budget,986888.431317355,3,30,128,,,0.85
0.85,61.04490269999951,0.0,986888.431317355,0.85,alns_grid,0.85,R200_K20_tw0.85_cap0.85,,20,hybrid_alns,200,fixed_budget,986888.431317355,3,30,128,,,0.85
0.85,,,,0.85,alns_grid,0.85,R200_K20_tw0.85_cap0.85,inf,20,regret_k,200,time_to_target,,3,30,128,0.01,inf,0.85
0.85,,,,0.85,alns_grid,0.85,R200_K20_tw0.85_cap0.85,inf,20,standard_alns,200,time_to_target,,3,30,128,0.01,inf,0.85
0.85,,,,0.85,alns_grid,0.85,R200_K20_tw0.85_cap0.85,inf,20,qaoa,200,time_to_target,,3,30,128,0.01,inf,0.85
0.85,,,,0.85,alns_grid,0.85,R200_K20_tw0.85_cap0.85,inf,20,efficient_su2,200,time_to_target,,3,30,128,0.01,inf,0.85
0.85,,,,0.85,alns_grid,0.85,R200_K20_tw0.85_cap0.85,80,20,hybrid_alns,200,time_to_target,,3,30,128,0.01,49.46255209999799,0.85
0.85,48.8611857000069,0.03579989910965251,1057423.783878509,0.85,alns_grid,0.85,R200_K20_tw0.85_cap0.85,,20,regret_k,200,fixed_budget,1020876.5078925416,3,40,128,,,0.85
0.85,51.748931999994966,0.0,1020876.5078925416,0.85,alns_grid,0.85,R200_K20_tw0.85_cap0.85,,20,standard_alns,200,fixed_budget,1020876.5078925416,3,40,128,,,0.85
0.85,72.42212879999715,0.01448427490485727,1035663.1638767679,0.85,alns_grid,0.85,R200_K20_tw0.85_cap0.85,,20,qaoa,200,fixed_budget,1020876.5078925416,3,40,128,,,0.85
0.85,71.72027000000526,0.05084694485190407,1072784.959389958,0.85,alns_grid,0.85,R200_K20_tw0.85_cap0.85,,20,efficient_su2,200,fixed_budget,1020876.5078925416,3,40,128,,,0.85
0.85,55.741515500005335,0.026421434918366838,1047849.530105514,0.85,alns_grid,0.85,R200_K20_tw0.85_cap0.85,,20,hybrid_alns,200,fixed_budget,1020876.5078925416,3,40,128,,,0.85
0.85,,,,0.85,alns_grid,0.85,R200_K20_tw0.85_cap0.85,inf,20,regret_k,200,time_to_target,,3,40,128,0.01,inf,0.85
0.85,,,,0.85,alns_grid,0.85,R200_K20_tw0.85_cap0.85,73,20,standard_alns,200,time_to_target,,3,40,128,0.01,38.580060699998285,0.85
0.85,,,,0.85,alns_grid,0.85,R200_K20_tw0.85_cap0.85,inf,20,qaoa,200,time_to_target,,3,40,128,0.01,inf,0.85
0.85,,,,0.85,alns_grid,0.85,R200_K20_tw0.85_cap0.85,inf,20,efficient_su2,200,time_to_target,,3,40,128,0.01,inf,0.85
0.85,,,,0.85,alns_grid,0.85,R200_K20_tw0.85_cap0.85,inf,20,hybrid_alns,200,time_to_target,,3,40,128,0.01,inf,0.85
0.85,49.408444799999415,0.006278071997094354,1029712.3233510761,0.85,alns_grid,0.85,R200_K20_tw0.85_cap0.85,,20,regret_k,200,fixed_budget,1023288.0473162585,3,50,128,,,0.85
0.85,50.6799458999958,0.0,1023288.0473162585,0.85,alns_grid,0.85,R200_K20_tw0.85_cap0.85,,20,standard_alns,200,fixed_budget,1023288.0473162585,3,50,128,,,0.85
0.85,71.95287269999972,0.0056392918171243745,1029058.6672280503,0.85,alns_grid,0.85,R200_K20_tw0.85_cap0.85,,20,qaoa,200,fixed_budget,1023288.0473162585,3,50,128,,,0.85
0.85,74.09958120000374,0.007283997651104938,1030741.6750493139,0.85,alns_grid,0.85,R200_K20_tw0.85_cap0.85,,20,efficient_su2,200,fixed_budget,1023288.0473162585,3,50,128,,,0.85
0.85,62.671277499997814,0.03531120098754096,1059421.5772231913,0.85,alns_grid,0.85,R200_K20_tw0.85_cap0.85,,20,hybrid_alns,200,fixed_budget,1023288.0473162585,3,50,128,,,0.85
0.85,,,,0.85,alns_grid,0.85,R200_K20_tw0.85_cap0.85,87,20,regret_k,200,time_to_target,,3,50,128,0.01,43.544096500001615,0.85
0.85,,,,0.85,alns_grid,0.85,R200_K20_tw0.85_cap0.85,83,20,standard_alns,200,time_to_target,,3,50,128,0.01,42.83740489999764,0.85
0.85,,,,0.85,alns_grid,0.85,R200_K20_tw0.85_cap0.85,97,20,qaoa,200,time_to_target,,3,50,128,0.01,70.48603659999935,0.85
0.85,,,,0.85,alns_grid,0.85,R200_K20_tw0.85_cap0.85,91,20,efficient_su2,200,time_to_target,,3,50,128,0.01,68.1467294000031,0.85
0.85,,,,0.85,alns_grid,0.85,R200_K20_tw0.85_cap0.85,inf,20,hybrid_alns,200,time_to_target,,3,50,128,0.01,inf,0.85
0.85,22.443713599997864,0.0,635136.1920868786,0.85,alns_grid,0.85,R100_K10_tw0.85_cap0.85,,10,regret_k,100,fixed_budget,635136.1920868786,3,10,1024,,,0.85
0.85,22.950197700003628,0.029919179886635165,654138.9460704384,0.85,alns_grid,0.85,R100_K10_tw0.85_cap0.85,,10,standard_alns,100,fixed_budget,635136.1920868786,3,10,1024,,,0.85
0.85,45.20075180000276,0.04096110388837977,661152.0716342191,0.85,alns_grid,0.85,R100_K10_tw0.85_cap0.85,,10,qaoa,100,fixed_budget,635136.1920868786,3,10,1024,,,0.85
0.85,46.54172620000463,0.005763839471442263,638797.0151405705,0.85,alns_grid,0.85,R100_K10_tw0.85_cap0.85,,10,efficient_su2,100,fixed_budget,635136.1920868786,3,10,1024,,,0.85
0.85,33.838343900002656,0.036451021375741806,658287.5550011446,0.85,alns_grid,0.85,R100_K10_tw0.85_cap0.85,,10,hybrid_alns,100,fixed_budget,635136.1920868786,3,10,1024,,,0.85
0.85,,,,0.85,alns_grid,0.85,R100_K10_tw0.85_cap0.85,89,10,regret_k,100,time_to_target,,3,10,1024,0.01,20.250567999995837,0.85
0.85,,,,0.85,alns_grid,0.85,R100_K10_tw0.85_cap0.85,inf,10,standard_alns,100,time_to_target,,3,10,1024,0.01,inf,0.85
0.85,,,,0.85,alns_grid,0.85,R100_K10_tw0.85_cap0.85,inf,10,qaoa,100,time_to_target,,3,10,1024,0.01,inf,0.85
0.85,,,,0.85,alns_grid,0.85,R100_K10_tw0.85_cap0.85,94,10,efficient_su2,100,time_to_target,,3,10,1024,0.01,44.2391432000004,0.85
0.85,,,,0.85,alns_grid,0.85,R100_K10_tw0.85_cap0.85,inf,10,hybrid_alns,100,time_to_target,,3,10,1024,0.01,inf,0.85
0.85,22.3204493000012,0.0033254361157030333,567349.5218123082,0.85,alns_grid,0.85,R100_K10_tw0.85_cap0.85,,10,regret_k,100,fixed_budget,565469.0904765239,3,20,1024,,,0.85
0.85,23.0450622999997,0.03405854379395206,584728.1442586448,0.85,alns_grid,0.85,R100_K10_tw0.85_cap0.85,,10,standard_alns,100,fixed_budget,565469.0904765239,3,20,1024,,,0.85
0.85,44.11121009999624,0.05401356790985601,596012.0935959021,0.85,alns_grid,0.85,R100_K10_tw0.85_cap0.85,,10,qaoa,100,fixed_budget,565469.0904765239,3,20,1024,,,0.85
0.85,44.44417919999978,0.0,565469.0904765239,0.85,alns_grid,0.85,R100_K10_tw0.85_cap0.85,,10,efficient_su2,100,fixed_budget,565469.0904765239,3,20,1024,,,0.85
0.85,30.74351939999906,0.024364374850147214,579246.3913630657,0.85,alns_grid,0.85,R100_K10_tw0.85_cap0.85,,10,hybrid_alns,100,fixed_budget,565469.0904765239,3,20,1024,,,0.85
0.85,,,,0.85,alns_grid,0.85,R100_K10_tw0.85_cap0.85,63,10,regret_k,100,time_to_target,,3,20,1024,0.01,14.16843240000162,0.85
0.85,,,,0.85,alns_grid,0.85,R100_K10_tw0.85_cap0.85,inf,10,standard_alns,100,time_to_target,,3,20,1024,0.01,inf,0.85
0.85,,,,0.85,alns_grid,0.85,R100_K10_tw0.85_cap0.85,inf,10,qaoa,100,time_to_target,,3,20,1024,0.01,inf,0.85
0.85,,,,0.85,alns_grid,0.85,R100_K10_tw0.85_cap0.85,59,10,efficient_su2,100,time_to_target,,3,20,1024,0.01,25.989164899998286,0.85
0.85,,,,0.85,alns_grid,0.85,R100_K10_tw0.85_cap0.85,inf,10,hybrid_alns,100,time_to_target,,3,20,1024,0.01,inf,0.85
0.85,22.969229000002088,0.009722667943429786,637284.2860482044,0.85,alns_grid,0.85,R100_K10_tw0.85_cap0.85,,10,regret_k,100,fixed_budget,631147.845126825,3,30,1024,,,0.85
0.85,22.48760089999996,0.021940583912373867,644995.5973839441,0.85,alns_grid,0.85,R100_K10_tw0.85_cap0.85,,10,standard_alns,100,fixed_budget,631147.845126825,3,30,1024,,,0.85
0.85,45.95665379999991,0.04726457439175004,660978.7794050146,0.85,alns_grid,0.85,R100_K10_tw0.85_cap0.85,,10,qaoa,100,fixed_budget,631147.845126825,3,30,1024,,,0.85
0.85,45.524399699999776,0.0,631147.845126825,0.85,alns_grid,0.85,R100_K10_tw0.85_cap0.85,,10,efficient_su2,100,fixed_budget,631147.845126825,3,30,1024,,,0.85
0.85,30.340763100000913,0.06974498519687461,675167.2422422348,0.85,alns_grid,0.85,R100_K10_tw0.85_cap0.85,,10,hybrid_alns,100,fixed_budget,631147.845126825,3,30,1024,,,0.85
0.85,,,,0.85,alns_grid,0.85,R100_K10_tw0.85_cap0.85,83,10,regret_k,100,time_to_target,,3,30,1024,0.01,19.28123190000042,0.85
0.85,,,,0.85,alns_grid,0.85,R100_K10_tw0.85_cap0.85,inf,10,standard_alns,100,time_to_target,,3,30,1024,0.01,inf,0.85
0.85,,,,0.85,alns_grid,0.85,R100_K10_tw0.85_cap0.85,inf,10,qaoa,100,time_to_target,,3,30,1024,0.01,inf,0.85
0.85,,,,0.85,alns_grid,0.85,R100_K10_tw0.85_cap0.85,93,10,efficient_su2,100,time_to_target,,3,30,1024,0.01,42.80323309999949,0.85
0.85,,,,0.85,alns_grid,0.85,R100_K10_tw0.85_cap0.85,inf,10,hybrid_alns,100,time_to_target,,3,30,1024,0.01,inf,0.85
0.85,22.397807100001955,0.026073162771917187,652138.9900304246,0.85,alns_grid,0.85,R100_K10_tw0.85_cap0.85,,10,regret_k,100,fixed_budget,635567.7291750653,3,40,1024,,,0.85
0.85,22.185947700003453,0.004180399177398626,638224.6559872899,0.85,alns_grid,0.85,R100_K10_tw0.85_cap0.85,,10,standard_alns,100,fixed_budget,635567.7291750653,3,40,1024,,,0.85
0.85,45.88154030000442,0.0497952186187945,667215.9631963884,0.85,alns_grid,0.85,R100_K10_tw0.85_cap0.85,,10,qaoa,100,fixed_budget,635567.7291750653,3,40,1024,,,0.85
0.85,45.79616520000127,0.0,635567.7291750653,0.85,alns_grid,0.85,R100_K10_tw0.85_cap0.85,,10,efficient_su2,100,fixed_budget,635567.7291750653,3,40,1024,,,0.85
0.85,29.68797029999405,0.0037077320159867116,637924.2439928557,0.85,alns_grid,0.85,R100_K10_tw0.85_cap0.85,,10,hybrid_alns,100,fixed_budget,635567.7291750653,3,40,1024,,,0.85
0.85,,,,0.85,alns_grid,0.85,R100_K10_tw0.85_cap0.85,inf,10,regret_k,100,time_to_target,,3,40,1024,0.01,inf,0.85
0.85,,,,0.85,alns_grid,0.85,R100_K10_tw0.85_cap0.85,54,10,standard_alns,100,time_to_target,,3,40,1024,0.01,12.409910800000944,0.85
0.85,,,,0.85,alns_grid,0.85,R100_K10_tw0.85_cap0.85,inf,10,qaoa,100,time_to_target,,3,40,1024,0.01,inf,0.85
0.85,,,,0.85,alns_grid,0.85,R100_K10_tw0.85_cap0.85,68,10,efficient_su2,100,time_to_target,,3,40,1024,0.01,31.207029299999704,0.85
0.85,,,,0.85,alns_grid,0.85,R100_K10_tw0.85_cap0.85,52,10,hybrid_alns,100,time_to_target,,3,40,1024,0.01,15.302732099997229,0.85
0.85,22.570094800001243,0.05492720195813264,633323.5296072215,0.85,alns_grid,0.85,R100_K10_tw0.85_cap0.85,,10,regret_k,100,fixed_budget,600348.0888839157,3,50,1024,,,0.85
0.85,22.526691899998696,0.0,600348.0888839157,0.85,alns_grid,0.85,R100_K10_tw0.85_cap0.85,,10,standard_alns,100,fixed_budget,600348.0888839157,3,50,1024,,,0.85
0.85,45.369033200004196,0.06163271099654549,637349.1691434265,0.85,alns_grid,0.85,R100_K10_tw0.85_cap0.85,,10,qaoa,100,fixed_budget,600348.0888839157,3,50,1024,,,0.85
0.85,46.17750449999585,0.07560591679272,645737.9565387415,0.85,alns_grid,0.85,R100_K10_tw0.85_cap0.85,,10,efficient_su2,100,fixed_budget,600348.0888839157,3,50,1024,,,0.85
0.85,32.387157500001194,0.040925318608111064,624917.5256972605,0.85,alns_grid,0.85,R100_K10_tw0.85_cap0.85,,10,hybrid_alns,100,fixed_budget,600348.0888839157,3,50,1024,,,0.85
0.85,,,,0.85,alns_grid,0.85,R100_K10_tw0.85_cap0.85,inf,10,regret_k,100,time_to_target,,3,50,1024,0.01,inf,0.85
0.85,,,,0.85,alns_grid,0.85,R100_K10_tw0.85_cap0.85,96,10,standard_alns,100,time_to_target,,3,50,1024,0.01,21.888120200004778,0.85
0.85,,,,0.85,alns_grid,0.85,R100_K10_tw0.85_cap0.85,inf,10,qaoa,100,time_to_target,,3,50,1024,0.01,inf,0.85
0.85,,,,0.85,alns_grid,0.85,R100_K10_tw0.85_cap0.85,inf,10,efficient_su2,100,time_to_target,,3,50,1024,0.01,inf,0.85
0.85,,,,0.85,alns_grid,0.85,R100_K10_tw0.85_cap0.85,inf,10,hybrid_alns,100,time_to_target,,3,50,1024,0.01,inf,0.85
0.85,36.262191200003144,0.0051939999969280275,811392.4209939416,0.85,alns_grid,0.85,R150_K15_tw0.85_cap0.85,,15,regret_k,150,fixed_budget,807199.8251048268,3,10,1024,,,0.85
0.85,35.070468099998834,0.0,807199.8251048268,0.85,alns_grid,0.85,R150_K15_tw0.85_cap0.85,,15,standard_alns,150,fixed_budget,807199.8251048268,3,10,1024,,,0.85
0.85,58.27202180000313,0.018032620115991622,821755.752908637,0.85,alns_grid,0.85,R150_K15_tw0.85_cap0.85,,15,qaoa,150,fixed_budget,807199.8251048268,3,10,1024,,,0.85
0.85,57.783277700000326,0.013261402166762807,817904.4266144825,0.85,alns_grid,0.85,R150_K15_tw0.85_cap0.85,,15,efficient_su2,150,fixed_budget,807199.8251048268,3,10,1024,,,0.85
0.85,43.37126740000531,0.004406770175113354,810756.9692194555,0.85,alns_grid,0.85,R150_K15_tw0.85_cap0.85,,15,hybrid_alns,150,fixed_budget,807199.8251048268,3,10,1024,,,0.85
0.85,,,,0.85,alns_grid,0.85,R150_K15_tw0.85_cap0.85,94,15,regret_k,150,time_to_target,,3,10,1024,0.01,34.48225950000051,0.85
0.85,,,,0.85,alns_grid,0.85,R150_K15_tw0.85_cap0.85,82,15,standard_alns,150,time_to_target,,3,10,1024,0.01,29.11331899999641,0.85
0.85,,,,0.85,alns_grid,0.85,R150_K15_tw0.85_cap0.85,inf,15,qaoa,150,time_to_target,,3,10,1024,0.01,inf,0.85
0.85,,,,0.85,alns_grid,0.85,R150_K15_tw0.85_cap0.85,inf,15,efficient_su2,150,time_to_target,,3,10,1024,0.01,inf,0.85
0.85,,,,0.85,alns_grid,0.85,R150_K15_tw0.85_cap0.85,94,15,hybrid_alns,150,time_to_target,,3,10,1024,0.01,40.92013980000047,0.85
0.85,36.85144140000193,0.0,792087.0102977904,0.85,alns_grid,0.85,R150_K15_tw0.85_cap0.85,,15,regret_k,150,fixed_budget,792087.0102977904,3,20,1024,,,0.85
0.85,36.01856640000187,0.031430891685699285,816983.0113241096,0.85,alns_grid,0.85,R150_K15_tw0.85_cap0.85,,15,standard_alns,150,fixed_budget,792087.0102977904,3,20,1024,,,0.85
0.85,59.59183150000172,0.027750606561021775,814067.9052826604,0.85,alns_grid,0.85,R150_K15_tw0.85_cap0.85,,15,qaoa,150,fixed_budget,792087.0102977904,3,20,1024,,,0.85
0.85,60.10294140000042,0.008066227282261178,798476.1641501791,0.85,alns_grid,0.85,R150_K15_tw0.85_cap0.85,,15,efficient_su2,150,fixed_budget,792087.0102977904,3,20,1024,,,0.85
0.85,44.97155760000169,0.007421786720653273,797965.7111524205,0.85,alns_grid,0.85,R150_K15_tw0.85_cap0.85,,15,hybrid_alns,150,fixed_budget,792087.0102977904,3,20,1024,,,0.85
0.85,,,,0.85,alns_grid,0.85,R150_K15_tw0.85_cap0.85,83,15,regret_k,150,time_to_target,,3,20,1024,0.01,30.78248590000294,0.85
0.85,,,,0.85,alns_grid,0.85,R150_K15_tw0.85_cap0.85,inf,15,standard_alns,150,time_to_target,,3,20,1024,0.01,inf,0.85
0.85,,,,0.85,alns_grid,0.85,R150_K15_tw0.85_cap0.85,inf,15,qaoa,150,time_to_target,,3,20,1024,0.01,inf,0.85
0.85,,,,0.85,alns_grid,0.85,R150_K15_tw0.85_cap0.85,97,15,efficient_su2,150,time_to_target,,3,20,1024,0.01,59.05973420000373,0.85
0.85,,,,0.85,alns_grid,0.85,R150_K15_tw0.85_cap0.85,91,15,hybrid_alns,150,time_to_target,,3,20,1024,0.01,41.675821300006646,0.85
0.85,35.34254520000104,0.06481294789988375,823489.7521911022,0.85,alns_grid,0.85,R150_K15_tw0.85_cap0.85,,15,regret_k,150,fixed_budget,773365.644938165,3,30,1024,,,0.85
0.85,36.12508170000365,0.08427696854606934,838542.5570712293,0.85,alns_grid,0.85,R150_K15_tw0.85_cap0.85,,15,standard_alns,150,fixed_budget,773365.644938165,3,30,1024,,,0.85
0.85,59.742109300001175,0.07892326058199528,834402.1832587826,0.85,alns_grid,0.85,R150_K15_tw0.85_cap0.85,,15,qaoa,150,fixed_budget,773365.644938165,3,30,1024,,,0.85
0.85,59.948191000003135,0.06866456493972947,826468.4604871774,0.85,alns_grid,0.85,R150_K15_tw0.85_cap0.85,,15,efficient_su2,150,fixed_budget,773365.644938165,3,30,1024,,,0.85
0.85,45.466779399997904,0.0,773365.644938165,0.85,alns_grid,0.85,R150_K15_tw0.85_cap0.85,,15,hybrid_alns,150,fixed_budget,773365.644938165,3,30,1024,,,0.85
0.85,,,,0.85,alns_grid,0.85,R150_K15_tw0.85_cap0.85,inf,15,regret_k,150,time_to_target,,3,30,1024,0.01,inf,0.85
0.85,,,,0.85,alns_grid,0.85,R150_K15_tw0.85_cap0.85,inf,15,standard_alns,150,time_to_target,,3,30,1024,0.01,inf,0.85
0.85,,,,0.85,alns_grid,0.85,R150_K15_tw0.85_cap0.85,inf,15,qaoa,150,time_to_target,,3,30,1024,0.01,inf,0.85
0.85,,,,0.85,alns_grid,0.85,R150_K15_tw0.85_cap0.85,inf,15,efficient_su2,150,time_to_target,,3,30,1024,0.01,inf,0.85
0.85,,,,0.85,alns_grid,0.85,R150_K15_tw0.85_cap0.85,75,15,hybrid_alns,150,time_to_target,,3,30,1024,0.01,34.0150855000029,0.85
0.85,35.29640749999817,0.041660105087633216,807083.7021804082,0.85,alns_grid,0.85,R150_K15_tw0.85_cap0.85,,15,regret_k,150,fixed_budget,774805.2346811434,3,40,1024,,,0.85
0.85,35.3041899000018,0.03610722443877763,802781.3011861152,0.85,alns_grid,0.85,R150_K15_tw0.85_cap0.85,,15,standard_alns,150,fixed_budget,774805.2346811434,3,40,1024,,,0.85
0.85,60.76328129999456,0.04302693701355565,808142.7307115422,0.85,alns_grid,0.85,R150_K15_tw0.85_cap0.85,,15,qaoa,150,fixed_budget,774805.2346811434,3,40,1024,,,0.85
0.85,59.804558999996516,0.024113933265124843,793488.8364037139,0.85,alns_grid,0.85,R150_K15_tw0.85_cap0.85,,15,efficient_su2,150,fixed_budget,774805.2346811434,3,40,1024,,,0.85
0.85,44.5004168000014,0.0,774805.2346811434,0.85,alns_grid,0.85,R150_K15_tw0.85_cap0.85,,15,hybrid_alns,150,fixed_budget,774805.2346811434,3,40,1024,,,0.85
0.85,,,,0.85,alns_grid,0.85,R150_K15_tw0.85_cap0.85,inf,15,regret_k,150,time_to_target,,3,40,1024,0.01,inf,0.85
0.85,,,,0.85,alns_grid,0.85,R150_K15_tw0.85_cap0.85,inf,15,standard_alns,150,time_to_target,,3,40,1024,0.01,inf,0.85
0.85,,,,0.85,alns_grid,0.85,R150_K15_tw0.85_cap0.85,inf,15,qaoa,150,time_to_target,,3,40,1024,0.01,inf,0.85
0.85,,,,0.85,alns_grid,0.85,R150_K15_tw0.85_cap0.85,inf,15,efficient_su2,150,time_to_target,,3,40,1024,0.01,inf,0.85
0.85,,,,0.85,alns_grid,0.85,R150_K15_tw0.85_cap0.85,86,15,hybrid_alns,150,time_to_target,,3,40,1024,0.01,39.1669882999995,0.85
0.85,34.98106890000054,0.04519619765041262,891154.7205503662,0.85,alns_grid,0.85,R150_K15_tw0.85_cap0.85,,15,regret_k,150,fixed_budget,852619.5584653583,3,50,1024,,,0.85
0.85,36.249295199995686,0.0,852619.5584653583,0.85,alns_grid,0.85,R150_K15_tw0.85_cap0.85,,15,standard_alns,150,fixed_budget,852619.5584653583,3,50,1024,,,0.85
0.85,59.875655600000755,0.04261176980425321,888951.1868212882,0.85,alns_grid,0.85,R150_K15_tw0.85_cap0.85,,15,qaoa,150,fixed_budget,852619.5584653583,3,50,1024,,,0.85
0.85,60.33737239999755,0.042645415459854175,888979.873765311,0.85,alns_grid,0.85,R150_K15_tw0.85_cap0.85,,15,efficient_su2,150,fixed_budget,852619.5584653583,3,50,1024,,,0.85
0.85,45.1486864000035,0.02670048526751901,875384.9144249612,0.85,alns_grid,0.85,R150_K15_tw0.85_cap0.85,,15,hybrid_alns,150,fixed_budget,852619.5584653583,3,50,1024,,,0.85
0.85,,,,0.85,alns_grid,0.85,R150_K15_tw0.85_cap0.85,inf,15,regret_k,150,time_to_target,,3,50,1024,0.01,inf,0.85
0.85,,,,0.85,alns_grid,0.85,R150_K15_tw0.85_cap0.85,68,15,standard_alns,150,time_to_target,,3,50,1024,0.01,24.690580099995714,0.85
0.85,,,,0.85,alns_grid,0.85,R150_K15_tw0.85_cap0.85,inf,15,qaoa,150,time_to_target,,3,50,1024,0.01,inf,0.85
0.85,,,,0.85,alns_grid,0.85,R150_K15_tw0.85_cap0.85,inf,15,efficient_su2,150,time_to_target,,3,50,1024,0.01,inf,0.85
0.85,,,,0.85,alns_grid,0.85,R150_K15_tw0.85_cap0.85,inf,15,hybrid_alns,150,time_to_target,,3,50,1024,0.01,inf,0.85
0.85,48.91722579999623,0.004776044793056144,1022670.8727829237,0.85,alns_grid,0.85,R200_K20_tw0.85_cap0.85,,20,regret_k,200,fixed_budget,1017809.7677413808,3,10,1024,,,0.85
0.85,50.10611529999733,0.0,1017809.7677413808,0.85,alns_grid,0.85,R200_K20_tw0.85_cap0.85,,20,standard_alns,200,fixed_budget,1017809.7677413808,3,10,1024,,,0.85
0.85,72.53983809999772,0.025232392010802362,1043491.5427934551,0.85,alns_grid,0.85,R200_K20_tw0.85_cap0.85,,20,qaoa,200,fixed_budget,1017809.7677413808,3,10,1024,,,0.85
0.85,72.76612269999896,0.009079242720249162,1027050.7096657453,0.85,alns_grid,0.85,R200_K20_tw0.85_cap0.85,,20,efficient_su2,200,fixed_budget,1017809.7677413808,3,10,1024,,,0.85
0.85,56.53470550000202,0.028947750445201162,1047273.0708986465,0.85,alns_grid,0.85,R200_K20_tw0.85_cap0.85,,20,hybrid_alns,200,fixed_budget,1017809.7677413808,3,10,1024,,,0.85
0.85,,,,0.85,alns_grid,0.85,R200_K20_tw0.85_cap0.85,75,20,regret_k,200,time_to_target,,3,10,1024,0.01,37.039579599993885,0.85
0.85,,,,0.85,alns_grid,0.85,R200_K20_tw0.85_cap0.85,83,20,standard_alns,200,time_to_target,,3,10,1024,0.01,41.96707449999667,0.85
0.85,,,,0.85,alns_grid,0.85,R200_K20_tw0.85_cap0.85,inf,20,qaoa,200,time_to_target,,3,10,1024,0.01,inf,0.85
0.85,,,,0.85,alns_grid,0.85,R200_K20_tw0.85_cap0.85,97,20,efficient_su2,200,time_to_target,,3,10,1024,0.01,71.39353870000195,0.85
0.85,,,,0.85,alns_grid,0.85,R200_K20_tw0.85_cap0.85,inf,20,hybrid_alns,200,time_to_target,,3,10,1024,0.01,inf,0.85
0.85,47.878424900001846,0.019947853505000918,992637.4175448398,0.85,alns_grid,0.85,R200_K20_tw0.85_cap0.85,,20,regret_k,200,fixed_budget,973223.6938718875,3,20,1024,,,0.85
0.85,46.7585248999967,0.03300782712899566,1005347.6933170534,0.85,alns_grid,0.85,R200_K20_tw0.85_cap0.85,,20,standard_alns,200,fixed_budget,973223.6938718875,3,20,1024,,,0.85
0.85,74.25321679999615,0.013131383145578287,986003.4670824743,0.85,alns_grid,0.85,R200_K20_tw0.85_cap0.85,,20,qaoa,200,fixed_budget,973223.6938718875,3,20,1024,,,0.85
0.85,73.97295039999881,0.029431844179365976,1001867.4619815919,0.85,alns_grid,0.85,R200_K20_tw0.85_cap0.85,,20,efficient_su2,200,fixed_budget,973223.6938718875,3,20,1024,,,0.85
0.85,59.45199589999538,0.0,973223.6938718875,0.85,alns_grid,0.85,R200_K20_tw0.85_cap0.85,,20,hybrid_alns,200,fixed_budget,973223.6938718875,3,20,1024,,,0.85
0.85,,,,0.85,alns_grid,0.85,R200_K20_tw0.85_cap0.85,inf,20,regret_k,200,time_to_target,,3,20,1024,0.01,inf,0.85
0.85,,,,0.85,alns_grid,0.85,R200_K20_tw0.85_cap0.85,inf,20,standard_alns,200,time_to_target,,3,20,1024,0.01,inf,0.85
0.85,,,,0.85,alns_grid,0.85,R200_K20_tw0.85_cap0.85,inf,20,qaoa,200,time_to_target,,3,20,1024,0.01,inf,0.85
0.85,,,,0.85,alns_grid,0.85,R200_K20_tw0.85_cap0.85,inf,20,efficient_su2,200,time_to_target,,3,20,1024,0.01,inf,0.85
0.85,,,,0.85,alns_grid,0.85,R200_K20_tw0.85_cap0.85,92,20,hybrid_alns,200,time_to_target,,3,20,1024,0.01,55.82344739999826,0.85
0.85,49.78438330000063,0.048740585050076626,1035687.8358010534,0.85,alns_grid,0.85,R200_K20_tw0.85_cap0.85,,20,regret_k,200,fixed_budget,987553.8818320835,3,30,1024,,,0.85
0.85,51.17474749999383,0.035786397083690163,1022894.877188866,0.85,alns_grid,0.85,R200_K20_tw0.85_cap0.85,,20,standard_alns,200,fixed_budget,987553.8818320835,3,30,1024,,,0.85
0.85,72.70305789999838,0.04428830859112639,1031290.9729010275,0.85,alns_grid,0.85,R200_K20_tw0.85_cap0.85,,20,qaoa,200,fixed_budget,987553.8818320835,3,30,1024,,,0.85
0.85,73.98731400000543,0.03108855505807486,1018255.5050602357,0.85,alns_grid,0.85,R200_K20_tw0.85_cap0.85,,20,efficient_su2,200,fixed_budget,987553.8818320835,3,30,1024,,,0.85
0.85,60.17786189999606,0.0,987553.8818320835,0.85,alns_grid,0.85,R200_K20_tw0.85_cap0.85,,20,hybrid_alns,200,fixed_budget,987553.8818320835,3,30,1024,,,0.85
0.85,,,,0.85,alns_grid,0.85,R200_K20_tw0.85_cap0.85,inf,20,regret_k,200,time_to_target,,3,30,1024,0.01,inf,0.85
0.85,,,,0.85,alns_grid,0.85,R200_K20_tw0.85_cap0.85,inf,20,standard_alns,200,time_to_target,,3,30,1024,0.01,inf,0.85
0.85,,,,0.85,alns_grid,0.85,R200_K20_tw0.85_cap0.85,inf,20,qaoa,200,time_to_target,,3,30,1024,0.01,inf,0.85
0.85,,,,0.85,alns_grid,0.85,R200_K20_tw0.85_cap0.85,inf,20,efficient_su2,200,time_to_target,,3,30,1024,0.01,inf,0.85
0.85,,,,0.85,alns_grid,0.85,R200_K20_tw0.85_cap0.85,77,20,hybrid_alns,200,time_to_target,,3,30,1024,0.01,47.348047999999835,0.85
0.85,48.7005455000035,0.0365811809149861,1057423.783878509,0.85,alns_grid,0.85,R200_K20_tw0.85_cap0.85,,20,regret_k,200,fixed_budget,1020107.0628593944,3,40,1024,,,0.85
0.85,50.805101099998865,0.0007542787038357056,1020876.5078925416,0.85,alns_grid,0.85,R200_K20_tw0.85_cap0.85,,20,standard_alns,200,fixed_budget,1020107.0628593944,3,40,1024,,,0.85
0.85,73.88506510000298,0.04236773949000079,1063326.693150531,0.85,alns_grid,0.85,R200_K20_tw0.85_cap0.85,,20,qaoa,200,fixed_budget,1020107.0628593944,3,40,1024,,,0.85
0.85,73.89005770000222,0.051639576323396684,1072784.959389958,0.85,alns_grid,0.85,R200_K20_tw0.85_cap0.85,,20,efficient_su2,200,fixed_budget,1020107.0628593944,3,40,1024,,,0.85
0.85,59.484186699999555,0.0,1020107.0628593944,0.85,alns_grid,0.85,R200_K20_tw0.85_cap0.85,,20,hybrid_alns,200,fixed_budget,1020107.0628593944,3,40,1024,,,0.85
0.85,,,,0.85,alns_grid,0.85,R200_K20_tw0.85_cap0.85,inf,20,regret_k,200,time_to_target,,3,40,1024,0.01,inf,0.85
0.85,,,,0.85,alns_grid,0.85,R200_K20_tw0.85_cap0.85,73,20,standard_alns,200,time_to_target,,3,40,1024,0.01,37.71287599999778,0.85
0.85,,,,0.85,alns_grid,0.85,R200_K20_tw0.85_cap0.85,inf,20,qaoa,200,time_to_target,,3,40,1024,0.01,inf,0.85
0.85,,,,0.85,alns_grid,0.85,R200_K20_tw0.85_cap0.85,inf,20,efficient_su2,200,time_to_target,,3,40,1024,0.01,inf,0.85
0.85,,,,0.85,alns_grid,0.85,R200_K20_tw0.85_cap0.85,95,20,hybrid_alns,200,time_to_target,,3,40,1024,0.01,57.19746039999882,0.85
0.85,50.04142149999825,0.008977023806656282,1029712.3233510761,0.85,alns_grid,0.85,R200_K20_tw0.85_cap0.85,,20,regret_k,200,fixed_budget,1020550.8143943555,3,50,1024,,,0.85
0.85,50.07521249999991,0.0026821133091030147,1023288.0473162585,0.85,alns_grid,0.85,R200_K20_tw0.85_cap0.85,,20,standard_alns,200,fixed_budget,1020550.8143943555,3,50,1024,,,0.85
0.85,75.17258500000025,0.03024028019162275,1051412.5569714296,0.85,alns_grid,0.85,R200_K20_tw0.85_cap0.85,,20,qaoa,200,fixed_budget,1020550.8143943555,3,50,1024,,,0.85
0.85,75.2617248999959,0.009985647467251457,1030741.6750493139,0.85,alns_grid,0.85,R200_K20_tw0.85_cap0.85,,20,efficient_su2,200,fixed_budget,1020550.8143943555,3,50,1024,,,0.85
0.85,61.19536430000153,0.0,1020550.8143943555,0.85,alns_grid,0.85,R200_K20_tw0.85_cap0.85,,20,hybrid_alns,200,fixed_budget,1020550.8143943555,3,50,1024,,,0.85
0.85,,,,0.85,alns_grid,0.85,R200_K20_tw0.85_cap0.85,89,20,regret_k,200,time_to_target,,3,50,1024,0.01,45.191715300003125,0.85
0.85,,,,0.85,alns_grid,0.85,R200_K20_tw0.85_cap0.85,83,20,standard_alns,200,time_to_target,,3,50,1024,0.01,42.50817979999556,0.85
0.85,,,,0.85,alns_grid,0.85,R200_K20_tw0.85_cap0.85,inf,20,qaoa,200,time_to_target,,3,50,1024,0.01,inf,0.85
0.85,,,,0.85,alns_grid,0.85,R200_K20_tw0.85_cap0.85,99,20,efficient_su2,200,time_to_target,,3,50,1024,0.01,75.2617248999959,0.85
0.85,,,,0.85,alns_grid,0.85,R200_K20_tw0.85_cap0.85,95,20,hybrid_alns,200,time_to_target,,3,50,1024,0.01,58.58172560000094,0.85
0.85,29.007078100003127,0.0,604022.0266220752,0.85,alns_grid,0.85,R100_K10_tw0.85_cap0.85,,10,regret_k,100,fixed_budget,604022.0266220752,4,10,16,,,0.85
0.85,28.073036699999648,0.017199289264640278,614410.7761801626,0.85,alns_grid,0.85,R100_K10_tw0.85_cap0.85,,10,standard_alns,100,fixed_budget,604022.0266220752,4,10,16,,,0.85
0.85,44.37561360000109,0.03428245523355368,624729.3847098269,0.85,alns_grid,0.85,R100_K10_tw0.85_cap0.85,,10,qaoa,100,fixed_budget,604022.0266220752,4,10,16,,,0.85
0.85,44.30347410000104,0.057883128248407835,638984.711053904,0.85,alns_grid,0.85,R100_K10_tw0.85_cap0.85,,10,efficient_su2,100,fixed_budget,604022.0266220752,4,10,16,,,0.85
0.85,34.46382959999755,0.050066187134674894,634263.1064404016,0.85,alns_grid,0.85,R100_K10_tw0.85_cap0.85,,10,hybrid_alns,100,fixed_budget,604022.0266220752,4,10,16,,,0.85
0.85,,,,0.85,alns_grid,0.85,R100_K10_tw0.85_cap0.85,98,10,regret_k,100,time_to_target,,4,10,16,0.01,28.69250969999848,0.85
0.85,,,,0.85,alns_grid,0.85,R100_K10_tw0.85_cap0.85,inf,10,standard_alns,100,time_to_target,,4,10,16,0.01,inf,0.85
0.85,,,,0.85,alns_grid,0.85,R100_K10_tw0.85_cap0.85,inf,10,qaoa,100,time_to_target,,4,10,16,0.01,inf,0.85
0.85,,,,0.85,alns_grid,0.85,R100_K10_tw0.85_cap0.85,inf,10,efficient_su2,100,time_to_target,,4,10,16,0.01,inf,0.85
0.85,,,,0.85,alns_grid,0.85,R100_K10_tw0.85_cap0.85,inf,10,hybrid_alns,100,time_to_target,,4,10,16,0.01,inf,0.85
0.85,28.97084060000634,0.059915462198140534,592038.0596279111,0.85,alns_grid,0.85,R100_K10_tw0.85_cap0.85,,10,regret_k,100,fixed_budget,558571.0188622907,4,20,16,,,0.85
0.85,28.65694080000685,0.028962419940287056,574748.5872770543,0.85,alns_grid,0.85,R100_K10_tw0.85_cap0.85,,10,standard_alns,100,fixed_budget,558571.0188622907,4,20,16,,,0.85
0.85,43.4730469999995,0.05501605664581295,589301.3936767279,0.85,alns_grid,0.85,R100_K10_tw0.85_cap0.85,,10,qaoa,100,fixed_budget,558571.0188622907,4,20,16,,,0.85
0.85,43.35555449999811,0.027040966276920982,573675.3189466113,0.85,alns_grid,0.85,R100_K10_tw0.85_cap0.85,,10,efficient_su2,100,fixed_budget,558571.0188622907,4,20,16,,,0.85
0.85,33.29351370000222,0.0,558571.0188622907,0.85,alns_grid,0.85,R100_K10_tw0.85_cap0.85,,10,hybrid_alns,100,fixed_budget,558571.0188622907,4,20,16,,,0.85
0.85,,,,0.85,alns_grid,0.85,R100_K10_tw0.85_cap0.85,inf,10,regret_k,100,time_to_target,,4,20,16,0.01,inf,0.85
0.85,,,,0.85,alns_grid,0.85,R100_K10_tw0.85_cap0.85,inf,10,standard_alns,100,time_to_target,,4,20,16,0.01,inf,0.85
0.85,,,,0.85,alns_grid,0.85,R100_K10_tw0.85_cap0.85,inf,10,qaoa,100,time_to_target,,4,20,16,0.01,inf,0.85
0.85,,,,0.85,alns_grid,0.85,R100_K10_tw0.85_cap0.85,inf,10,efficient_su2,100,time_to_target,,4,20,16,0.01,inf,0.85
0.85,,,,0.85,alns_grid,0.85,R100_K10_tw0.85_cap0.85,54,10,hybrid_alns,100,time_to_target,,4,20,16,0.01,17.763724000004004,0.85
0.85,28.934645699999237,0.0,612093.2693541574,0.85,alns_grid,0.85,R100_K10_tw0.85_cap0.85,,10,regret_k,100,fixed_budget,612093.2693541574,4,30,16,,,0.85
0.85,28.663003099994967,0.02213516149511516,625642.0527213847,0.85,alns_grid,0.85,R100_K10_tw0.85_cap0.85,,10,standard_alns,100,fixed_budget,612093.2693541574,4,30,16,,,0.85
0.85,44.12525440000172,0.022428013786405798,625821.3056377986,0.85,alns_grid,0.85,R100_K10_tw0.85_cap0.85,,10,qaoa,100,fixed_budget,612093.2693541574,4,30,16,,,0.85
0.85,43.74631880000379,0.007780269614910027,616855.5200192045,0.85,alns_grid,0.85,R100_K10_tw0.85_cap0.85,,10,efficient_su2,100,fixed_budget,612093.2693541574,4,30,16,,,0.85
0.85,32.98919630000455,0.04110369777217791,637252.566106075,0.85,alns_grid,0.85,R100_K10_tw0.85_cap0.85,,10,hybrid_alns,100,fixed_budget,612093.2693541574,4,30,16,,,0.85
0.85,,,,0.85,alns_grid,0.85,R100_K10_tw0.85_cap0.85,98,10,regret_k,100,time_to_target,,4,30,16,0.01,28.670535499994003,0.85
0.85,,,,0.85,alns_grid,0.85,R100_K10_tw0.85_cap0.85,inf,10,standard_alns,100,time_to_target,,4,30,16,0.01,inf,0.85
0.85,,,,0.85,alns_grid,0.85,R100_K10_tw0.85_cap0.85,inf,10,qaoa,100,time_to_target,,4,30,16,0.01,inf,0.85
0.85,,,,0.85,alns_grid,0.85,R100_K10_tw0.85_cap0.85,74,10,efficient_su2,100,time_to_target,,4,30,16,0.01,32.93947450000269,0.85
0.85,,,,0.85,alns_grid,0.85,R100_K10_tw0.85_cap0.85,inf,10,hybrid_alns,100,time_to_target,,4,30,16,0.01,inf,0.85
0.85,28.583626300001924,0.05827189589406888,634313.1507835694,0.85,alns_grid,0.85,R100_K10_tw0.85_cap0.85,,10,regret_k,100,fixed_budget,599385.8036338357,4,40,16,,,0.85
0.85,27.75959690000309,0.035348797773635206,620573.371194876,0.85,alns_grid,0.85,R100_K10_tw0.85_cap0.85,,10,standard_alns,100,fixed_budget,599385.8036338357,4,40,16,,,0.85
0.85,43.077126899996074,0.043815246157584475,625648.0401634139,0.85,alns_grid,0.85,R100_K10_tw0.85_cap0.85,,10,qaoa,100,fixed_budget,599385.8036338357,4,40,16,,,0.85
0.85,43.251940200003446,0.0,599385.8036338357,0.85,alns_grid,0.85,R100_K10_tw0.85_cap0.85,,10,efficient_su2,100,fixed_budget,599385.8036338357,4,40,16,,,0.85
0.85,31.60808420000103,0.020964579183470878,611951.6747755656,0.85,alns_grid,0.85,R100_K10_tw0.85_cap0.85,,10,hybrid_alns,100,fixed_budget,599385.8036338357,4,40,16,,,0.85
0.85,,,,0.85,alns_grid,0.85,R100_K10_tw0.85_cap0.85,inf,10,regret_k,100,time_to_target,,4,40,16,0.01,inf,0.85
0.85,,,,0.85,alns_grid,0.85,R100_K10_tw0.85_cap0.85,inf,10,standard_alns,100,time_to_target,,4,40,16,0.01,inf,0.85
0.85,,,,0.85,alns_grid,0.85,R100_K10_tw0.85_cap0.85,inf,10,qaoa,100,time_to_target,,4,40,16,0.01,inf,0.85
0.85,,,,0.85,alns_grid,0.85,R100_K10_tw0.85_cap0.85,62,10,efficient_su2,100,time_to_target,,4,40,16,0.01,27.14750090000598,0.85
0.85,,,,0.85,alns_grid,0.85,R100_K10_tw0.85_cap0.85,inf,10,hybrid_alns,100,time_to_target,,4,40,16,0.01,inf,0.85
0.85,28.744940299999143,0.10704586100257484,641802.9451124216,0.85,alns_grid,0.85,R100_K10_tw0.85_cap0.85,,10,regret_k,100,fixed_budget,579743.7736962271,4,50,16,,,0.85
0.85,28.822912599993288,0.0,579743.7736962271,0.85,alns_grid,0.85,R100_K10_tw0.85_cap0.85,,10,standard_alns,100,fixed_budget,579743.7736962271,4,50,16,,,0.85
0.85,43.28217480000603,0.04084556656625872,603423.7365961104,0.85,alns_grid,0.85,R100_K10_tw0.85_cap0.85,,10,qaoa,100,fixed_budget,579743.7736962271,4,50,16,,,0.85
0.85,43.71967230000155,0.03173729257752192,598143.2714620209,0.85,alns_grid,0.85,R100_K10_tw0.85_cap0.85,,10,efficient_su2,100,fixed_budget,579743.7736962271,4,50,16,,,0.85
0.85,33.60086120000051,0.09252663796646197,633385.5159583284,0.85,alns_grid,0.85,R100_K10_tw0.85_cap0.85,,10,hybrid_alns,100,fixed_budget,579743.7736962271,4,50,16,,,0.85
0.85,,,,0.85,alns_grid,0.85,R100_K10_tw0.85_cap0.85,inf,10,regret_k,100,time_to_target,,4,50,16,0.01,inf,0.85
0.85,,,,0.85,alns_grid,0.85,R100_K10_tw0.85_cap0.85,83,10,standard_alns,100,time_to_target,,4,50,16,0.01,24.054137099999934,0.85
0.85,,,,0.85,alns_grid,0.85,R100_K10_tw0.85_cap0.85,inf,10,qaoa,100,time_to_target,,4,50,16,0.01,inf,0.85
0.85,,,,0.85,alns_grid,0.85,R100_K10_tw0.85_cap0.85,inf,10,efficient_su2,100,time_to_target,,4,50,16,0.01,inf,0.85
0.85,,,,0.85,alns_grid,0.85,R100_K10_tw0.85_cap0.85,inf,10,hybrid_alns,100,time_to_target,,4,50,16,0.01,inf,0.85
0.85,44.70871069999703,0.027132972027217938,789803.5700352133,0.85,alns_grid,0.85,R150_K15_tw0.85_cap0.85,,15,regret_k,150,fixed_budget,768939.9440428871,4,10,16,,,0.85
0.85,45.33926649999921,0.03133077679983118,793031.4298021694,0.85,alns_grid,0.85,R150_K15_tw0.85_cap0.85,,15,standard_alns,150,fixed_budget,768939.9440428871,4,10,16,,,0.85
0.85,58.82400520000374,0.0,768939.9440428871,0.85,alns_grid,0.85,R150_K15_tw0.85_cap0.85,,15,qaoa,150,fixed_budget,768939.9440428871,4,10,16,,,0.85
0.85,59.11515810000128,0.05868737330321437,814067.0095866848,0.85,alns_grid,0.85,R150_K15_tw0.85_cap0.85,,15,efficient_su2,150,fixed_budget,768939.9440428871,4,10,16,,,0.85
0.85,51.01980470000126,0.005700854897424364,773323.5590887092,0.85,alns_grid,0.85,R150_K15_tw0.85_cap0.85,,15,hybrid_alns,150,fixed_budget,768939.9440428871,4,10,16,,,0.85
0.85,,,,0.85,alns_grid,0.85,R150_K15_tw0.85_cap0.85,inf,15,regret_k,150,time_to_target,,4,10,16,0.01,inf,0.85
0.85,,,,0.85,alns_grid,0.85,R150_K15_tw0.85_cap0.85,inf,15,standard_alns,150,time_to_target,,4,10,16,0.01,inf,0.85
0.85,,,,0.85,alns_grid,0.85,R150_K15_tw0.85_cap0.85,95,15,qaoa,150,time_to_target,,4,10,16,0.01,56.27825000000303,0.85
0.85,,,,0.85,alns_grid,0.85,R150_K15_tw0.85_cap0.85,inf,15,efficient_su2,150,time_to_target,,4,10,16,0.01,inf,0.85
0.85,,,,0.85,alns_grid,0.85,R150_K15_tw0.85_cap0.85,82,15,hybrid_alns,150,time_to_target,,4,10,16,0.01,42.57617890000256,0.85
0.85,46.11188689999835,0.0021128110108126347,790070.7829038209,0.85,alns_grid,0.85,R150_K15_tw0.85_cap0.85,,15,regret_k,150,fixed_budget,788405.032071081,4,20,16,,,0.85
0.85,45.022696600004565,0.037551961497842526,818011.1874801195,0.85,alns_grid,0.85,R150_K15_tw0.85_cap0.85,,15,standard_alns,150,fixed_budget,788405.032071081,4,20,16,,,0.85
0.85,60.28155150000384,0.0,788405.032071081,0.85,alns_grid,0.85,R150_K15_tw0.85_cap0.85,,15,qaoa,150,fixed_budget,788405.032071081,4,20,16,,,0.85
0.85,58.87781240000186,0.010652920900347071,796803.8485151698,0.85,alns_grid,0.85,R150_K15_tw0.85_cap0.85,,15,efficient_su2,150,fixed_budget,788405.032071081,4,20,16,,,0.85
0.85,52.11142789999576,0.010023428541750354,796307.5535720019,0.85,alns_grid,0.85,R150_K15_tw0.85_cap0.85,,15,hybrid_alns,150,fixed_budget,788405.032071081,4,20,16,,,0.85
0.85,,,,0.85,alns_grid,0.85,R150_K15_tw0.85_cap0.85,87,15,regret_k,150,time_to_target,,4,20,16,0.01,40.583734599997115,0.85
0.85,,,,0.85,alns_grid,0.85,R150_K15_tw0.85_cap0.85,inf,15,standard_alns,150,time_to_target,,4,20,16,0.01,inf,0.85
0.85,,,,0.85,alns_grid,0.85,R150_K15_tw0.85_cap0.85,72,15,qaoa,150,time_to_target,,4,20,16,0.01,44.15955340000073,0.85
0.85,,,,0.85,alns_grid,0.85,R150_K15_tw0.85_cap0.85,inf,15,efficient_su2,150,time_to_target,,4,20,16,0.01,inf,0.85
0.85,,,,0.85,alns_grid,0.85,R150_K15_tw0.85_cap0.85,inf,15,hybrid_alns,150,time_to_target,,4,20,16,0.01,inf,0.85
0.85,45.60020249999798,0.0,772742.1685321116,0.85,alns_grid,0.85,R150_K15_tw0.85_cap0.85,,15,regret_k,150,fixed_budget,772742.1685321116,4,30,16,,,0.85
0.85,45.634460500004934,0.03614630204358091,800673.940357685,0.85,alns_grid,0.85,R150_K15_tw0.85_cap0.85,,15,standard_alns,150,fixed_budget,772742.1685321116,4,30,16,,,0.85
0.85,60.20912159999716,0.03756729353496642,801772.0004042039,0.85,alns_grid,0.85,R150_K15_tw0.85_cap0.85,,15,qaoa,150,fixed_budget,772742.1685321116,4,30,16,,,0.85
0.85,60.34174360000179,0.039144598282540875,802990.8502952806,0.85,alns_grid,0.85,R150_K15_tw0.85_cap0.85,,15,efficient_su2,150,fixed_budget,772742.1685321116,4,30,16,,,0.85
0.85,51.6123585000023,0.08334008253551653,837142.5646362518,0.85,alns_grid,0.85,R150_K15_tw0.85_cap0.85,,15,hybrid_alns,150,fixed_budget,772742.1685321116,4,30,16,,,0.85
0.85,,,,0.85,alns_grid,0.85,R150_K15_tw0.85_cap0.85,97,15,regret_k,150,time_to_target,,4,30,16,0.01,44.69482089999656,0.85
0.85,,,,0.85,alns_grid,0.85,R150_K15_tw0.85_cap0.85,inf,15,standard_alns,150,time_to_target,,4,30,16,0.01,inf,0.85
0.85,,,,0.85,alns_grid,0.85,R150_K15_tw0.85_cap0.85,inf,15,qaoa,150,time_to_target,,4,30,16,0.01,inf,0.85
0.85,,,,0.85,alns_grid,0.85,R150_K15_tw0.85_cap0.85,inf,15,efficient_su2,150,time_to_target,,4,30,16,0.01,inf,0.85
0.85,,,,0.85,alns_grid,0.85,R150_K15_tw0.85_cap0.85,inf,15,hybrid_alns,150,time_to_target,,4,30,16,0.01,inf,0.85
0.85,46.10153790000186,0.0,781164.9491794836,0.85,alns_grid,0.85,R150_K15_tw0.85_cap0.85,,15,regret_k,150,fixed_budget,781164.9491794836,4,40,16,,,0.85
0.85,46.21128890000546,0.0441558412465086,815657.9446627898,0.85,alns_grid,0.85,R150_K15_tw0.85_cap0.85,,15,standard_alns,150,fixed_budget,781164.9491794836,4,40,16,,,0.85
0.85,61.611210299997765,0.01763629381040273,794941.8037376013,0.85,alns_grid,0.85,R150_K15_tw0.85_cap0.85,,15,qaoa,150,fixed_budget,781164.9491794836,4,40,16,,,0.85
0.85,60.88303289999749,0.06174262216456023,829396.1214848703,0.85,alns_grid,0.85,R150_K15_tw0.85_cap0.85,,15,efficient_su2,150,fixed_budget,781164.9491794836,4,40,16,,,0.85
0.85,52.827717400003166,0.007454339344046298,786988.0177943421,0.85,alns_grid,0.85,R150_K15_tw0.85_cap0.85,,15,hybrid_alns,150,fixed_budget,781164.9491794836,4,40,16,,,0.85
0.85,,,,0.85,alns_grid,0.85,R150_K15_tw0.85_cap0.85,86,15,regret_k,150,time_to_target,,4,40,16,0.01,40.2110410000023,0.85
0.85,,,,0.85,alns_grid,0.85,R150_K15_tw0.85_cap0.85,inf,15,standard_alns,150,time_to_target,,4,40,16,0.01,inf,0.85
0.85,,,,0.85,alns_grid,0.85,R150_K15_tw0.85_cap0.85,inf,15,qaoa,150,time_to_target,,4,40,16,0.01,inf,0.85
0.85,,,,0.85,alns_grid,0.85,R150_K15_tw0.85_cap0.85,inf,15,efficient_su2,150,time_to_target,,4,40,16,0.01,inf,0.85
0.85,,,,0.85,alns_grid,0.85,R150_K15_tw0.85_cap0.85,92,15,hybrid_alns,150,time_to_target,,4,40,16,0.01,49.271900100000494,0.85
0.85,49.49707479999779,0.06394277729213159,880346.8411016765,0.85,alns_grid,0.85,R150_K15_tw0.85_cap0.85,,15,regret_k,150,fixed_budget,827438.1478882446,4,50,16,,,0.85
0.85,47.11134069999389,0.027703824435739977,850361.3490687744,0.85,alns_grid,0.85,R150_K15_tw0.85_cap0.85,,15,standard_alns,150,fixed_budget,827438.1478882446,4,50,16,,,0.85
0.85,60.628662399998575,0.0,827438.1478882446,0.85,alns_grid,0.85,R150_K15_tw0.85_cap0.85,,15,qaoa,150,fixed_budget,827438.1478882446,4,50,16,,,0.85
0.85,60.895561099998304,0.012175482362976043,837512.6064643115,0.85,alns_grid,0.85,R150_K15_tw0.85_cap0.85,,15,efficient_su2,150,fixed_budget,827438.1478882446,4,50,16,,,0.85
0.85,56.30965310000465,0.05476370956916106,872751.730305641,0.85,alns_grid,0.85,R150_K15_tw0.85_cap0.85,,15,hybrid_alns,150,fixed_budget,827438.1478882446,4,50,16,,,0.85
0.85,,,,0.85,alns_grid,0.85,R150_K15_tw0.85_cap0.85,inf,15,regret_k,150,time_to_target,,4,50,16,0.01,inf,0.85
0.85,,,,0.85,alns_grid,0.85,R150_K15_tw0.85_cap0.85,inf,15,standard_alns,150,time_to_target,,4,50,16,0.01,inf,0.85
0.85,,,,0.85,alns_grid,0.85,R150_K15_tw0.85_cap0.85,78,15,qaoa,150,time_to_target,,4,50,16,0.01,47.7471349999978,0.85
0.85,,,,0.85,alns_grid,0.85,R150_K15_tw0.85_cap0.85,inf,15,efficient_su2,150,time_to_target,,4,50,16,0.01,inf,0.85
0.85,,,,0.85,alns_grid,0.85,R150_K15_tw0.85_cap0.85,inf,15,hybrid_alns,150,time_to_target,,4,50,16,0.01,inf,0.85
0.85,64.31928860000335,0.029678743100191137,1016960.8660255627,0.85,alns_grid,0.85,R200_K20_tw0.85_cap0.85,,20,regret_k,200,fixed_budget,987648.6941583965,4,10,16,,,0.85
0.85,63.84603849999985,0.034452924717097363,1021676.0802651752,0.85,alns_grid,0.85,R200_K20_tw0.85_cap0.85,,20,standard_alns,200,fixed_budget,987648.6941583965,4,10,16,,,0.85
0.85,78.44056970000383,0.041815643189848324,1028947.8595502436,0.85,alns_grid,0.85,R200_K20_tw0.85_cap0.85,,20,qaoa,200,fixed_budget,987648.6941583965,4,10,16,,,0.85
0.85,77.8676054000025,0.0,987648.6941583965,0.85,alns_grid,0.85,R200_K20_tw0.85_cap0.85,,20,efficient_su2,200,fixed_budget,987648.6941583965,4,10,16,,,0.85
0.85,70.56899730000441,0.03792653522050166,1025106.7871428774,0.85,alns_grid,0.85,R200_K20_tw0.85_cap0.85,,20,hybrid_alns,200,fixed_budget,987648.6941583965,4,10,16,,,0.85
0.85,,,,0.85,alns_grid,0.85,R200_K20_tw0.85_cap0.85,inf,20,regret_k,200,time_to_target,,4,10,16,0.01,inf,0.85
0.85,,,,0.85,alns_grid,0.85,R200_K20_tw0.85_cap0.85,inf,20,standard_alns,200,time_to_target,,4,10,16,0.01,inf,0.85
0.85,,,,0.85,alns_grid,0.85,R200_K20_tw0.85_cap0.85,inf,20,qaoa,200,time_to_target,,4,10,16,0.01,inf,0.85
0.85,,,,0.85,alns_grid,0.85,R200_K20_tw0.85_cap0.85,75,20,efficient_su2,200,time_to_target,,4,10,16,0.01,59.872522800003935,0.85
0.85,,,,0.85,alns_grid,0.85,R200_K20_tw0.85_cap0.85,inf,20,hybrid_alns,200,time_to_target,,4,10,16,0.01,inf,0.85
0.85,63.50792210000509,0.0,979940.0842808916,0.85,alns_grid,0.85,R200_K20_tw0.85_cap0.85,,20,regret_k,200,fixed_budget,979940.0842808916,4,20,16,,,0.85
0.85,61.20540319999418,0.017545199043130396,997133.3281099418,0.85,alns_grid,0.85,R200_K20_tw0.85_cap0.85,,20,standard_alns,200,fixed_budget,979940.0842808916,4,20,16,,,0.85
0.85,76.98778200000379,0.024664403592592934,1004109.722016155,0.85,alns_grid,0.85,R200_K20_tw0.85_cap0.85,,20,qaoa,200,fixed_budget,979940.0842808916,4,20,16,,,0.85
0.85,77.66958799999702,0.011213717660483432,990928.8557102078,0.85,alns_grid,0.85,R200_K20_tw0.85_cap0.85,,20,efficient_su2,200,fixed_budget,979940.0842808916,4,20,16,,,0.85
0.85,68.46813060000568,0.005628298487536591,985455.4795751262,0.85,alns_grid,0.85,R200_K20_tw0.85_cap0.85,,20,hybrid_alns,200,fixed_budget,979940.0842808916,4,20,16,,,0.85
0.85,,,,0.85,alns_grid,0.85,R200_K20_tw0.85_cap0.85,84,20,regret_k,200,time_to_target,,4,20,16,0.01,53.88425950000237,0.85
0.85,,,,0.85,alns_grid,0.85,R200_K20_tw0.85_cap0.85,inf,20,standard_alns,200,time_to_target,,4,20,16,0.01,inf,0.85
0.85,,,,0.85,alns_grid,0.85,R200_K20_tw0.85_cap0.85,inf,20,qaoa,200,time_to_target,,4,20,16,0.01,inf,0.85
0.85,,,,0.85,alns_grid,0.85,R200_K20_tw0.85_cap0.85,inf,20,efficient_su2,200,time_to_target,,4,20,16,0.01,inf,0.85
0.85,,,,0.85,alns_grid,0.85,R200_K20_tw0.85_cap0.85,78,20,hybrid_alns,200,time_to_target,,4,20,16,0.01,54.42814920000092,0.85
0.85,64.26426599999832,0.0,988784.2854909385,0.85,alns_grid,0.85,R200_K20_tw0.85_cap0.85,,20,regret_k,200,fixed_budget,988784.2854909385,4,30,16,,,0.85
0.85,64.71246129999781,0.025153511947882946,1013655.6828299137,0.85,alns_grid,0.85,R200_K20_tw0.85_cap0.85,,20,standard_alns,200,fixed_budget,988784.2854909385,4,30,16,,,0.85
0.85,78.37819509999827,0.009090486832985398,997772.8160188567,0.85,alns_grid,0.85,R200_K20_tw0.85_cap0.85,,20,qaoa,200,fixed_budget,988784.2854909385,4,30,16,,,0.85
0.85,78.80991829999402,0.010009399685230121,998681.422606892,0.85,alns_grid,0.85,R200_K20_tw0.85_cap0.85,,20,efficient_su2,200,fixed_budget,988784.2854909385,4,30,16,,,0.85
0.85,71.00422719999915,0.0015396125419787575,990306.6301781918,0.85,alns_grid,0.85,R200_K20_tw0.85_cap0.85,,20,hybrid_alns,200,fixed_budget,988784.2854909385,4,30,16,,,0.85
0.85,,,,0.85,alns_grid,0.85,R200_K20_tw0.85_cap0.85,92,20,regret_k,200,time_to_target,,4,30,16,0.01,60.020844300001045,0.85
0.85,,,,0.85,alns_grid,0.85,R200_K20_tw0.85_cap0.85,inf,20,standard_alns,200,time_to_target,,4,30,16,0.01,inf,0.85
0.85,,,,0.85,alns_grid,0.85,R200_K20_tw0.85_cap0.85,93,20,qaoa,200,time_to_target,,4,30,16,0.01,73.63077850000263,0.85
0.85,,,,0.85,alns_grid,0.85,R200_K20_tw0.85_cap0.85,inf,20,efficient_su2,200,time_to_target,,4,30,16,0.01,inf,0.85
0.85,,,,0.85,alns_grid,0.85,R200_K20_tw0.85_cap0.85,73,20,hybrid_alns,200,time_to_target,,4,30,16,0.01,52.77200029999949,0.85
0.85,64.22867319999932,0.020390608435653844,1049812.4980539076,0.85,alns_grid,0.85,R200_K20_tw0.85_cap0.85,,20,regret_k,200,fixed_budget,1028833.947877431,4,40,16,,,0.85
0.85,65.9761862000014,0.027935471164052584,1057574.9089609594,0.85,alns_grid,0.85,R200_K20_tw0.85_cap0.85,,20,standard_alns,200,fixed_budget,1028833.947877431,4,40,16,,,0.85
0.85,78.91567970000324,0.0,1028833.947877431,0.85,alns_grid,0.85,R200_K20_tw0.85_cap0.85,,20,qaoa,200,fixed_budget,1028833.947877431,4,40,16,,,0.85
0.85,79.42411759999231,0.007444000624508846,1036492.5884279466,0.85,alns_grid,0.85,R200_K20_tw0.85_cap0.85,,20,efficient_su2,200,fixed_budget,1028833.947877431,4,40,16,,,0.85
0.85,70.44509230001131,0.0032055080433270404,1032131.8833726001,0.85,alns_grid,0.85,R200_K20_tw0.85_cap0.85,,20,hybrid_alns,200,fixed_budget,1028833.947877431,4,40,16,,,0.85
0.85,,,,0.85,alns_grid,0.85,R200_K20_tw0.85_cap0.85,inf,20,regret_k,200,time_to_target,,4,40,16,0.01,inf,0.85
0.85,,,,0.85,alns_grid,0.85,R200_K20_tw0.85_cap0.85,inf,20,standard_alns,200,time_to_target,,4,40,16,0.01,inf,0.85
0.85,,,,0.85,alns_grid,0.85,R200_K20_tw0.85_cap0.85,66,20,qaoa,200,time_to_target,,4,40,16,0.01,53.02028300000529,0.85
0.85,,,,0.85,alns_grid,0.85,R200_K20_tw0.85_cap0.85,97,20,efficient_su2,200,time_to_target,,4,40,16,0.01,77.93243029998848,0.85
0.85,,,,0.85,alns_grid,0.85,R200_K20_tw0.85_cap0.85,99,20,hybrid_alns,200,time_to_target,,4,40,16,0.01,70.44509230001131,0.85
0.85,65.29150279999885,0.037884011923809434,1027194.6359513886,0.85,alns_grid,0.85,R200_K20_tw0.85_cap0.85,,20,regret_k,200,fixed_budget,989700.7990781098,4,50,16,,,0.85
0.85,65.48285230000329,0.0,989700.7990781098,0.85,alns_grid,0.85,R200_K20_tw0.85_cap0.85,,20,standard_alns,200,fixed_budget,989700.7990781098,4,50,16,,,0.85
0.85,79.13736890000291,0.0048451959002875885,994496.0933323144,0.85,alns_grid,0.85,R200_K20_tw0.85_cap0.85,,20,qaoa,200,fixed_budget,989700.7990781098,4,50,16,,,0.85
0.85,79.15670719998889,0.0009433652293310852,990634.4483994013,0.85,alns_grid,0.85,R200_K20_tw0.85_cap0.85,,20,efficient_su2,200,fixed_budget,989700.7990781098,4,50,16,,,0.85
0.85,72.05817769998976,0.03371760048137347,1023071.1352175216,0.85,alns_grid,0.85,R200_K20_tw0.85_cap0.85,,20,hybrid_alns,200,fixed_budget,989700.7990781098,4,50,16,,,0.85
0.85,,,,0.85,alns_grid,0.85,R200_K20_tw0.85_cap0.85,inf,20,regret_k,200,time_to_target,,4,50,16,0.01,inf,0.85
0.85,,,,0.85,alns_grid,0.85,R200_K20_tw0.85_cap0.85,82,20,standard_alns,200,time_to_target,,4,50,16,0.01,54.738477999999304,0.85
0.85,,,,0.85,alns_grid,0.85,R200_K20_tw0.85_cap0.85,92,20,qaoa,200,time_to_target,,4,50,16,0.01,73.38721470000746,0.85
0.85,,,,0.85,alns_grid,0.85,R200_K20_tw0.85_cap0.85,89,20,efficient_su2,200,time_to_target,,4,50,16,0.01,71.5705455999996,0.85
0.85,,,,0.85,alns_grid,0.85,R200_K20_tw0.85_cap0.85,inf,20,hybrid_alns,200,time_to_target,,4,50,16,0.01,inf,0.85
0.85,30.011816899990663,0.0,604022.0266220752,0.85,alns_grid,0.85,R100_K10_tw0.85_cap0.85,,10,regret_k,100,fixed_budget,604022.0266220752,4,10,128,,,0.85
0.85,28.908233000009204,0.017199289264640278,614410.7761801626,0.85,alns_grid,0.85,R100_K10_tw0.85_cap0.85,,10,standard_alns,100,fixed_budget,604022.0266220752,4,10,128,,,0.85
0.85,51.17769710000721,0.04740210535989423,632653.9423677117,0.85,alns_grid,0.85,R100_K10_tw0.85_cap0.85,,10,qaoa,100,fixed_budget,604022.0266220752,4,10,128,,,0.85
0.85,51.84581509999407,0.08050469885224461,652648.6379754079,0.85,alns_grid,0.85,R100_K10_tw0.85_cap0.85,,10,efficient_su2,100,fixed_budget,604022.0266220752,4,10,128,,,0.85
0.85,36.868166200001724,0.01764380010040137,614679.2705160344,0.85,alns_grid,0.85,R100_K10_tw0.85_cap0.85,,10,hybrid_alns,100,fixed_budget,604022.0266220752,4,10,128,,,0.85
0.85,,,,0.85,alns_grid,0.85,R100_K10_tw0.85_cap0.85,98,10,regret_k,100,time_to_target,,4,10,128,0.01,29.60345789999701,0.85
0.85,,,,0.85,alns_grid,0.85,R100_K10_tw0.85_cap0.85,inf,10,standard_alns,100,time_to_target,,4,10,128,0.01,inf,0.85
0.85,,,,0.85,alns_grid,0.85,R100_K10_tw0.85_cap0.85,inf,10,qaoa,100,time_to_target,,4,10,128,0.01,inf,0.85
0.85,,,,0.85,alns_grid,0.85,R100_K10_tw0.85_cap0.85,inf,10,efficient_su2,100,time_to_target,,4,10,128,0.01,inf,0.85
0.85,,,,0.85,alns_grid,0.85,R100_K10_tw0.85_cap0.85,inf,10,hybrid_alns,100,time_to_target,,4,10,128,0.01,inf,0.85
0.85,29.54483729999629,0.03008180051867176,592038.0596279111,0.85,alns_grid,0.85,R100_K10_tw0.85_cap0.85,,10,regret_k,100,fixed_budget,574748.5872770543,4,20,128,,,0.85
0.85,29.377687399988645,0.0,574748.5872770543,0.85,alns_grid,0.85,R100_K10_tw0.85_cap0.85,,10,standard_alns,100,fixed_budget,574748.5872770543,4,20,128,,,0.85
0.85,50.71794180000143,0.002961540494005268,576450.7284921476,0.85,alns_grid,0.85,R100_K10_tw0.85_cap0.85,,10,qaoa,100,fixed_budget,574748.5872770543,4,20,128,,,0.85
0.85,51.119825999994646,0.018550618069814916,585410.5288057966,0.85,alns_grid,0.85,R100_K10_tw0.85_cap0.85,,10,efficient_su2,100,fixed_budget,574748.5872770543,4,20,128,,,0.85
0.85,37.227968100007274,0.049129674405249624,602985.7982348532,0.85,alns_grid,0.85,R100_K10_tw0.85_cap0.85,,10,hybrid_alns,100,fixed_budget,574748.5872770543,4,20,128,,,0.85
0.85,,,,0.85,alns_grid,0.85,R100_K10_tw0.85_cap0.85,inf,10,regret_k,100,time_to_target,,4,20,128,0.01,inf,0.85
0.85,,,,0.85,alns_grid,0.85,R100_K10_tw0.85_cap0.85,98,10,standard_alns,100,time_to_target,,4,20,128,0.01,28.994139399990672,0.85
0.85,,,,0.85,alns_grid,0.85,R100_K10_tw0.85_cap0.85,97,10,qaoa,100,time_to_target,,4,20,128,0.01,49.678924399995594,0.85
0.85,,,,0.85,alns_grid,0.85,R100_K10_tw0.85_cap0.85,inf,10,efficient_su2,100,time_to_target,,4,20,128,0.01,inf,0.85
0.85,,,,0.85,alns_grid,0.85,R100_K10_tw0.85_cap0.85,inf,10,hybrid_alns,100,time_to_target,,4,20,128,0.01,inf,0.85
0.85,29.55949299999338,0.0,612093.2693541574,0.85,alns_grid,0.85,R100_K10_tw0.85_cap0.85,,10,regret_k,100,fixed_budget,612093.2693541574,4,30,128,,,0.85
0.85,30.675108600000385,0.02213516149511516,625642.0527213847,0.85,alns_grid,0.85,R100_K10_tw0.85_cap0.85,,10,standard_alns,100,fixed_budget,612093.2693541574,4,30,128,,,0.85
0.85,51.58654899999965,0.06985396459412167,654850.4109199229,0.85,alns_grid,0.85,R100_K10_tw0.85_cap0.85,,10,qaoa,100,fixed_budget,612093.2693541574,4,30,128,,,0.85
0.85,50.542951299998094,0.05913245459990008,648287.8468151465,0.85,alns_grid,0.85,R100_K10_tw0.85_cap0.85,,10,efficient_su2,100,fixed_budget,612093.2693541574,4,30,128,,,0.85
0.85,37.34561119999853,0.04958490383962967,642443.8552559678,0.85,alns_grid,0.85,R100_K10_tw0.85_cap0.85,,10,hybrid_alns,100,fixed_budget,612093.2693541574,4,30,128,,,0.85
0.85,,,,0.85,alns_grid,0.85,R100_K10_tw0.85_cap0.85,98,10,regret_k,100,time_to_target,,4,30,128,0.01,29.281409799994435,0.85
0.85,,,,0.85,alns_grid,0.85,R100_K10_tw0.85_cap0.85,inf,10,standard_alns,100,time_to_target,,4,30,128,0.01,inf,0.85
0.85,,,,0.85,alns_grid,0.85,R100_K10_tw0.85_cap0.85,inf,10,qaoa,100,time_to_target,,4,30,128,0.01,inf,0.85
0.85,,,,0.85,alns_grid,0.85,R100_K10_tw0.85_cap0.85,inf,10,efficient_su2,100,time_to_target,,4,30,128,0.01,inf,0.85
0.85,,,,0.85,alns_grid,0.85,R100_K10_tw0.85_cap0.85,inf,10,hybrid_alns,100,time_to_target,,4,30,128,0.01,inf,0.85
0.85,28.975152999992133,0.02214045949512513,634313.1507835694,0.85,alns_grid,0.85,R100_K10_tw0.85_cap0.85,,10,regret_k,100,fixed_budget,620573.371194876,4,40,128,,,0.85
0.85,30.494747100005043,0.0,620573.371194876,0.85,alns_grid,0.85,R100_K10_tw0.85_cap0.85,,10,standard_alns,100,fixed_budget,620573.371194876,4,40,128,,,0.85
0.85,50.26056470000185,0.02331097633357637,635039.5423640475,0.85,alns_grid,0.85,R100_K10_tw0.85_cap0.85,,10,qaoa,100,fixed_budget,620573.371194876,4,40,128,,,0.85
0.85,50.08100419999391,0.051287471378312445,652401.0102081761,0.85,alns_grid,0.85,R100_K10_tw0.85_cap0.85,,10,efficient_su2,100,fixed_budget,620573.371194876,4,40,128,,,0.85
0.85,37.97708660000353,0.006907375963767642,624859.9047828218,0.85,alns_grid,0.85,R100_K10_tw0.85_cap0.85,,10,hybrid_alns,100,fixed_budget,620573.371194876,4,40,128,,,0.85
0.85,,,,0.85,alns_grid,0.85,R100_K10_tw0.85_cap0.85,inf,10,regret_k,100,time_to_target,,4,40,128,0.01,inf,0.85
0.85,,,,0.85,alns_grid,0.85,R100_K10_tw0.85_cap0.85,85,10,standard_alns,100,time_to_target,,4,40,128,0.01,25.684506799996598,0.85
0.85,,,,0.85,alns_grid,0.85,R100_K10_tw0.85_cap0.85,inf,10,qaoa,100,time_to_target,,4,40,128,0.01,inf,0.85
0.85,,,,0.85,alns_grid,0.85,R100_K10_tw0.85_cap0.85,inf,10,efficient_su2,100,time_to_target,,4,40,128,0.01,inf,0.85
0.85,,,,0.85,alns_grid,0.85,R100_K10_tw0.85_cap0.85,71,10,hybrid_alns,100,time_to_target,,4,40,128,0.01,26.96330490001128,0.85
0.85,29.084470999994664,0.10704586100257484,641802.9451124216,0.85,alns_grid,0.85,R100_K10_tw0.85_cap0.85,,10,regret_k,100,fixed_budget,579743.7736962271,4,50,128,,,0.85
0.85,31.742680299998028,0.0,579743.7736962271,0.85,alns_grid,0.85,R100_K10_tw0.85_cap0.85,,10,standard_alns,100,fixed_budget,579743.7736962271,4,50,128,,,0.85
0.85,50.80460249999305,0.06453307427573539,617156.4217050609,0.85,alns_grid,0.85,R100_K10_tw0.85_cap0.85,,10,qaoa,100,fixed_budget,579743.7736962271,4,50,128,,,0.85
0.85,49.98029629999655,0.04112895186575241,603588.0274590489,0.85,alns_grid,0.85,R100_K10_tw0.85_cap0.85,,10,efficient_su2,100,fixed_budget,579743.7736962271,4,50,128,,,0.85
0.85,36.48818949999986,0.020468918797786034,591610.5019235372,0.85,alns_grid,0.85,R100_K10_tw0.85_cap0.85,,10,hybrid_alns,100,fixed_budget,579743.7736962271,4,50,128,,,0.85
0.85,,,,0.85,alns_grid,0.85,R100_K10_tw0.85_cap0.85,inf,10,regret_k,100,time_to_target,,4,50,128,0.01,inf,0.85
0.85,,,,0.85,alns_grid,0.85,R100_K10_tw0.85_cap0.85,83,10,standard_alns,100,time_to_target,,4,50,128,0.01,26.36173800000688,0.85
0.85,,,,0.85,alns_grid,0.85,R100_K10_tw0.85_cap0.85,inf,10,qaoa,100,time_to_target,,4,50,128,0.01,inf,0.85
0.85,,,,0.85,alns_grid,0.85,R100_K10_tw0.85_cap0.85,inf,10,efficient_su2,100,time_to_target,,4,50,128,0.01,inf,0.85
0.85,,,,0.85,alns_grid,0.85,R100_K10_tw0.85_cap0.85,inf,10,hybrid_alns,100,time_to_target,,4,50,128,0.01,inf,0.85
0.85,45.962730100000044,0.0,789803.5700352133,0.85,alns_grid,0.85,R150_K15_tw0.85_cap0.85,,15,regret_k,150,fixed_budget,789803.5700352133,4,10,128,,,0.85
0.85,46.2437973000051,0.004086914632219594,793031.4298021694,0.85,alns_grid,0.85,R150_K15_tw0.85_cap0.85,,15,standard_alns,150,fixed_budget,789803.5700352133,4,10,128,,,0.85
0.85,66.55726619999041,0.023937754616766574,808709.6940901624,0.85,alns_grid,0.85,R150_K15_tw0.85_cap0.85,,15,qaoa,150,fixed_budget,789803.5700352133,4,10,128,,,0.85
0.85,67.49896080000326,0.007558893655232196,795773.6112296322,0.85,alns_grid,0.85,R150_K15_tw0.85_cap0.85,,15,efficient_su2,150,fixed_budget,789803.5700352133,4,10,128,,,0.85
0.85,56.255421799985925,0.009570980629209651,797362.7647049009,0.85,alns_grid,0.85,R150_K15_tw0.85_cap0.85,,15,hybrid_alns,150,fixed_budget,789803.5700352133,4,10,128,,,0.85
0.85,,,,0.85,alns_grid,0.85,R150_K15_tw0.85_cap0.85,74,15,regret_k,150,time_to_target,,4,10,128,0.01,34.45945860000211,0.85
0.85,,,,0.85,alns_grid,0.85,R150_K15_tw0.85_cap0.85,97,15,standard_alns,150,time_to_target,,4,10,128,0.01,45.38690080000379,0.85
0.85,,,,0.85,alns_grid,0.85,R150_K15_tw0.85_cap0.85,inf,15,qaoa,150,time_to_target,,4,10,128,0.01,inf,0.85
0.85,,,,0.85,alns_grid,0.85,R150_K15_tw0.85_cap0.85,95,15,efficient_su2,150,time_to_target,,4,10,128,0.01,65.0647683999996,0.85
0.85,,,,0.85,alns_grid,0.85,R150_K15_tw0.85_cap0.85,96,15,hybrid_alns,150,time_to_target,,4,10,128,0.01,54.82567389999167,0.85
0.85,46.38672530000622,0.0,790070.7829038209,0.85,alns_grid,0.85,R150_K15_tw0.85_cap0.85,,15,regret_k,150,fixed_budget,790070.7829038209,4,20,128,,,0.85
0.85,45.947314999997616,0.035364432125444115,818011.1874801195,0.85,alns_grid,0.85,R150_K15_tw0.85_cap0.85,,15,standard_alns,150,fixed_budget,790070.7829038209,4,20,128,,,0.85
0.85,68.00013520001085,0.009055164493570998,797225.0038045794,0.85,alns_grid,0.85,R150_K15_tw0.85_cap0.85,,15,qaoa,150,fixed_budget,790070.7829038209,4,20,128,,,0.85
0.85,71.03271949999908,0.0034122877944231566,792766.7317930539,0.85,alns_grid,0.85,R150_K15_tw0.85_cap0.85,,15,efficient_su2,150,fixed_budget,790070.7829038209,4,20,128,,,0.85
0.85,81.6520268000022,0.0380558834466345,820137.6245325999,0.85,alns_grid,0.85,R150_K15_tw0.85_cap0.85,,15,hybrid_alns,150,fixed_budget,790070.7829038209,4,20,128,,,0.85
0.85,,,,0.85,alns_grid,0.85,R150_K15_tw0.85_cap0.85,59,15,regret_k,150,time_to_target,,4,20,128,0.01,27.83008189999964,0.85
0.85,,,,0.85,alns_grid,0.85,R150_K15_tw0.85_cap0.85,inf,15,standard_alns,150,time_to_target,,4,20,128,0.01,inf,0.85
0.85,,,,0.85,alns_grid,0.85,R150_K15_tw0.85_cap0.85,82,15,qaoa,150,time_to_target,,4,20,128,0.01,57.24737750001077,0.85
0.85,,,,0.85,alns_grid,0.85,R150_K15_tw0.85_cap0.85,81,15,efficient_su2,150,time_to_target,,4,20,128,0.01,56.62885019999521,0.85
0.85,,,,0.85,alns_grid,0.85,R150_K15_tw0.85_cap0.85,inf,15,hybrid_alns,150,time_to_target,,4,20,128,0.01,inf,0.85
0.85,47.42847489999258,0.0,772742.1685321116,0.85,alns_grid,0.85,R150_K15_tw0.85_cap0.85,,15,regret_k,150,fixed_budget,772742.1685321116,4,30,128,,,0.85
0.85,47.51780729999882,0.03614630204358091,800673.940357685,0.85,alns_grid,0.85,R150_K15_tw0.85_cap0.85,,15,standard_alns,150,fixed_budget,772742.1685321116,4,30,128,,,0.85
0.85,69.38028009999834,0.04746274272118943,809418.6312669652,0.85,alns_grid,0.85,R150_K15_tw0.85_cap0.85,,15,qaoa,150,fixed_budget,772742.1685321116,4,30,128,,,0.85
0.85,70.09098029999586,0.017193614135317562,786028.3992039412,0.85,alns_grid,0.85,R150_K15_tw0.85_cap0.85,,15,efficient_su2,150,fixed_budget,772742.1685321116,4,30,128,,,0.85
0.85,58.24347519999719,0.006521522059764979,777781.6236307044,0.85,alns_grid,0.85,R150_K15_tw0.85_cap0.85,,15,hybrid_alns,150,fixed_budget,772742.1685321116,4,30,128,,,0.85
0.85,,,,0.85,alns_grid,0.85,R150_K15_tw0.85_cap0.85,97,15,regret_k,150,time_to_target,,4,30,128,0.01,46.465620899994974,0.85
0.85,,,,0.85,alns_grid,0.85,R150_K15_tw0.85_cap0.85,inf,15,standard_alns,150,time_to_target,,4,30,128,0.01,inf,0.85
0.85,,,,0.85,alns_grid,0.85,R150_K15_tw0.85_cap0.85,inf,15,qaoa,150,time_to_target,,4,30,128,0.01,inf,0.85
0.85,,,,0.85,alns_grid,0.85,R150_K15_tw0.85_cap0.85,inf,15,efficient_su2,150,time_to_target,,4,30,128,0.01,inf,0.85
0.85,,,,0.85,alns_grid,0.85,R150_K15_tw0.85_cap0.85,94,15,hybrid_alns,150,time_to_target,,4,30,128,0.01,55.21164510000381,0.85
0.85,46.44896829999925,0.0,781164.9491794836,0.85,alns_grid,0.85,R150_K15_tw0.85_cap0.85,,15,regret_k,150,fixed_budget,781164.9491794836,4,40,128,,,0.85
0.85,48.624702300003264,0.0441558412465086,815657.9446627898,0.85,alns_grid,0.85,R150_K15_tw0.85_cap0.85,,15,standard_alns,150,fixed_budget,781164.9491794836,4,40,128,,,0.85
0.85,73.13770829999703,0.010962812233288483,789728.7138405646,0.85,alns_grid,0.85,R150_K15_tw0.85_cap0.85,,15,qaoa,150,fixed_budget,781164.9491794836,4,40,128,,,0.85
0.85,74.48696690000361,0.04192414388819677,813914.6209093002,0.85,alns_grid,0.85,R150_K15_tw0.85_cap0.85,,15,efficient_su2,150,fixed_budget,781164.9491794836,4,40,128,,,0.85
0.85,90.78436720000172,0.035206914856345466,808667.3570340071,0.85,alns_grid,0.85,R150_K15_tw0.85_cap0.85,,15,hybrid_alns,150,fixed_budget,781164.9491794836,4,40,128,,,0.85
0.85,,,,0.85,alns_grid,0.85,R150_K15_tw0.85_cap0.85,86,15,regret_k,150,time_to_target,,4,40,128,0.01,40.52725080000528,0.85
0.85,,,,0.85,alns_grid,0.85,R150_K15_tw0.85_cap0.85,inf,15,standard_alns,150,time_to_target,,4,40,128,0.01,inf,0.85
0.85,,,,0.85,alns_grid,0.85,R150_K15_tw0.85_cap0.85,inf,15,qaoa,150,time_to_target,,4,40,128,0.01,inf,0.85
0.85,,,,0.85,alns_grid,0.85,R150_K15_tw0.85_cap0.85,inf,15,efficient_su2,150,time_to_target,,4,40,128,0.01,inf,0.85
0.85,,,,0.85,alns_grid,0.85,R150_K15_tw0.85_cap0.85,inf,15,hybrid_alns,150,time_to_target,,4,40,128,0.01,inf,0.85
0.85,75.10347640000691,0.05103176630727469,880346.8411016765,0.85,alns_grid,0.85,R150_K15_tw0.85_cap0.85,,15,regret_k,150,fixed_budget,837602.5057688907,4,50,128,,,0.85
0.85,82.13335829999414,0.01523257537078577,850361.3490687744,0.85,alns_grid,0.85,R150_K15_tw0.85_cap0.85,,15,standard_alns,150,fixed_budget,837602.5057688907,4,50,128,,,0.85
0.85,103.75424739999289,0.08960544820901188,912656.2537193036,0.85,alns_grid,0.85,R150_K15_tw0.85_cap0.85,,15,qaoa,150,fixed_budget,837602.5057688907,4,50,128,,,0.85
0.85,96.70500539999921,0.0,837602.5057688907,0.85,alns_grid,0.85,R150_K15_tw0.85_cap0.85,,15,efficient_su2,150,fixed_budget,837602.5057688907,4,50,128,,,0.85
0.85,96.2295235000056,0.057113377266474495,885440.8136802138,0.85,alns_grid,0.85,R150_K15_tw0.85_cap0.85,,15,hybrid_alns,150,fixed_budget,837602.5057688907,4,50,128,,,0.85
0.85,,,,0.85,alns_grid,0.85,R150_K15_tw0.85_cap0.85,inf,15,regret_k,150,time_to_target,,4,50,128,0.01,inf,0.85
0.85,,,,0.85,alns_grid,0.85,R150_K15_tw0.85_cap0.85,inf,15,standard_alns,150,time_to_target,,4,50,128,0.01,inf,0.85
0.85,,,,0.85,alns_grid,0.85,R150_K15_tw0.85_cap0.85,inf,15,qaoa,150,time_to_target,,4,50,128,0.01,inf,0.85
0.85,,,,0.85,alns_grid,0.85,R150_K15_tw0.85_cap0.85,88,15,efficient_su2,150,time_to_target,,4,50,128,0.01,87.56362539999827,0.85
0.85,,,,0.85,alns_grid,0.85,R150_K15_tw0.85_cap0.85,inf,15,hybrid_alns,150,time_to_target,,4,50,128,0.01,inf,0.85
0.85,109.68849390000105,0.026969709030731728,1016960.8660255627,0.85,alns_grid,0.85,R200_K20_tw0.85_cap0.85,,20,regret_k,200,fixed_budget,990254.0036798014,4,10,128,,,0.85
0.85,115.66723960000672,0.03173133001089503,1021676.0802651752,0.85,alns_grid,0.85,R200_K20_tw0.85_cap0.85,,20,standard_alns,200,fixed_budget,990254.0036798014,4,10,128,,,0.85
0.85,124.20964559999993,0.04718685635936199,1036980.9771107233,0.85,alns_grid,0.85,R200_K20_tw0.85_cap0.85,,20,qaoa,200,fixed_budget,990254.0036798014,4,10,128,,,0.85
0.85,87.41558729999815,0.0,990254.0036798014,0.85,alns_grid,0.85,R200_K20_tw0.85_cap0.85,,20,efficient_su2,200,fixed_budget,990254.0036798014,4,10,128,,,0.85
0.85,74.10456890000205,0.03224148294120917,1022181.2612469078,0.85,alns_grid,0.85,R200_K20_tw0.85_cap0.85,,20,hybrid_alns,200,fixed_budget,990254.0036798014,4,10,128,,,0.85
0.85,,,,0.85,alns_grid,0.85,R200_K20_tw0.85_cap0.85,inf,20,regret_k,200,time_to_target,,4,10,128,0.01,inf,0.85
0.85,,,,0.85,alns_grid,0.85,R200_K20_tw0.85_cap0.85,inf,20,standard_alns,200,time_to_target,,4,10,128,0.01,inf,0.85
0.85,,,,0.85,alns_grid,0.85,R200_K20_tw0.85_cap0.85,inf,20,qaoa,200,time_to_target,,4,10,128,0.01,inf,0.85
0.85,,,,0.85,alns_grid,0.85,R200_K20_tw0.85_cap0.85,95,20,efficient_su2,200,time_to_target,,4,10,128,0.01,83.94307539999136,0.85
0.85,,,,0.85,alns_grid,0.85,R200_K20_tw0.85_cap0.85,inf,20,hybrid_alns,200,time_to_target,,4,10,128,0.01,inf,0.85
0.85,66.13664360000985,0.023949935127996907,979940.0842808916,0.85,alns_grid,0.85,R200_K20_tw0.85_cap0.85,,20,regret_k,200,fixed_budget,957019.5286534161,4,20,128,,,0.85
0.85,62.270453000004636,0.04191534055001807,997133.3281099418,0.85,alns_grid,0.85,R200_K20_tw0.85_cap0.85,,20,standard_alns,200,fixed_budget,957019.5286534161,4,20,128,,,0.85
0.85,86.65521559999615,0.04513244699916104,1000212.1618075285,0.85,alns_grid,0.85,R200_K20_tw0.85_cap0.85,,20,qaoa,200,fixed_budget,957019.5286534161,4,20,128,,,0.85
0.85,84.38773230000515,0.0,957019.5286534161,0.85,alns_grid,0.85,R200_K20_tw0.85_cap0.85,,20,efficient_su2,200,fixed_budget,957019.5286534161,4,20,128,,,0.85
0.85,71.83900910000375,0.0374928925027696,992900.9589642698,0.85,alns_grid,0.85,R200_K20_tw0.85_cap0.85,,20,hybrid_alns,200,fixed_budget,957019.5286534161,4,20,128,,,0.85
0.85,,,,0.85,alns_grid,0.85,R200_K20_tw0.85_cap0.85,inf,20,regret_k,200,time_to_target,,4,20,128,0.01,inf,0.85
0.85,,,,0.85,alns_grid,0.85,R200_K20_tw0.85_cap0.85,inf,20,standard_alns,200,time_to_target,,4,20,128,0.01,inf,0.85
0.85,,,,0.85,alns_grid,0.85,R200_K20_tw0.85_cap0.85,inf,20,qaoa,200,time_to_target,,4,20,128,0.01,inf,0.85
0.85,,,,0.85,alns_grid,0.85,R200_K20_tw0.85_cap0.85,74,20,efficient_su2,200,time_to_target,,4,20,128,0.01,64.28152119999868,0.85
0.85,,,,0.85,alns_grid,0.85,R200_K20_tw0.85_cap0.85,inf,20,hybrid_alns,200,time_to_target,,4,20,128,0.01,inf,0.85
0.85,62.086907600009,0.0,988784.2854909385,0.85,alns_grid,0.85,R200_K20_tw0.85_cap0.85,,20,regret_k,200,fixed_budget,988784.2854909385,4,30,128,,,0.85
0.85,63.29440690000774,0.025153511947882946,1013655.6828299137,0.85,alns_grid,0.85,R200_K20_tw0.85_cap0.85,,20,standard_alns,200,fixed_budget,988784.2854909385,4,30,128,,,0.85
0.85,86.20915840000089,0.02888472480010696,1017345.0474640146,0.85,alns_grid,0.85,R200_K20_tw0.85_cap0.85,,20,qaoa,200,fixed_budget,988784.2854909385,4,30,128,,,0.85
0.85,86.11559450000641,0.018754729151548622,1007328.6669546285,0.85,alns_grid,0.85,R200_K20_tw0.85_cap0.85,,20,efficient_su2,200,fixed_budget,988784.2854909385,4,30,128,,,0.85
0.85,73.45525359999738,0.002428748817368298,991185.7941549569,0.85,alns_grid,0.85,R200_K20_tw0.85_cap0.85,,20,hybrid_alns,200,fixed_budget,988784.2854909385,4,30,128,,,0.85
0.85,,,,0.85,alns_grid,0.85,R200_K20_tw0.85_cap0.85,92,20,regret_k,200,time_to_target,,4,30,128,0.01,57.87930000000051,0.85
0.85,,,,0.85,alns_grid,0.85,R200_K20_tw0.85_cap0.85,inf,20,standard_alns,200,time_to_target,,4,30,128,0.01,inf,0.85
0.85,,,,0.85,alns_grid,0.85,R200_K20_tw0.85_cap0.85,inf,20,qaoa,200,time_to_target,,4,30,128,0.01,inf,0.85
0.85,,,,0.85,alns_grid,0.85,R200_K20_tw0.85_cap0.85,inf,20,efficient_su2,200,time_to_target,,4,30,128,0.01,inf,0.85
0.85,,,,0.85,alns_grid,0.85,R200_K20_tw0.85_cap0.85,45,20,hybrid_alns,200,time_to_target,,4,30,128,0.01,35.36839780000446,0.85
0.85,64.26787440000044,0.033990197726447575,1049812.4980539076,0.85,alns_grid,0.85,R200_K20_tw0.85_cap0.85,,20,regret_k,200,fixed_budget,1015302.1763284124,4,40,128,,,0.85
0.85,64.1150248000049,0.04163561707847003,1057574.9089609594,0.85,alns_grid,0.85,R200_K20_tw0.85_cap0.85,,20,standard_alns,200,fixed_budget,1015302.1763284124,4,40,128,,,0.85
0.85,85.14480629999889,0.02291697834589466,1038569.8343178703,0.85,alns_grid,0.85,R200_K20_tw0.85_cap0.85,,20,qaoa,200,fixed_budget,1015302.1763284124,4,40,128,,,0.85
0.85,85.7004667000001,0.0,1015302.1763284124,0.85,alns_grid,0.85,R200_K20_tw0.85_cap0.85,,20,efficient_su2,200,fixed_budget,1015302.1763284124,4,40,128,,,0.85
0.85,72.00654640000721,0.027203961972030805,1042922.4181233706,0.85,alns_grid,0.85,R200_K20_tw0.85_cap0.85,,20,hybrid_alns,200,fixed_budget,1015302.1763284124,4,40,128,,,0.85
0.85,,,,0.85,alns_grid,0.85,R200_K20_tw0.85_cap0.85,inf,20,regret_k,200,time_to_target,,4,40,128,0.01,inf,0.85
0.85,,,,0.85,alns_grid,0.85,R200_K20_tw0.85_cap0.85,inf,20,standard_alns,200,time_to_target,,4,40,128,0.01,inf,0.85
0.85,,,,0.85,alns_grid,0.85,R200_K20_tw0.85_cap0.85,inf,20,qaoa,200,time_to_target,,4,40,128,0.01,inf,0.85
0.85,,,,0.85,alns_grid,0.85,R200_K20_tw0.85_cap0.85,63,20,efficient_su2,200,time_to_target,,4,40,128,0.01,55.81505289999768,0.85
0.85,,,,0.85,alns_grid,0.85,R200_K20_tw0.85_cap0.85,inf,20,hybrid_alns,200,time_to_target,,4,40,128,0.01,inf,0.85
0.85,63.37636609999754,0.05093583679226103,1027194.6359513886,0.85,alns_grid,0.85,R200_K20_tw0.85_cap0.85,,20,regret_k,200,fixed_budget,977409.4668677995,4,50,128,,,0.85
0.85,64.79351770000358,0.012575417598213979,989700.7990781098,0.85,alns_grid,0.85,R200_K20_tw0.85_cap0.85,,20,standard_alns,200,fixed_budget,977409.4668677995,4,50,128,,,0.85
0.85,86.182178499992,0.0299864816300635,1006718.537891081,0.85,alns_grid,0.85,R200_K20_tw0.85_cap0.85,,20,qaoa,200,fixed_budget,977409.4668677995,4,50,128,,,0.85
0.85,85.80081970000174,0.03296489335157551,1009629.6657039168,0.85,alns_grid,0.85,R200_K20_tw0.85_cap0.85,,20,efficient_su2,200,fixed_budget,977409.4668677995,4,50,128,,,0.85
0.85,74.32306500000414,0.0,977409.4668677995,0.85,alns_grid,0.85,R200_K20_tw0.85_cap0.85,,20,hybrid_alns,200,fixed_budget,977409.4668677995,4,50,128,,,0.85
0.85,,,,0.85,alns_grid,0.85,R200_K20_tw0.85_cap0.85,inf,20,regret_k,200,time_to_target,,4,50,128,0.01,inf,0.85
0.85,,,,0.85,alns_grid,0.85,R200_K20_tw0.85_cap0.85,inf,20,standard_alns,200,time_to_target,,4,50,128,0.01,inf,0.85
0.85,,,,0.85,alns_grid,0.85,R200_K20_tw0.85_cap0.85,inf,20,qaoa,200,time_to_target,,4,50,128,0.01,inf,0.85
0.85,,,,0.85,alns_grid,0.85,R200_K20_tw0.85_cap0.85,inf,20,efficient_su2,200,time_to_target,,4,50,128,0.01,inf,0.85
0.85,,,,0.85,alns_grid,0.85,R200_K20_tw0.85_cap0.85,71,20,hybrid_alns,200,time_to_target,,4,50,128,0.01,54.136796899998444,0.85
0.85,29.844404999996186,0.0,604022.0266220752,0.85,alns_grid,0.85,R100_K10_tw0.85_cap0.85,,10,regret_k,100,fixed_budget,604022.0266220752,4,10,1024,,,0.85
0.85,32.67066849999537,0.017199289264640278,614410.7761801626,0.85,alns_grid,0.85,R100_K10_tw0.85_cap0.85,,10,standard_alns,100,fixed_budget,604022.0266220752,4,10,1024,,,0.85
0.85,51.35836199999903,0.08968205299568391,658191.9620241566,0.85,alns_grid,0.85,R100_K10_tw0.85_cap0.85,,10,qaoa,100,fixed_budget,604022.0266220752,4,10,1024,,,0.85
0.85,50.340854200010654,0.06707184806730454,644534.9002209764,0.85,alns_grid,0.85,R100_K10_tw0.85_cap0.85,,10,efficient_su2,100,fixed_budget,604022.0266220752,4,10,1024,,,0.85
0.85,37.154242300006445,0.06127706548191321,641034.7238999141,0.85,alns_grid,0.85,R100_K10_tw0.85_cap0.85,,10,hybrid_alns,100,fixed_budget,604022.0266220752,4,10,1024,,,0.85
0.85,,,,0.85,alns_grid,0.85,R100_K10_tw0.85_cap0.85,98,10,regret_k,100,time_to_target,,4,10,1024,0.01,29.512818999995943,0.85
0.85,,,,0.85,alns_grid,0.85,R100_K10_tw0.85_cap0.85,inf,10,standard_alns,100,time_to_target,,4,10,1024,0.01,inf,0.85
0.85,,,,0.85,alns_grid,0.85,R100_K10_tw0.85_cap0.85,inf,10,qaoa,100,time_to_target,,4,10,1024,0.01,inf,0.85
0.85,,,,0.85,alns_grid,0.85,R100_K10_tw0.85_cap0.85,inf,10,efficient_su2,100,time_to_target,,4,10,1024,0.01,inf,0.85
0.85,,,,0.85,alns_grid,0.85,R100_K10_tw0.85_cap0.85,inf,10,hybrid_alns,100,time_to_target,,4,10,1024,0.01,inf,0.85
0.85,29.165800100003253,0.03008180051867176,592038.0596279111,0.85,alns_grid,0.85,R100_K10_tw0.85_cap0.85,,10,regret_k,100,fixed_budget,574748.5872770543,4,20,1024,,,0.85
0.85,33.04959749999398,0.0,574748.5872770543,0.85,alns_grid,0.85,R100_K10_tw0.85_cap0.85,,10,standard_alns,100,fixed_budget,574748.5872770543,4,20,1024,,,0.85
0.85,51.95642020000378,0.03551279837152408,595159.5179713427,0.85,alns_grid,0.85,R100_K10_tw0.85_cap0.85,,10,qaoa,100,fixed_budget,574748.5872770543,4,20,1024,,,0.85
0.85,50.139519300006214,0.018550618069814916,585410.5288057966,0.85,alns_grid,0.85,R100_K10_tw0.85_cap0.85,,10,efficient_su2,100,fixed_budget,574748.5872770543,4,20,1024,,,0.85
0.85,34.47569130000193,0.012870775601766143,582146.0473713294,0.85,alns_grid,0.85,R100_K10_tw0.85_cap0.85,,10,hybrid_alns,100,fixed_budget,574748.5872770543,4,20,1024,,,0.85
0.85,,,,0.85,alns_grid,0.85,R100_K10_tw0.85_cap0.85,inf,10,regret_k,100,time_to_target,,4,20,1024,0.01,inf,0.85
0.85,,,,0.85,alns_grid,0.85,R100_K10_tw0.85_cap0.85,98,10,standard_alns,100,time_to_target,,4,20,1024,0.01,32.71716509999533,0.85
0.85,,,,0.85,alns_grid,0.85,R100_K10_tw0.85_cap0.85,inf,10,qaoa,100,time_to_target,,4,20,1024,0.01,inf,0.85
0.85,,,,0.85,alns_grid,0.85,R100_K10_tw0.85_cap0.85,inf,10,efficient_su2,100,time_to_target,,4,20,1024,0.01,inf,0.85
0.85,,,,0.85,alns_grid,0.85,R100_K10_tw0.85_cap0.85,inf,10,hybrid_alns,100,time_to_target,,4,20,1024,0.01,inf,0.85
0.85,28.886186099989573,0.0,612093.2693541574,0.85,alns_grid,0.85,R100_K10_tw0.85_cap0.85,,10,regret_k,100,fixed_budget,612093.2693541574,4,30,1024,,,0.85
0.85,33.36104840000917,0.02213516149511516,625642.0527213847,0.85,alns_grid,0.85,R100_K10_tw0.85_cap0.85,,10,standard_alns,100,fixed_budget,612093.2693541574,4,30,1024,,,0.85
0.85,50.95563680000487,0.06458639521297618,651626.1671558677,0.85,alns_grid,0.85,R100_K10_tw0.85_cap0.85,,10,qaoa,100,fixed_budget,612093.2693541574,4,30,1024,,,0.85
0.85,50.58959049999248,0.05913245459990008,648287.8468151465,0.85,alns_grid,0.85,R100_K10_tw0.85_cap0.85,,10,efficient_su2,100,fixed_budget,612093.2693541574,4,30,1024,,,0.85
0.85,36.05530200000794,0.06614038632363857,652577.3546553403,0.85,alns_grid,0.85,R100_K10_tw0.85_cap0.85,,10,hybrid_alns,100,fixed_budget,612093.2693541574,4,30,1024,,,0.85
0.85,,,,0.85,alns_grid,0.85,R100_K10_tw0.85_cap0.85,98,10,regret_k,100,time_to_target,,4,30,1024,0.01,28.620147699999507,0.85
0.85,,,,0.85,alns_grid,0.85,R100_K10_tw0.85_cap0.85,inf,10,standard_alns,100,time_to_target,,4,30,1024,0.01,inf,0.85
0.85,,,,0.85,alns_grid,0.85,R100_K10_tw0.85_cap0.85,inf,10,qaoa,100,time_to_target,,4,30,1024,0.01,inf,0.85
0.85,,,,0.85,alns_grid,0.85,R100_K10_tw0.85_cap0.85,inf,10,efficient_su2,100,time_to_target,,4,30,1024,0.01,inf,0.85
0.85,,,,0.85,alns_grid,0.85,R100_K10_tw0.85_cap0.85,inf,10,hybrid_alns,100,time_to_target,,4,30,1024,0.01,inf,0.85
0.85,28.478126399990288,0.02214045949512513,634313.1507835694,0.85,alns_grid,0.85,R100_K10_tw0.85_cap0.85,,10,regret_k,100,fixed_budget,620573.371194876,4,40,1024,,,0.85
0.85,32.99173080000037,0.0,620573.371194876,0.85,alns_grid,0.85,R100_K10_tw0.85_cap0.85,,10,standard_alns,100,fixed_budget,620573.371194876,4,40,1024,,,0.85
0.85,52.619317400007276,0.049652842492339096,651386.6030497551,0.85,alns_grid,0.85,R100_K10_tw0.85_cap0.85,,10,qaoa,100,fixed_budget,620573.371194876,4,40,1024,,,0.85
0.85,50.329051299995626,0.051287471378312445,652401.0102081761,0.85,alns_grid,0.85,R100_K10_tw0.85_cap0.85,,10,efficient_su2,100,fixed_budget,620573.371194876,4,40,1024,,,0.85
0.85,35.79553990000568,0.0010131671498321965,621202.1157486313,0.85,alns_grid,0.85,R100_K10_tw0.85_cap0.85,,10,hybrid_alns,100,fixed_budget,620573.371194876,4,40,1024,,,0.85
0.85,,,,0.85,alns_grid,0.85,R100_K10_tw0.85_cap0.85,inf,10,regret_k,100,time_to_target,,4,40,1024,0.01,inf,0.85
0.85,,,,0.85,alns_grid,0.85,R100_K10_tw0.85_cap0.85,85,10,standard_alns,100,time_to_target,,4,40,1024,0.01,28.280072800000198,0.85
0.85,,,,0.85,alns_grid,0.85,R100_K10_tw0.85_cap0.85,inf,10,qaoa,100,time_to_target,,4,40,1024,0.01,inf,0.85
0.85,,,,0.85,alns_grid,0.85,R100_K10_tw0.85_cap0.85,inf,10,efficient_su2,100,time_to_target,,4,40,1024,0.01,inf,0.85
0.85,,,,0.85,alns_grid,0.85,R100_K10_tw0.85_cap0.85,84,10,hybrid_alns,100,time_to_target,,4,40,1024,0.01,29.977226700008032,0.85
0.85,28.821083000002545,0.10704586100257484,641802.9451124216,0.85,alns_grid,0.85,R100_K10_tw0.85_cap0.85,,10,regret_k,100,fixed_budget,579743.7736962271,4,50,1024,,,0.85
0.85,33.7551558999985,0.0,579743.7736962271,0.85,alns_grid,0.85,R100_K10_tw0.85_cap0.85,,10,standard_alns,100,fixed_budget,579743.7736962271,4,50,1024,,,0.85
0.85,52.449586700007785,0.08352196497723033,628165.1128586507,0.85,alns_grid,0.85,R100_K10_tw0.85_cap0.85,,10,qaoa,100,fixed_budget,579743.7736962271,4,50,1024,,,0.85
0.85,49.882167999996454,0.04112895186575241,603588.0274590489,0.85,alns_grid,0.85,R100_K10_tw0.85_cap0.85,,10,efficient_su2,100,fixed_budget,579743.7736962271,4,50,1024,,,0.85
0.85,37.43631279999681,0.0915993461718446,632847.9243139994,0.85,alns_grid,0.85,R100_K10_tw0.85_cap0.85,,10,hybrid_alns,100,fixed_budget,579743.7736962271,4,50,1024,,,0.85
0.85,,,,0.85,alns_grid,0.85,R100_K10_tw0.85_cap0.85,inf,10,regret_k,100,time_to_target,,4,50,1024,0.01,inf,0.85
0.85,,,,0.85,alns_grid,0.85,R100_K10_tw0.85_cap0.85,83,10,standard_alns,100,time_to_target,,4,50,1024,0.01,28.380235799995717,0.85
0.85,,,,0.85,alns_grid,0.85,R100_K10_tw0.85_cap0.85,inf,10,qaoa,100,time_to_target,,4,50,1024,0.01,inf,0.85
0.85,,,,0.85,alns_grid,0.85,R100_K10_tw0.85_cap0.85,inf,10,efficient_su2,100,time_to_target,,4,50,1024,0.01,inf,0.85
0.85,,,,0.85,alns_grid,0.85,R100_K10_tw0.85_cap0.85,inf,10,hybrid_alns,100,time_to_target,,4,50,1024,0.01,inf,0.85
0.85,44.57855850001215,0.022495010878778334,789803.5700352133,0.85,alns_grid,0.85,R150_K15_tw0.85_cap0.85,,15,regret_k,150,fixed_budget,772427.7983091775,4,10,1024,,,0.85
0.85,45.38733630000206,0.02667386070011035,793031.4298021694,0.85,alns_grid,0.85,R150_K15_tw0.85_cap0.85,,15,standard_alns,150,fixed_budget,772427.7983091775,4,10,1024,,,0.85
0.85,65.20803919999162,0.08923280985360751,841353.701161341,0.85,alns_grid,0.85,R150_K15_tw0.85_cap0.85,,15,qaoa,150,fixed_budget,772427.7983091775,4,10,1024,,,0.85
0.85,64.48869899999409,0.030223941929016507,795773.6112296322,0.85,alns_grid,0.85,R150_K15_tw0.85_cap0.85,,15,efficient_su2,150,fixed_budget,772427.7983091775,4,10,1024,,,0.85
0.85,51.82686040000408,0.0,772427.7983091775,0.85,alns_grid,0.85,R150_K15_tw0.85_cap0.85,,15,hybrid_alns,150,fixed_budget,772427.7983091775,4,10,1024,,,0.85
0.85,,,,0.85,alns_grid,0.85,R150_K15_tw0.85_cap0.85,inf,15,regret_k,150,time_to_target,,4,10,1024,0.01,inf,0.85
0.85,,,,0.85,alns_grid,0.85,R150_K15_tw0.85_cap0.85,inf,15,standard_alns,150,time_to_target,,4,10,1024,0.01,inf,0.85
0.85,,,,0.85,alns_grid,0.85,R150_K15_tw0.85_cap0.85,inf,15,qaoa,150,time_to_target,,4,10,1024,0.01,inf,0.85
0.85,,,,0.85,alns_grid,0.85,R150_K15_tw0.85_cap0.85,inf,15,efficient_su2,150,time_to_target,,4,10,1024,0.01,inf,0.85
0.85,,,,0.85,alns_grid,0.85,R150_K15_tw0.85_cap0.85,93,15,hybrid_alns,150,time_to_target,,4,10,1024,0.01,48.87396240000089,0.85
0.85,45.93023019999964,0.0,790070.7829038209,0.85,alns_grid,0.85,R150_K15_tw0.85_cap0.85,,15,regret_k,150,fixed_budget,790070.7829038209,4,20,1024,,,0.85
0.85,45.49766600001021,0.035364432125444115,818011.1874801195,0.85,alns_grid,0.85,R150_K15_tw0.85_cap0.85,,15,standard_alns,150,fixed_budget,790070.7829038209,4,20,1024,,,0.85
0.85,65.57893450000847,0.04850027715346894,828389.4348455144,0.85,alns_grid,0.85,R150_K15_tw0.85_cap0.85,,15,qaoa,150,fixed_budget,790070.7829038209,4,20,1024,,,0.85
0.85,65.78928199999791,0.0034122877944231566,792766.7317930539,0.85,alns_grid,0.85,R150_K15_tw0.85_cap0.85,,15,efficient_su2,150,fixed_budget,790070.7829038209,4,20,1024,,,0.85
0.85,54.56822450000618,0.0363679413873631,818804.0308283351,0.85,alns_grid,0.85,R150_K15_tw0.85_cap0.85,,15,hybrid_alns,150,fixed_budget,790070.7829038209,4,20,1024,,,0.85
0.85,,,,0.85,alns_grid,0.85,R150_K15_tw0.85_cap0.85,59,15,regret_k,150,time_to_target,,4,20,1024,0.01,27.53934940000181,0.85
0.85,,,,0.85,alns_grid,0.85,R150_K15_tw0.85_cap0.85,inf,15,standard_alns,150,time_to_target,,4,20,1024,0.01,inf,0.85
0.85,,,,0.85,alns_grid,0.85,R150_K15_tw0.85_cap0.85,inf,15,qaoa,150,time_to_target,,4,20,1024,0.01,inf,0.85
0.85,,,,0.85,alns_grid,0.85,R150_K15_tw0.85_cap0.85,81,15,efficient_su2,150,time_to_target,,4,20,1024,0.01,53.89802530000452,0.85
0.85,,,,0.85,alns_grid,0.85,R150_K15_tw0.85_cap0.85,inf,15,hybrid_alns,150,time_to_target,,4,20,1024,0.01,inf,0.85
0.85,47.15239869999641,0.0,772742.1685321116,0.85,alns_grid,0.85,R150_K15_tw0.85_cap0.85,,15,regret_k,150,fixed_budget,772742.1685321116,4,30,1024,,,0.85
0.85,46.62085239999578,0.03614630204358091,800673.940357685,0.85,alns_grid,0.85,R150_K15_tw0.85_cap0.85,,15,standard_alns,150,fixed_budget,772742.1685321116,4,30,1024,,,0.85
0.85,65.59422949999862,0.06506440334618949,823020.176668094,0.85,alns_grid,0.85,R150_K15_tw0.85_cap0.85,,15,qaoa,150,fixed_budget,772742.1685321116,4,30,1024,,,0.85
0.85,66.19094749999931,0.017193614135317562,786028.3992039412,0.85,alns_grid,0.85,R150_K15_tw0.85_cap0.85,,15,efficient_su2,150,fixed_budget,772742.1685321116,4,30,1024,,,0.85
0.85,54.28909500000009,0.010035317603290173,780496.8816187865,0.85,alns_grid,0.85,R150_K15_tw0.85_cap0.85,,15,hybrid_alns,150,fixed_budget,772742.1685321116,4,30,1024,,,0.85
0.85,,,,0.85,alns_grid,0.85,R150_K15_tw0.85_cap0.85,97,15,regret_k,150,time_to_target,,4,30,1024,0.01,46.2362720999954,0.85
0.85,,,,0.85,alns_grid,0.85,R150_K15_tw0.85_cap0.85,inf,15,standard_alns,150,time_to_target,,4,30,1024,0.01,inf,0.85
0.85,,,,0.85,alns_grid,0.85,R150_K15_tw0.85_cap0.85,inf,15,qaoa,150,time_to_target,,4,30,1024,0.01,inf,0.85
0.85,,,,0.85,alns_grid,0.85,R150_K15_tw0.85_cap0.85,inf,15,efficient_su2,150,time_to_target,,4,30,1024,0.01,inf,0.85
0.85,,,,0.85,alns_grid,0.85,R150_K15_tw0.85_cap0.85,inf,15,hybrid_alns,150,time_to_target,,4,30,1024,0.01,inf,0.85
0.85,45.321698200001265,0.0,781164.9491794836,0.85,alns_grid,0.85,R150_K15_tw0.85_cap0.85,,15,regret_k,150,fixed_budget,781164.9491794836,4,40,1024,,,0.85
0.85,46.948871400003554,0.0441558412465086,815657.9446627898,0.85,alns_grid,0.85,R150_K15_tw0.85_cap0.85,,15,standard_alns,150,fixed_budget,781164.9491794836,4,40,1024,,,0.85
0.85,65.10638820000167,0.05281306876505516,822420.6673573505,0.85,alns_grid,0.85,R150_K15_tw0.85_cap0.85,,15,qaoa,150,fixed_budget,781164.9491794836,4,40,1024,,,0.85
0.85,64.710980200005,0.04192414388819677,813914.6209093002,0.85,alns_grid,0.85,R150_K15_tw0.85_cap0.85,,15,efficient_su2,150,fixed_budget,781164.9491794836,4,40,1024,,,0.85
0.85,50.51228490000358,0.02512408815610381,800791.0062271273,0.85,alns_grid,0.85,R150_K15_tw0.85_cap0.85,,15,hybrid_alns,150,fixed_budget,781164.9491794836,4,40,1024,,,0.85
0.85,,,,0.85,alns_grid,0.85,R150_K15_tw0.85_cap0.85,86,15,regret_k,150,time_to_target,,4,40,1024,0.01,39.460043200000655,0.85
0.85,,,,0.85,alns_grid,0.85,R150_K15_tw0.85_cap0.85,inf,15,standard_alns,150,time_to_target,,4,40,1024,0.01,inf,0.85
0.85,,,,0.85,alns_grid,0.85,R150_K15_tw0.85_cap0.85,inf,15,qaoa,150,time_to_target,,4,40,1024,0.01,inf,0.85
0.85,,,,0.85,alns_grid,0.85,R150_K15_tw0.85_cap0.85,inf,15,efficient_su2,150,time_to_target,,4,40,1024,0.01,inf,0.85
0.85,,,,0.85,alns_grid,0.85,R150_K15_tw0.85_cap0.85,inf,15,hybrid_alns,150,time_to_target,,4,40,1024,0.01,inf,0.85
0.85,46.531054799997946,0.05103176630727469,880346.8411016765,0.85,alns_grid,0.85,R150_K15_tw0.85_cap0.85,,15,regret_k,150,fixed_budget,837602.5057688907,4,50,1024,,,0.85
0.85,45.78243369999109,0.01523257537078577,850361.3490687744,0.85,alns_grid,0.85,R150_K15_tw0.85_cap0.85,,15,standard_alns,150,fixed_budget,837602.5057688907,4,50,1024,,,0.85
0.85,65.49448120000307,0.07039855092661076,896568.5084275188,0.85,alns_grid,0.85,R150_K15_tw0.85_cap0.85,,15,qaoa,150,fixed_budget,837602.5057688907,4,50,1024,,,0.85
0.85,64.77761440000904,0.0,837602.5057688907,0.85,alns_grid,0.85,R150_K15_tw0.85_cap0.85,,15,efficient_su2,150,fixed_budget,837602.5057688907,4,50,1024,,,0.85
0.85,54.96458519999578,0.08252866138566246,906728.7193432739,0.85,alns_grid,0.85,R150_K15_tw0.85_cap0.85,,15,hybrid_alns,150,fixed_budget,837602.5057688907,4,50,1024,,,0.85
0.85,,,,0.85,alns_grid,0.85,R150_K15_tw0.85_cap0.85,inf,15,regret_k,150,time_to_target,,4,50,1024,0.01,inf,0.85
0.85,,,,0.85,alns_grid,0.85,R150_K15_tw0.85_cap0.85,inf,15,standard_alns,150,time_to_target,,4,50,1024,0.01,inf,0.85
0.85,,,,0.85,alns_grid,0.85,R150_K15_tw0.85_cap0.85,inf,15,qaoa,150,time_to_target,,4,50,1024,0.01,inf,0.85
0.85,,,,0.85,alns_grid,0.85,R150_K15_tw0.85_cap0.85,88,15,efficient_su2,150,time_to_target,,4,50,1024,0.01,57.76369030000933,0.85
0.85,,,,0.85,alns_grid,0.85,R150_K15_tw0.85_cap0.85,inf,15,hybrid_alns,150,time_to_target,,4,50,1024,0.01,inf,0.85
0.85,62.91590530000394,0.026969709030731728,1016960.8660255627,0.85,alns_grid,0.85,R200_K20_tw0.85_cap0.85,,20,regret_k,200,fixed_budget,990254.0036798014,4,10,1024,,,0.85
0.85,63.75165299999935,0.03173133001089503,1021676.0802651752,0.85,alns_grid,0.85,R200_K20_tw0.85_cap0.85,,20,standard_alns,200,fixed_budget,990254.0036798014,4,10,1024,,,0.85
0.85,83.8165905999922,0.06977762526295835,1059351.5764637147,0.85,alns_grid,0.85,R200_K20_tw0.85_cap0.85,,20,qaoa,200,fixed_budget,990254.0036798014,4,10,1024,,,0.85
0.85,82.99625930000911,0.0,990254.0036798014,0.85,alns_grid,0.85,R200_K20_tw0.85_cap0.85,,20,efficient_su2,200,fixed_budget,990254.0036798014,4,10,1024,,,0.85
0.85,69.80494970000291,0.02974020561528293,1019704.3613605958,0.85,alns_grid,0.85,R200_K20_tw0.85_cap0.85,,20,hybrid_alns,200,fixed_budget,990254.0036798014,4,10,1024,,,0.85
0.85,,,,0.85,alns_grid,0.85,R200_K20_tw0.85_cap0.85,inf,20,regret_k,200,time_to_target,,4,10,1024,0.01,inf,0.85
0.85,,,,0.85,alns_grid,0.85,R200_K20_tw0.85_cap0.85,inf,20,standard_alns,200,time_to_target,,4,10,1024,0.01,inf,0.85
0.85,,,,0.85,alns_grid,0.85,R200_K20_tw0.85_cap0.85,inf,20,qaoa,200,time_to_target,,4,10,1024,0.01,inf,0.85
0.85,,,,0.85,alns_grid,0.85,R200_K20_tw0.85_cap0.85,95,20,efficient_su2,200,time_to_target,,4,10,1024,0.01,79.59659739999915,0.85
0.85,,,,0.85,alns_grid,0.85,R200_K20_tw0.85_cap0.85,inf,20,hybrid_alns,200,time_to_target,,4,10,1024,0.01,inf,0.85
0.85,62.90519989999302,0.02409033773041355,979940.0842808916,0.85,alns_grid,0.85,R200_K20_tw0.85_cap0.85,,20,regret_k,200,fixed_budget,956888.3214469461,4,20,1024,,,0.85
0.85,62.10030859999824,0.042058206544040286,997133.3281099418,0.85,alns_grid,0.85,R200_K20_tw0.85_cap0.85,,20,standard_alns,200,fixed_budget,956888.3214469461,4,20,1024,,,0.85
0.85,82.59075990000565,0.07574927270370958,1029371.9158552258,0.85,alns_grid,0.85,R200_K20_tw0.85_cap0.85,,20,qaoa,200,fixed_budget,956888.3214469461,4,20,1024,,,0.85
0.85,84.14739399999962,0.00013711862035431394,957019.5286534161,0.85,alns_grid,0.85,R200_K20_tw0.85_cap0.85,,20,efficient_su2,200,fixed_budget,956888.3214469461,4,20,1024,,,0.85
0.85,70.25380950000545,0.0,956888.3214469461,0.85,alns_grid,0.85,R200_K20_tw0.85_cap0.85,,20,hybrid_alns,200,fixed_budget,956888.3214469461,4,20,1024,,,0.85
0.85,,,,0.85,alns_grid,0.85,R200_K20_tw0.85_cap0.85,inf,20,regret_k,200,time_to_target,,4,20,1024,0.01,inf,0.85
0.85,,,,0.85,alns_grid,0.85,R200_K20_tw0.85_cap0.85,inf,20,standard_alns,200,time_to_target,,4,20,1024,0.01,inf,0.85
0.85,,,,0.85,alns_grid,0.85,R200_K20_tw0.85_cap0.85,inf,20,qaoa,200,time_to_target,,4,20,1024,0.01,inf,0.85
0.85,,,,0.85,alns_grid,0.85,R200_K20_tw0.85_cap0.85,79,20,efficient_su2,200,time_to_target,,4,20,1024,0.01,68.06712700000207,0.85
0.85,,,,0.85,alns_grid,0.85,R200_K20_tw0.85_cap0.85,82,20,hybrid_alns,200,time_to_target,,4,20,1024,0.01,57.458235400001286,0.85
0.85,63.059580799992546,0.009765376332828325,988784.2854909385,0.85,alns_grid,0.85,R200_K20_tw0.85_cap0.85,,20,regret_k,200,fixed_budget,979221.8159449208,4,30,1024,,,0.85
0.85,62.91329840000253,0.03516452179097464,1013655.6828299137,0.85,alns_grid,0.85,R200_K20_tw0.85_cap0.85,,20,standard_alns,200,fixed_budget,979221.8159449208,4,30,1024,,,0.85
0.85,87.69279370000004,0.02560697284655076,1004296.7223965725,0.85,alns_grid,0.85,R200_K20_tw0.85_cap0.85,,20,qaoa,200,fixed_budget,979221.8159449208,4,30,1024,,,0.85
0.85,86.22866970000905,0.025943132896714176,1004625.8976513416,0.85,alns_grid,0.85,R200_K20_tw0.85_cap0.85,,20,efficient_su2,200,fixed_budget,979221.8159449208,4,30,1024,,,0.85
0.85,73.51684870000463,0.0,979221.8159449208,0.85,alns_grid,0.85,R200_K20_tw0.85_cap0.85,,20,hybrid_alns,200,fixed_budget,979221.8159449208,4,30,1024,,,0.85
0.85,,,,0.85,alns_grid,0.85,R200_K20_tw0.85_cap0.85,99,20,regret_k,200,time_to_target,,4,30,1024,0.01,63.059580799992546,0.85
0.85,,,,0.85,alns_grid,0.85,R200_K20_tw0.85_cap0.85,inf,20,standard_alns,200,time_to_target,,4,30,1024,0.01,inf,0.85
0.85,,,,0.85,alns_grid,0.85,R200_K20_tw0.85_cap0.85,inf,20,qaoa,200,time_to_target,,4,30,1024,0.01,inf,0.85
0.85,,,,0.85,alns_grid,0.85,R200_K20_tw0.85_cap0.85,inf,20,efficient_su2,200,time_to_target,,4,30,1024,0.01,inf,0.85
0.85,,,,0.85,alns_grid,0.85,R200_K20_tw0.85_cap0.85,79,20,hybrid_alns,200,time_to_target,,4,30,1024,0.01,58.318660000004456,0.85
0.85,63.67730019999726,0.0,1049812.4980539076,0.85,alns_grid,0.85,R200_K20_tw0.85_cap0.85,,20,regret_k,200,fixed_budget,1049812.4980539076,4,40,1024,,,0.85
0.85,64.36322480000672,0.007394092679827441,1057574.9089609594,0.85,alns_grid,0.85,R200_K20_tw0.85_cap0.85,,20,standard_alns,200,fixed_budget,1049812.4980539076,4,40,1024,,,0.85
0.85,87.35353820001183,0.03846325109826307,1090191.69977265,0.85,alns_grid,0.85,R200_K20_tw0.85_cap0.85,,20,qaoa,200,fixed_budget,1049812.4980539076,4,40,1024,,,0.85
0.85,85.20183439999528,0.009071397697315929,1059335.7647313674,0.85,alns_grid,0.85,R200_K20_tw0.85_cap0.85,,20,efficient_su2,200,fixed_budget,1049812.4980539076,4,40,1024,,,0.85
0.85,69.27244519999658,0.006376061039046603,1056506.1666210534,0.85,alns_grid,0.85,R200_K20_tw0.85_cap0.85,,20,hybrid_alns,200,fixed_budget,1049812.4980539076,4,40,1024,,,0.85
0.85,,,,0.85,alns_grid,0.85,R200_K20_tw0.85_cap0.85,80,20,regret_k,200,time_to_target,,4,40,1024,0.01,51.53961150000396,0.85
0.85,,,,0.85,alns_grid,0.85,R200_K20_tw0.85_cap0.85,93,20,standard_alns,200,time_to_target,,4,40,1024,0.01,60.19522819999838,0.85
0.85,,,,0.85,alns_grid,0.85,R200_K20_tw0.85_cap0.85,inf,20,qaoa,200,time_to_target,,4,40,1024,0.01,inf,0.85
0.85,,,,0.85,alns_grid,0.85,R200_K20_tw0.85_cap0.85,97,20,efficient_su2,200,time_to_target,,4,40,1024,0.01,83.33750969999528,0.85
0.85,,,,0.85,alns_grid,0.85,R200_K20_tw0.85_cap0.85,92,20,hybrid_alns,200,time_to_target,,4,40,1024,0.01,64.67142620000232,0.85
0.85,64.40522649999184,0.037884011923809434,1027194.6359513886,0.85,alns_grid,0.85,R200_K20_tw0.85_cap0.85,,20,regret_k,200,fixed_budget,989700.7990781098,4,50,1024,,,0.85
0.85,64.64712570000847,0.0,989700.7990781098,0.85,alns_grid,0.85,R200_K20_tw0.85_cap0.85,,20,standard_alns,200,fixed_budget,989700.7990781098,4,50,1024,,,0.85
0.85,89.09170569998969,0.042315314467858405,1031580.2996201908,0.85,alns_grid,0.85,R200_K20_tw0.85_cap0.85,,20,qaoa,200,fixed_budget,989700.7990781098,4,50,1024,,,0.85
0.85,87.04330350000237,0.02013625395106322,1009629.6657039168,0.85,alns_grid,0.85,R200_K20_tw0.85_cap0.85,,20,efficient_su2,200,fixed_budget,989700.7990781098,4,50,1024,,,0.85
0.85,72.41256609999982,0.003955369193942528,993615.4311300036,0.85,alns_grid,0.85,R200_K20_tw0.85_cap0.85,,20,hybrid_alns,200,fixed_budget,989700.7990781098,4,50,1024,,,0.85
0.85,,,,0.85,alns_grid,0.85,R200_K20_tw0.85_cap0.85,inf,20,regret_k,200,time_to_target,,4,50,1024,0.01,inf,0.85
0.85,,,,0.85,alns_grid,0.85,R200_K20_tw0.85_cap0.85,82,20,standard_alns,200,time_to_target,,4,50,1024,0.01,54.058114500003285,0.85
0.85,,,,0.85,alns_grid,0.85,R200_K20_tw0.85_cap0.85,inf,20,qaoa,200,time_to_target,,4,50,1024,0.01,inf,0.85
0.85,,,,0.85,alns_grid,0.85,R200_K20_tw0.85_cap0.85,inf,20,efficient_su2,200,time_to_target,,4,50,1024,0.01,inf,0.85
0.85,,,,0.85,alns_grid,0.85,R200_K20_tw0.85_cap0.85,93,20,hybrid_alns,200,time_to_target,,4,50,1024,0.01,68.8063273000007,0.85
0.85,35.95072439999785,0.05516004989576549,634615.1149217921,0.85,alns_grid,0.85,R100_K10_tw0.85_cap0.85,,10,regret_k,100,fixed_budget,601439.672573353,5,10,16,,,0.85
0.85,37.229700500000035,0.025216417826200863,616605.8266542162,0.85,alns_grid,0.85,R100_K10_tw0.85_cap0.85,,10,standard_alns,100,fixed_budget,601439.672573353,5,10,16,,,0.85
0.85,50.34437399999297,0.002753852466485408,603095.9486991114,0.85,alns_grid,0.85,R100_K10_tw0.85_cap0.85,,10,qaoa,100,fixed_budget,601439.672573353,5,10,16,,,0.85
0.85,50.69473000000289,0.0,601439.672573353,0.85,alns_grid,0.85,R100_K10_tw0.85_cap0.85,,10,efficient_su2,100,fixed_budget,601439.672573353,5,10,16,,,0.85
0.85,41.162701200009906,0.0002904406101830379,601614.3550788435,0.85,alns_grid,0.85,R100_K10_tw0.85_cap0.85,,10,hybrid_alns,100,fixed_budget,601439.672573353,5,10,16,,,0.85
0.85,,,,0.85,alns_grid,0.85,R100_K10_tw0.85_cap0.85,inf,10,regret_k,100,time_to_target,,5,10,16,0.01,inf,0.85
0.85,,,,0.85,alns_grid,0.85,R100_K10_tw0.85_cap0.85,inf,10,standard_alns,100,time_to_target,,5,10,16,0.01,inf,0.85
0.85,,,,0.85,alns_grid,0.85,R100_K10_tw0.85_cap0.85,95,10,qaoa,100,time_to_target,,5,10,16,0.01,48.256972399991355,0.85
0.85,,,,0.85,alns_grid,0.85,R100_K10_tw0.85_cap0.85,77,10,efficient_su2,100,time_to_target,,5,10,16,0.01,39.15534170001047,0.85
0.85,,,,0.85,alns_grid,0.85,R100_K10_tw0.85_cap0.85,89,10,hybrid_alns,100,time_to_target,,5,10,16,0.01,36.73471140000038,0.85
0.85,35.88083409999672,0.009171438561529488,580448.8009626251,0.85,alns_grid,0.85,R100_K10_tw0.85_cap0.85,,10,regret_k,100,fixed_budget,575173.6313405732,5,20,16,,,0.85
0.85,36.9833476000058,0.03499286313175425,595300.603499068,0.85,alns_grid,0.85,R100_K10_tw0.85_cap0.85,,10,standard_alns,100,fixed_budget,575173.6313405732,5,20,16,,,0.85
0.85,54.149719399996684,0.0,575173.6313405732,0.85,alns_grid,0.85,R100_K10_tw0.85_cap0.85,,10,qaoa,100,fixed_budget,575173.6313405732,5,20,16,,,0.85
0.85,51.186957700003404,0.005941045504717385,578590.7640574811,0.85,alns_grid,0.85,R100_K10_tw0.85_cap0.85,,10,efficient_su2,100,fixed_budget,575173.6313405732,5,20,16,,,0.85
0.85,46.7831206000119,0.024101429821946286,589036.138251762,0.85,alns_grid,0.85,R100_K10_tw0.85_cap0.85,,10,hybrid_alns,100,fixed_budget,575173.6313405732,5,20,16,,,0.85
0.85,,,,0.85,alns_grid,0.85,R100_K10_tw0.85_cap0.85,96,10,regret_k,100,time_to_target,,5,20,16,0.01,34.859637700006715,0.85
0.85,,,,0.85,alns_grid,0.85,R100_K10_tw0.85_cap0.85,inf,10,standard_alns,100,time_to_target,,5,20,16,0.01,inf,0.85
0.85,,,,0.85,alns_grid,0.85,R100_K10_tw0.85_cap0.85,54,10,qaoa,100,time_to_target,,5,20,16,0.01,27.951814000000013,0.85
0.85,,,,0.85,alns_grid,0.85,R100_K10_tw0.85_cap0.85,70,10,efficient_su2,100,time_to_target,,5,20,16,0.01,36.21667470000102,0.85
0.85,,,,0.85,alns_grid,0.85,R100_K10_tw0.85_cap0.85,inf,10,hybrid_alns,100,time_to_target,,5,20,16,0.01,inf,0.85
0.85,67.85012480001024,0.0,605354.0240866356,0.85,alns_grid,0.85,R100_K10_tw0.85_cap0.85,,10,regret_k,100,fixed_budget,605354.0240866356,5,30,16,,,0.85
0.85,73.53010950000316,0.040834247492860624,630073.2001269883,0.85,alns_grid,0.85,R100_K10_tw0.85_cap0.85,,10,standard_alns,100,fixed_budget,605354.0240866356,5,30,16,,,0.85
0.85,87.01129330000549,0.009680789947382373,611214.3292376209,0.85,alns_grid,0.85,R100_K10_tw0.85_cap0.85,,10,qaoa,100,fixed_budget,605354.0240866356,5,30,16,,,0.85
0.85,84.6602930000081,0.05095753357884823,636201.3720961212,0.85,alns_grid,0.85,R100_K10_tw0.85_cap0.85,,10,efficient_su2,100,fixed_budget,605354.0240866356,5,30,16,,,0.85
0.85,70.70227940000768,0.07409679712009025,650208.8183952132,0.85,alns_grid,0.85,R100_K10_tw0.85_cap0.85,,10,hybrid_alns,100,fixed_budget,605354.0240866356,5,30,16,,,0.85
0.85,,,,0.85,alns_grid,0.85,R100_K10_tw0.85_cap0.85,86,10,regret_k,100,time_to_target,,5,30,16,0.01,59.354012600000715,0.85
0.85,,,,0.85,alns_grid,0.85,R100_K10_tw0.85_cap0.85,inf,10,standard_alns,100,time_to_target,,5,30,16,0.01,inf,0.85
0.85,,,,0.85,alns_grid,0.85,R100_K10_tw0.85_cap0.85,96,10,qaoa,100,time_to_target,,5,30,16,0.01,84.55839590000687,0.85
0.85,,,,0.85,alns_grid,0.85,R100_K10_tw0.85_cap0.85,inf,10,efficient_su2,100,time_to_target,,5,30,16,0.01,inf,0.85
0.85,,,,0.85,alns_grid,0.85,R100_K10_tw0.85_cap0.85,inf,10,hybrid_alns,100,time_to_target,,5,30,16,0.01,inf,0.85
0.85,62.793636399990646,0.01305808088952678,629719.0640695957,0.85,alns_grid,0.85,R100_K10_tw0.85_cap0.85,,10,regret_k,100,fixed_budget,621602.1331340291,5,40,16,,,0.85
0.85,62.10498089999601,0.006433317239920692,625601.0968534917,0.85,alns_grid,0.85,R100_K10_tw0.85_cap0.85,,10,standard_alns,100,fixed_budget,621602.1331340291,5,40,16,,,0.85
0.85,82.94511719999718,0.0029795241948525433,623454.2117292739,0.85,alns_grid,0.85,R100_K10_tw0.85_cap0.85,,10,qaoa,100,fixed_budget,621602.1331340291,5,40,16,,,0.85
0.85,81.1292928000039,0.0,621602.1331340291,0.85,alns_grid,0.85,R100_K10_tw0.85_cap0.85,,10,efficient_su2,100,fixed_budget,621602.1331340291,5,40,16,,,0.85
0.85,69.11724619999586,0.03559125853640126,643725.7353611809,0.85,alns_grid,0.85,R100_K10_tw0.85_cap0.85,,10,hybrid_alns,100,fixed_budget,621602.1331340291,5,40,16,,,0.85
0.85,,,,0.85,alns_grid,0.85,R100_K10_tw0.85_cap0.85,inf,10,regret_k,100,time_to_target,,5,40,16,0.01,inf,0.85
0.85,,,,0.85,alns_grid,0.85,R100_K10_tw0.85_cap0.85,74,10,standard_alns,100,time_to_target,,5,40,16,0.01,47.30207160000282,0.85
0.85,,,,0.85,alns_grid,0.85,R100_K10_tw0.85_cap0.85,85,10,qaoa,100,time_to_target,,5,40,16,0.01,71.0687118999922,0.85
0.85,,,,0.85,alns_grid,0.85,R100_K10_tw0.85_cap0.85,65,10,efficient_su2,100,time_to_target,,5,40,16,0.01,53.635083200002555,0.85
0.85,,,,0.85,alns_grid,0.85,R100_K10_tw0.85_cap0.85,inf,10,hybrid_alns,100,time_to_target,,5,40,16,0.01,inf,0.85
0.85,60.51167749999149,0.0,603912.3955290833,0.85,alns_grid,0.85,R100_K10_tw0.85_cap0.85,,10,regret_k,100,fixed_budget,603912.3955290833,5,50,16,,,0.85
0.85,64.94684429999324,0.0052254053271053365,607068.082577786,0.85,alns_grid,0.85,R100_K10_tw0.85_cap0.85,,10,standard_alns,100,fixed_budget,603912.3955290833,5,50,16,,,0.85
0.85,83.99405850000039,0.003427845599088573,605982.5139763327,0.85,alns_grid,0.85,R100_K10_tw0.85_cap0.85,,10,qaoa,100,fixed_budget,603912.3955290833,5,50,16,,,0.85
0.85,82.9361535999924,0.042188829442267595,629390.7525821311,0.85,alns_grid,0.85,R100_K10_tw0.85_cap0.85,,10,efficient_su2,100,fixed_budget,603912.3955290833,5,50,16,,,0.85
0.85,70.12960130001011,0.04993201275026449,634066.9569626843,0.85,alns_grid,0.85,R100_K10_tw0.85_cap0.85,,10,hybrid_alns,100,fixed_budget,603912.3955290833,5,50,16,,,0.85
0.85,,,,0.85,alns_grid,0.85,R100_K10_tw0.85_cap0.85,72,10,regret_k,100,time_to_target,,5,50,16,0.01,44.70349390000047,0.85
0.85,,,,0.85,alns_grid,0.85,R100_K10_tw0.85_cap0.85,98,10,standard_alns,100,time_to_target,,5,50,16,0.01,64.2907908000052,0.85
0.85,,,,0.85,alns_grid,0.85,R100_K10_tw0.85_cap0.85,84,10,qaoa,100,time_to_target,,5,50,16,0.01,71.47895190000418,0.85
0.85,,,,0.85,alns_grid,0.85,R100_K10_tw0.85_cap0.85,inf,10,efficient_su2,100,time_to_target,,5,50,16,0.01,inf,0.85
0.85,,,,0.85,alns_grid,0.85,R100_K10_tw0.85_cap0.85,inf,10,hybrid_alns,100,time_to_target,,5,50,16,0.01,inf,0.85
0.85,96.92201720000594,0.043176729761159,806056.9246288898,0.85,alns_grid,0.85,R150_K15_tw0.85_cap0.85,,15,regret_k,150,fixed_budget,772694.5028896886,5,10,16,,,0.85
0.85,99.18826919999265,0.047260805867964904,809212.6677860018,0.85,alns_grid,0.85,R150_K15_tw0.85_cap0.85,,15,standard_alns,150,fixed_budget,772694.5028896886,5,10,16,,,0.85
0.85,116.51511210000899,0.023193807099190857,790616.2301363172,0.85,alns_grid,0.85,R150_K15_tw0.85_cap0.85,,15,qaoa,150,fixed_budget,772694.5028896886,5,10,16,,,0.85
0.85,117.16069380000408,0.04391110186492145,806624.3699165425,0.85,alns_grid,0.85,R150_K15_tw0.85_cap0.85,,15,efficient_su2,150,fixed_budget,772694.5028896886,5,10,16,,,0.85
0.85,104.46718579999288,0.0,772694.5028896886,0.85,alns_grid,0.85,R150_K15_tw0.85_cap0.85,,15,hybrid_alns,150,fixed_budget,772694.5028896886,5,10,16,,,0.85
0.85,,,,0.85,alns_grid,0.85,R150_K15_tw0.85_cap0.85,inf,15,regret_k,150,time_to_target,,5,10,16,0.01,inf,0.85
0.85,,,,0.85,alns_grid,0.85,R150_K15_tw0.85_cap0.85,inf,15,standard_alns,150,time_to_target,,5,10,16,0.01,inf,0.85
0.85,,,,0.85,alns_grid,0.85,R150_K15_tw0.85_cap0.85,inf,15,qaoa,150,time_to_target,,5,10,16,0.01,inf,0.85
0.85,,,,0.85,alns_grid,0.85,R150_K15_tw0.85_cap0.85,inf,15,efficient_su2,150,time_to_target,,5,10,16,0.01,inf,0.85
0.85,,,,0.85,alns_grid,0.85,R150_K15_tw0.85_cap0.85,65,15,hybrid_alns,150,time_to_target,,5,10,16,0.01,69.43050750000111,0.85
0.85,99.89433490000374,0.0,763656.3295014484,0.85,alns_grid,0.85,R150_K15_tw0.85_cap0.85,,15,regret_k,150,fixed_budget,763656.3295014484,5,20,16,,,0.85
0.85,103.19557070000155,0.04103713889160244,794994.6003606507,0.85,alns_grid,0.85,R150_K15_tw0.85_cap0.85,,15,standard_alns,150,fixed_budget,763656.3295014484,5,20,16,,,0.85
0.85,118.48510770000576,0.044531467816537953,797663.0667615377,0.85,alns_grid,0.85,R150_K15_tw0.85_cap0.85,,15,qaoa,150,fixed_budget,763656.3295014484,5,20,16,,,0.85
0.85,117.11932199999865,0.04298037952711323,796478.5683717029,0.85,alns_grid,0.85,R150_K15_tw0.85_cap0.85,,15,efficient_su2,150,fixed_budget,763656.3295014484,5,20,16,,,0.85
0.85,112.39786179999646,0.005823778023897601,768103.6944510093,0.85,alns_grid,0.85,R150_K15_tw0.85_cap0.85,,15,hybrid_alns,150,fixed_budget,763656.3295014484,5,20,16,,,0.85
0.85,,,,0.85,alns_grid,0.85,R150_K15_tw0.85_cap0.85,79,15,regret_k,150,time_to_target,,5,20,16,0.01,79.61703520000447,0.85
0.85,,,,0.85,alns_grid,0.85,R150_K15_tw0.85_cap0.85,inf,15,standard_alns,150,time_to_target,,5,20,16,0.01,inf,0.85
0.85,,,,0.85,alns_grid,0.85,R150_K15_tw0.85_cap0.85,inf,15,qaoa,150,time_to_target,,5,20,16,0.01,inf,0.85
0.85,,,,0.85,alns_grid,0.85,R150_K15_tw0.85_cap0.85,inf,15,efficient_su2,150,time_to_target,,5,20,16,0.01,inf,0.85
0.85,,,,0.85,alns_grid,0.85,R150_K15_tw0.85_cap0.85,98,15,hybrid_alns,150,time_to_target,,5,20,16,0.01,111.50477680000768,0.85
0.85,95.97315540000272,0.014903714043839222,801763.737671035,0.85,alns_grid,0.85,R150_K15_tw0.85_cap0.85,,15,regret_k,150,fixed_budget,789989.9533094057,5,30,16,,,0.85
0.85,98.56664730000193,0.027446557882487486,811672.4582894959,0.85,alns_grid,0.85,R150_K15_tw0.85_cap0.85,,15,standard_alns,150,fixed_budget,789989.9533094057,5,30,16,,,0.85
0.85,118.83511369999906,0.0,789989.9533094057,0.85,alns_grid,0.85,R150_K15_tw0.85_cap0.85,,15,qaoa,150,fixed_budget,789989.9533094057,5,30,16,,,0.85
0.85,118.92202830000315,0.016088734256892067,802699.8917338153,0.85,alns_grid,0.85,R150_K15_tw0.85_cap0.85,,15,efficient_su2,150,fixed_budget,789989.9533094057,5,30,16,,,0.85
0.85,108.82609509999747,0.04358898345870998,824424.8123167565,0.85,alns_grid,0.85,R150_K15_tw0.85_cap0.85,,15,hybrid_alns,150,fixed_budget,789989.9533094057,5,30,16,,,0.85
0.85,,,,0.85,alns_grid,0.85,R150_K15_tw0.85_cap0.85,inf,15,regret_k,150,time_to_target,,5,30,16,0.01,inf,0.85
0.85,,,,0.85,alns_grid,0.85,R150_K15_tw0.85_cap0.85,inf,15,standard_alns,150,time_to_target,,5,30,16,0.01,inf,0.85
0.85,,,,0.85,alns_grid,0.85,R150_K15_tw0.85_cap0.85,91,15,qaoa,150,time_to_target,,5,30,16,0.01,109.49090340000112,0.85
0.85,,,,0.85,alns_grid,0.85,R150_K15_tw0.85_cap0.85,inf,15,efficient_su2,150,time_to_target,,5,30,16,0.01,inf,0.85
0.85,,,,0.85,alns_grid,0.85,R150_K15_tw0.85_cap0.85,inf,15,hybrid_alns,150,time_to_target,,5,30,16,0.01,inf,0.85
0.85,97.90066119999392,0.03954992560137457,806794.2682698449,0.85,alns_grid,0.85,R150_K15_tw0.85_cap0.85,,15,regret_k,150,fixed_budget,776099.5873316218,5,40,16,,,0.85
0.85,103.63318269999581,0.03900905409109035,806374.4981139139,0.85,alns_grid,0.85,R150_K15_tw0.85_cap0.85,,15,standard_alns,150,fixed_budget,776099.5873316218,5,40,16,,,0.85
0.85,120.42986089999613,0.0,776099.5873316218,0.85,alns_grid,0.85,R150_K15_tw0.85_cap0.85,,15,qaoa,150,fixed_budget,776099.5873316218,5,40,16,,,0.85
0.85,121.3212465000106,0.007341690070348634,781797.469965536,0.85,alns_grid,0.85,R150_K15_tw0.85_cap0.85,,15,efficient_su2,150,fixed_budget,776099.5873316218,5,40,16,,,0.85
0.85,110.87950019999698,0.011606227431269484,785107.175651507,0.85,alns_grid,0.85,R150_K15_tw0.85_cap0.85,,15,hybrid_alns,150,fixed_budget,776099.5873316218,5,40,16,,,0.85
0.85,,,,0.85,alns_grid,0.85,R150_K15_tw0.85_cap0.85,inf,15,regret_k,150,time_to_target,,5,40,16,0.01,inf,0.85
0.85,,,,0.85,alns_grid,0.85,R150_K15_tw0.85_cap0.85,inf,15,standard_alns,150,time_to_target,,5,40,16,0.01,inf,0.85
0.85,,,,0.85,alns_grid,0.85,R150_K15_tw0.85_cap0.85,73,15,qaoa,150,time_to_target,,5,40,16,0.01,89.8195865000016,0.85
0.85,,,,0.85,alns_grid,0.85,R150_K15_tw0.85_cap0.85,99,15,efficient_su2,150,time_to_target,,5,40,16,0.01,121.3212465000106,0.85
0.85,,,,0.85,alns_grid,0.85,R150_K15_tw0.85_cap0.85,inf,15,hybrid_alns,150,time_to_target,,5,40,16,0.01,inf,0.85
0.85,99.61997960000008,0.0,826075.1580610379,0.85,alns_grid,0.85,R150_K15_tw0.85_cap0.85,,15,regret_k,150,fixed_budget,826075.1580610379,5,50,16,,,0.85
0.85,116.2137539999967,0.014377681576562535,837952.203641948,0.85,alns_grid,0.85,R150_K15_tw0.85_cap0.85,,15,standard_alns,150,fixed_budget,826075.1580610379,5,50,16,,,0.85
0.85,121.3725443000003,0.018262203445077486,841161.1106584731,0.85,alns_grid,0.85,R150_K15_tw0.85_cap0.85,,15,qaoa,150,fixed_budget,826075.1580610379,5,50,16,,,0.85
0.85,120.68051120000018,0.006761203698342633,831660.4204748292,0.85,alns_grid,0.85,R150_K15_tw0.85_cap0.85,,15,efficient_su2,150,fixed_budget,826075.1580610379,5,50,16,,,0.85
0.85,113.49801819999993,0.029959883020847282,850824.2731629745,0.85,alns_grid,0.85,R150_K15_tw0.85_cap0.85,,15,hybrid_alns,150,fixed_budget,826075.1580610379,5,50,16,,,0.85
0.85,,,,0.85,alns_grid,0.85,R150_K15_tw0.85_cap0.85,92,15,regret_k,150,time_to_target,,5,50,16,0.01,92.46513029999915,0.85
0.85,,,,0.85,alns_grid,0.85,R150_K15_tw0.85_cap0.85,inf,15,standard_alns,150,time_to_target,,5,50,16,0.01,inf,0.85
0.85,,,,0.85,alns_grid,0.85,R150_K15_tw0.85_cap0.85,inf,15,qaoa,150,time_to_target,,5,50,16,0.01,inf,0.85
0.85,,,,0.85,alns_grid,0.85,R150_K15_tw0.85_cap0.85,91,15,efficient_su2,150,time_to_target,,5,50,16,0.01,111.32966709999891,0.85
0.85,,,,0.85,alns_grid,0.85,R150_K15_tw0.85_cap0.85,inf,15,hybrid_alns,150,time_to_target,,5,50,16,0.01,inf,0.85
0.85,140.79166629999236,0.02236899257299198,1026257.7646706585,0.85,alns_grid,0.85,R200_K20_tw0.85_cap0.85,,20,regret_k,200,fixed_budget,1003803.6874415368,5,10,16,,,0.85
0.85,139.75977419999253,0.01919629191722953,1023072.996053256,0.85,alns_grid,0.85,R200_K20_tw0.85_cap0.85,,20,standard_alns,200,fixed_budget,1003803.6874415368,5,10,16,,,0.85
0.85,156.98171520000324,0.014765700029901371,1018625.5515792074,0.85,alns_grid,0.85,R200_K20_tw0.85_cap0.85,,20,qaoa,200,fixed_budget,1003803.6874415368,5,10,16,,,0.85
0.85,161.94383540000126,0.0,1003803.6874415368,0.85,alns_grid,0.85,R200_K20_tw0.85_cap0.85,,20,efficient_su2,200,fixed_budget,1003803.6874415368,5,10,16,,,0.85
0.85,143.31905109999934,0.024736534315552824,1028634.3118020128,0.85,alns_grid,0.85,R200_K20_tw0.85_cap0.85,,20,hybrid_alns,200,fixed_budget,1003803.6874415368,5,10,16,,,0.85
0.85,,,,0.85,alns_grid,0.85,R200_K20_tw0.85_cap0.85,inf,20,regret_k,200,time_to_target,,5,10,16,0.01,inf,0.85
0.85,,,,0.85,alns_grid,0.85,R200_K20_tw0.85_cap0.85,inf,20,standard_alns,200,time_to_target,,5,10,16,0.01,inf,0.85
0.85,,,,0.85,alns_grid,0.85,R200_K20_tw0.85_cap0.85,inf,20,qaoa,200,time_to_target,,5,10,16,0.01,inf,0.85
0.85,,,,0.85,alns_grid,0.85,R200_K20_tw0.85_cap0.85,81,20,efficient_su2,200,time_to_target,,5,10,16,0.01,134.73420210000768,0.85
0.85,,,,0.85,alns_grid,0.85,R200_K20_tw0.85_cap0.85,inf,20,hybrid_alns,200,time_to_target,,5,10,16,0.01,inf,0.85
0.85,137.48960859999352,0.0,970460.642517363,0.85,alns_grid,0.85,R200_K20_tw0.85_cap0.85,,20,regret_k,200,fixed_budget,970460.642517363,5,20,16,,,0.85
0.85,140.69074089999776,0.01205869947923005,982163.1357619003,0.85,alns_grid,0.85,R200_K20_tw0.85_cap0.85,,20,standard_alns,200,fixed_budget,970460.642517363,5,20,16,,,0.85
0.85,158.32645009999396,0.01992927527288654,989801.2198035938,0.85,alns_grid,0.85,R200_K20_tw0.85_cap0.85,,20,qaoa,200,fixed_budget,970460.642517363,5,20,16,,,0.85
0.85,158.29806980000285,0.004477241011549379,974805.6287061363,0.85,alns_grid,0.85,R200_K20_tw0.85_cap0.85,,20,efficient_su2,200,fixed_budget,970460.642517363,5,20,16,,,0.85
0.85,140.9059600000037,0.014020809667607045,984067.2864760025,0.85,alns_grid,0.85,R200_K20_tw0.85_cap0.85,,20,hybrid_alns,200,fixed_budget,970460.642517363,5,20,16,,,0.85
0.85,,,,0.85,alns_grid,0.85,R200_K20_tw0.85_cap0.85,57,20,regret_k,200,time_to_target,,5,20,16,0.01,80.56088900000032,0.85
0.85,,,,0.85,alns_grid,0.85,R200_K20_tw0.85_cap0.85,inf,20,standard_alns,200,time_to_target,,5,20,16,0.01,inf,0.85
0.85,,,,0.85,alns_grid,0.85,R200_K20_tw0.85_cap0.85,inf,20,qaoa,200,time_to_target,,5,20,16,0.01,inf,0.85
0.85,,,,0.85,alns_grid,0.85,R200_K20_tw0.85_cap0.85,81,20,efficient_su2,200,time_to_target,,5,20,16,0.01,129.6747822000034,0.85
0.85,,,,0.85,alns_grid,0.85,R200_K20_tw0.85_cap0.85,inf,20,hybrid_alns,200,time_to_target,,5,20,16,0.01,inf,0.85
0.85,145.71575270000903,0.0068761805960246645,998639.080896105,0.85,alns_grid,0.85,R200_K20_tw0.85_cap0.85,,20,regret_k,200,fixed_budget,991819.1532795585,5,30,16,,,0.85
0.85,140.49849929999618,0.02773102939230844,1019323.3193710084,0.85,alns_grid,0.85,R200_K20_tw0.85_cap0.85,,20,standard_alns,200,fixed_budget,991819.1532795585,5,30,16,,,0.85
0.85,155.78669110000192,0.010400469000577065,1002134.5376374212,0.85,alns_grid,0.85,R200_K20_tw0.85_cap0.85,,20,qaoa,200,fixed_budget,991819.1532795585,5,30,16,,,0.85
0.85,160.43797289999202,0.0,991819.1532795585,0.85,alns_grid,0.85,R200_K20_tw0.85_cap0.85,,20,efficient_su2,200,fixed_budget,991819.1532795585,5,30,16,,,0.85
0.85,144.3249083999981,0.01730186855968098,1008979.4779045755,0.85,alns_grid,0.85,R200_K20_tw0.85_cap0.85,,20,hybrid_alns,200,fixed_budget,991819.1532795585,5,30,16,,,0.85
0.85,,,,0.85,alns_grid,0.85,R200_K20_tw0.85_cap0.85,90,20,regret_k,200,time_to_target,,5,30,16,0.01,132.6525324000104,0.85
0.85,,,,0.85,alns_grid,0.85,R200_K20_tw0.85_cap0.85,inf,20,standard_alns,200,time_to_target,,5,30,16,0.01,inf,0.85
0.85,,,,0.85,alns_grid,0.85,R200_K20_tw0.85_cap0.85,inf,20,qaoa,200,time_to_target,,5,30,16,0.01,inf,0.85
0.85,,,,0.85,alns_grid,0.85,R200_K20_tw0.85_cap0.85,82,20,efficient_su2,200,time_to_target,,5,30,16,0.01,133.72788479999872,0.85
0.85,,,,0.85,alns_grid,0.85,R200_K20_tw0.85_cap0.85,inf,20,hybrid_alns,200,time_to_target,,5,30,16,0.01,inf,0.85
0.85,143.91239420000056,0.027539181816513665,1015246.5525895779,0.85,alns_grid,0.85,R200_K20_tw0.85_cap0.85,,20,regret_k,200,fixed_budget,988036.8267755936,5,40,16,,,0.85
0.85,138.40144810000493,0.03576924308285186,1023378.1562073394,0.85,alns_grid,0.85,R200_K20_tw0.85_cap0.85,,20,standard_alns,200,fixed_budget,988036.8267755936,5,40,16,,,0.85
0.85,160.70884269999806,0.018961138877511188,1006771.1302641811,0.85,alns_grid,0.85,R200_K20_tw0.85_cap0.85,,20,qaoa,200,fixed_budget,988036.8267755936,5,40,16,,,0.85
0.85,161.86535450001247,0.03360089615485866,1021235.7495892564,0.85,alns_grid,0.85,R200_K20_tw0.85_cap0.85,,20,efficient_su2,200,fixed_budget,988036.8267755936,5,40,16,,,0.85
0.85,140.51539430000412,0.0,988036.8267755936,0.85,alns_grid,0.85,R200_K20_tw0.85_cap0.85,,20,hybrid_alns,200,fixed_budget,988036.8267755936,5,40,16,,,0.85
0.85,,,,0.85,alns_grid,0.85,R200_K20_tw0.85_cap0.85,inf,20,regret_k,200,time_to_target,,5,40,16,0.01,inf,0.85
0.85,,,,0.85,alns_grid,0.85,R200_K20_tw0.85_cap0.85,inf,20,standard_alns,200,time_to_target,,5,40,16,0.01,inf,0.85
0.85,,,,0.85,alns_grid,0.85,R200_K20_tw0.85_cap0.85,inf,20,qaoa,200,time_to_target,,5,40,16,0.01,inf,0.85
0.85,,,,0.85,alns_grid,0.85,R200_K20_tw0.85_cap0.85,inf,20,efficient_su2,200,time_to_target,,5,40,16,0.01,inf,0.85
0.85,,,,0.85,alns_grid,0.85,R200_K20_tw0.85_cap0.85,85,20,hybrid_alns,200,time_to_target,,5,40,16,0.01,121.41070199999376,0.85
0.85,142.90519069999573,0.03300834266283589,1001225.1193749004,0.85,alns_grid,0.85,R200_K20_tw0.85_cap0.85,,20,regret_k,200,fixed_budget,969232.3653398516,5,50,16,,,0.85
0.85,145.4234642000083,0.032089697278241736,1000334.7385358816,0.85,alns_grid,0.85,R200_K20_tw0.85_cap0.85,,20,standard_alns,200,fixed_budget,969232.3653398516,5,50,16,,,0.85
0.85,160.35881050000899,0.048516802370267224,1016256.4204599118,0.85,alns_grid,0.85,R200_K20_tw0.85_cap0.85,,20,qaoa,200,fixed_budget,969232.3653398516,5,50,16,,,0.85
0.85,158.50236840000434,0.040061908665434014,1008061.6638356793,0.85,alns_grid,0.85,R200_K20_tw0.85_cap0.85,,20,efficient_su2,200,fixed_budget,969232.3653398516,5,50,16,,,0.85
0.85,150.14498109999113,0.0,969232.3653398516,0.85,alns_grid,0.85,R200_K20_tw0.85_cap0.85,,20,hybrid_alns,200,fixed_budget,969232.3653398516,5,50,16,,,0.85
0.85,,,,0.85,alns_grid,0.85,R200_K20_tw0.85_cap0.85,inf,20,regret_k,200,time_to_target,,5,50,16,0.01,inf,0.85
0.85,,,,0.85,alns_grid,0.85,R200_K20_tw0.85_cap0.85,inf,20,standard_alns,200,time_to_target,,5,50,16,0.01,inf,0.85
0.85,,,,0.85,alns_grid,0.85,R200_K20_tw0.85_cap0.85,inf,20,qaoa,200,time_to_target,,5,50,16,0.01,inf,0.85
0.85,,,,0.85,alns_grid,0.85,R200_K20_tw0.85_cap0.85,inf,20,efficient_su2,200,time_to_target,,5,50,16,0.01,inf,0.85
0.85,,,,0.85,alns_grid,0.85,R200_K20_tw0.85_cap0.85,90,20,hybrid_alns,200,time_to_target,,5,50,16,0.01,135.85012629999255,0.85
0.85,66.5073318000068,0.06712009958248503,634615.1149217921,0.85,alns_grid,0.85,R100_K10_tw0.85_cap0.85,,10,regret_k,100,fixed_budget,594698.8677001658,5,10,128,,,0.85
0.85,66.02984760000254,0.03683706182049657,616605.8266542162,0.85,alns_grid,0.85,R100_K10_tw0.85_cap0.85,,10,standard_alns,100,fixed_budget,594698.8677001658,5,10,128,,,0.85
0.85,91.95055329999013,0.06410149893799288,632819.9565364736,0.85,alns_grid,0.85,R100_K10_tw0.85_cap0.85,,10,qaoa,100,fixed_budget,594698.8677001658,5,10,128,,,0.85
0.85,86.20653210001183,0.06812305463727152,635211.5711572277,0.85,alns_grid,0.85,R100_K10_tw0.85_cap0.85,,10,efficient_su2,100,fixed_budget,594698.8677001658,5,10,128,,,0.85
0.85,74.84631069999887,0.0,594698.8677001658,0.85,alns_grid,0.85,R100_K10_tw0.85_cap0.85,,10,hybrid_alns,100,fixed_budget,594698.8677001658,5,10,128,,,0.85
0.85,,,,0.85,alns_grid,0.85,R100_K10_tw0.85_cap0.85,inf,10,regret_k,100,time_to_target,,5,10,128,0.01,inf,0.85
0.85,,,,0.85,alns_grid,0.85,R100_K10_tw0.85_cap0.85,inf,10,standard_alns,100,time_to_target,,5,10,128,0.01,inf,0.85
0.85,,,,0.85,alns_grid,0.85,R100_K10_tw0.85_cap0.85,inf,10,qaoa,100,time_to_target,,5,10,128,0.01,inf,0.85
0.85,,,,0.85,alns_grid,0.85,R100_K10_tw0.85_cap0.85,inf,10,efficient_su2,100,time_to_target,,5,10,128,0.01,inf,0.85
0.85,,,,0.85,alns_grid,0.85,R100_K10_tw0.85_cap0.85,67,10,hybrid_alns,100,time_to_target,,5,10,128,0.01,51.23552960000234,0.85
0.85,58.61340729999938,0.0,580448.8009626251,0.85,alns_grid,0.85,R100_K10_tw0.85_cap0.85,,10,regret_k,100,fixed_budget,580448.8009626251,5,20,128,,,0.85
0.85,67.10762460000115,0.02558675719858913,595300.603499068,0.85,alns_grid,0.85,R100_K10_tw0.85_cap0.85,,10,standard_alns,100,fixed_budget,580448.8009626251,5,20,128,,,0.85
0.85,89.02396500000032,0.01941505100933344,591718.2440416209,0.85,alns_grid,0.85,R100_K10_tw0.85_cap0.85,,10,qaoa,100,fixed_budget,580448.8009626251,5,20,128,,,0.85
0.85,88.0198006999999,0.03187681083238448,598951.6575887951,0.85,alns_grid,0.85,R100_K10_tw0.85_cap0.85,,10,efficient_su2,100,fixed_budget,580448.8009626251,5,20,128,,,0.85
0.85,73.60787799999525,0.002531443232325368,581918.1741515333,0.85,alns_grid,0.85,R100_K10_tw0.85_cap0.85,,10,hybrid_alns,100,fixed_budget,580448.8009626251,5,20,128,,,0.85
0.85,,,,0.85,alns_grid,0.85,R100_K10_tw0.85_cap0.85,70,10,regret_k,100,time_to_target,,5,20,128,0.01,40.45246650000627,0.85
0.85,,,,0.85,alns_grid,0.85,R100_K10_tw0.85_cap0.85,inf,10,standard_alns,100,time_to_target,,5,20,128,0.01,inf,0.85
0.85,,,,0.85,alns_grid,0.85,R100_K10_tw0.85_cap0.85,inf,10,qaoa,100,time_to_target,,5,20,128,0.01,inf,0.85
0.85,,,,0.85,alns_grid,0.85,R100_K10_tw0.85_cap0.85,inf,10,efficient_su2,100,time_to_target,,5,20,128,0.01,inf,0.85
0.85,,,,0.85,alns_grid,0.85,R100_K10_tw0.85_cap0.85,66,10,hybrid_alns,100,time_to_target,,5,20,128,0.01,48.74162060000526,0.85
0.85,62.85887349999393,0.0,605354.0240866356,0.85,alns_grid,0.85,R100_K10_tw0.85_cap0.85,,10,regret_k,100,fixed_budget,605354.0240866356,5,30,128,,,0.85
0.85,65.96759339999699,0.040834247492860624,630073.2001269883,0.85,alns_grid,0.85,R100_K10_tw0.85_cap0.85,,10,standard_alns,100,fixed_budget,605354.0240866356,5,30,128,,,0.85
0.85,88.30707219999749,0.04082527818631518,630067.7705211778,0.85,alns_grid,0.85,R100_K10_tw0.85_cap0.85,,10,qaoa,100,fixed_budget,605354.0240866356,5,30,128,,,0.85
0.85,88.27301390000503,0.04925202879693177,635168.9379132891,0.85,alns_grid,0.85,R100_K10_tw0.85_cap0.85,,10,efficient_su2,100,fixed_budget,605354.0240866356,5,30,128,,,0.85
0.85,72.8296427000023,0.06620937476856525,645434.1355350467,0.85,alns_grid,0.85,R100_K10_tw0.85_cap0.85,,10,hybrid_alns,100,fixed_budget,605354.0240866356,5,30,128,,,0.85
0.85,,,,0.85,alns_grid,0.85,R100_K10_tw0.85_cap0.85,86,10,regret_k,100,time_to_target,,5,30,128,0.01,54.205877699991106,0.85
0.85,,,,0.85,alns_grid,0.85,R100_K10_tw0.85_cap0.85,inf,10,standard_alns,100,time_to_target,,5,30,128,0.01,inf,0.85
0.85,,,,0.85,alns_grid,0.85,R100_K10_tw0.85_cap0.85,inf,10,qaoa,100,time_to_target,,5,30,128,0.01,inf,0.85
0.85,,,,0.85,alns_grid,0.85,R100_K10_tw0.85_cap0.85,inf,10,efficient_su2,100,time_to_target,,5,30,128,0.01,inf,0.85
0.85,,,,0.85,alns_grid,0.85,R100_K10_tw0.85_cap0.85,inf,10,hybrid_alns,100,time_to_target,,5,30,128,0.01,inf,0.85
0.85,60.53377680000267,0.018210956413910993,629719.0640695957,0.85,alns_grid,0.85,R100_K10_tw0.85_cap0.85,,10,regret_k,100,fixed_budget,618456.3818557161,5,40,128,,,0.85
0.85,66.73954390001018,0.011552496194375853,625601.0968534917,0.85,alns_grid,0.85,R100_K10_tw0.85_cap0.85,,10,standard_alns,100,fixed_budget,618456.3818557161,5,40,128,,,0.85
0.85,90.78040350000083,0.023332206122448296,632886.3336349173,0.85,alns_grid,0.85,R100_K10_tw0.85_cap0.85,,10,qaoa,100,fixed_budget,618456.3818557161,5,40,128,,,0.85
0.85,90.18447790000937,0.0399937579316348,643190.7766829283,0.85,alns_grid,0.85,R100_K10_tw0.85_cap0.85,,10,efficient_su2,100,fixed_budget,618456.3818557161,5,40,128,,,0.85
0.85,71.37564090000524,0.0,618456.3818557161,0.85,alns_grid,0.85,R100_K10_tw0.85_cap0.85,,10,hybrid_alns,100,fixed_budget,618456.3818557161,5,40,128,,,0.85
0.85,,,,0.85,alns_grid,0.85,R100_K10_tw0.85_cap0.85,inf,10,regret_k,100,time_to_target,,5,40,128,0.01,inf,0.85
0.85,,,,0.85,alns_grid,0.85,R100_K10_tw0.85_cap0.85,inf,10,standard_alns,100,time_to_target,,5,40,128,0.01,inf,0.85
0.85,,,,0.85,alns_grid,0.85,R100_K10_tw0.85_cap0.85,inf,10,qaoa,100,time_to_target,,5,40,128,0.01,inf,0.85
0.85,,,,0.85,alns_grid,0.85,R100_K10_tw0.85_cap0.85,inf,10,efficient_su2,100,time_to_target,,5,40,128,0.01,inf,0.85
0.85,,,,0.85,alns_grid,0.85,R100_K10_tw0.85_cap0.85,98,10,hybrid_alns,100,time_to_target,,5,40,128,0.01,70.85261129999708,0.85
0.85,62.989643100008834,0.0,603912.3955290833,0.85,alns_grid,0.85,R100_K10_tw0.85_cap0.85,,10,regret_k,100,fixed_budget,603912.3955290833,5,50,128,,,0.85
0.85,65.59796259998984,0.0052254053271053365,607068.082577786,0.85,alns_grid,0.85,R100_K10_tw0.85_cap0.85,,10,standard_alns,100,fixed_budget,603912.3955290833,5,50,128,,,0.85
0.85,85.07641730000614,0.03282899606194757,623738.2331836689,0.85,alns_grid,0.85,R100_K10_tw0.85_cap0.85,,10,qaoa,100,fixed_budget,603912.3955290833,5,50,128,,,0.85
0.85,94.97782260000531,0.027170515213892892,620321.0064596648,0.85,alns_grid,0.85,R100_K10_tw0.85_cap0.85,,10,efficient_su2,100,fixed_budget,603912.3955290833,5,50,128,,,0.85
0.85,64.91126839999924,0.020969306483386574,616576.0196400488,0.85,alns_grid,0.85,R100_K10_tw0.85_cap0.85,,10,hybrid_alns,100,fixed_budget,603912.3955290833,5,50,128,,,0.85
0.85,,,,0.85,alns_grid,0.85,R100_K10_tw0.85_cap0.85,72,10,regret_k,100,time_to_target,,5,50,128,0.01,45.510511700005736,0.85
0.85,,,,0.85,alns_grid,0.85,R100_K10_tw0.85_cap0.85,98,10,standard_alns,100,time_to_target,,5,50,128,0.01,64.92434969999886,0.85
0.85,,,,0.85,alns_grid,0.85,R100_K10_tw0.85_cap0.85,inf,10,qaoa,100,time_to_target,,5,50,128,0.01,inf,0.85
0.85,,,,0.85,alns_grid,0.85,R100_K10_tw0.85_cap0.85,inf,10,efficient_su2,100,time_to_target,,5,50,128,0.01,inf,0.85
0.85,,,,0.85,alns_grid,0.85,R100_K10_tw0.85_cap0.85,inf,10,hybrid_alns,100,time_to_target,,5,50,128,0.01,inf,0.85
0.85,95.58469170000171,0.04097336621904172,806056.9246288898,0.85,alns_grid,0.85,R150_K15_tw0.85_cap0.85,,15,regret_k,150,fixed_budget,774330.0172574052,5,10,128,,,0.85
0.85,100.33163399998739,0.0450488160747626,809212.6677860018,0.85,alns_grid,0.85,R150_K15_tw0.85_cap0.85,,15,standard_alns,150,fixed_budget,774330.0172574052,5,10,128,,,0.85
0.85,123.74340069999744,0.047806651298193635,811348.1423821542,0.85,alns_grid,0.85,R150_K15_tw0.85_cap0.85,,15,qaoa,150,fixed_budget,774330.0172574052,5,10,128,,,0.85
0.85,118.10394050000468,0.04148890243953936,806456.1197994045,0.85,alns_grid,0.85,R150_K15_tw0.85_cap0.85,,15,efficient_su2,150,fixed_budget,774330.0172574052,5,10,128,,,0.85
0.85,112.32615380000789,0.0,774330.0172574052,0.85,alns_grid,0.85,R150_K15_tw0.85_cap0.85,,15,hybrid_alns,150,fixed_budget,774330.0172574052,5,10,128,,,0.85
0.85,,,,0.85,alns_grid,0.85,R150_K15_tw0.85_cap0.85,inf,15,regret_k,150,time_to_target,,5,10,128,0.01,inf,0.85
0.85,,,,0.85,alns_grid,0.85,R150_K15_tw0.85_cap0.85,inf,15,standard_alns,150,time_to_target,,5,10,128,0.01,inf,0.85
0.85,,,,0.85,alns_grid,0.85,R150_K15_tw0.85_cap0.85,inf,15,qaoa,150,time_to_target,,5,10,128,0.01,inf,0.85
0.85,,,,0.85,alns_grid,0.85,R150_K15_tw0.85_cap0.85,inf,15,efficient_su2,150,time_to_target,,5,10,128,0.01,inf,0.85
0.85,,,,0.85,alns_grid,0.85,R150_K15_tw0.85_cap0.85,75,15,hybrid_alns,150,time_to_target,,5,10,128,0.01,84.14144400000805,0.85
0.85,97.37723110000661,0.0,763656.3295014484,0.85,alns_grid,0.85,R150_K15_tw0.85_cap0.85,,15,regret_k,150,fixed_budget,763656.3295014484,5,20,128,,,0.85
0.85,96.03424589999486,0.04103713889160244,794994.6003606507,0.85,alns_grid,0.85,R150_K15_tw0.85_cap0.85,,15,standard_alns,150,fixed_budget,763656.3295014484,5,20,128,,,0.85
0.85,120.49795950000407,0.050014073779772995,801849.8935075245,0.85,alns_grid,0.85,R150_K15_tw0.85_cap0.85,,15,qaoa,150,fixed_budget,763656.3295014484,5,20,128,,,0.85
0.85,119.59973390000232,0.021125799070073295,779789.1796770857,0.85,alns_grid,0.85,R150_K15_tw0.85_cap0.85,,15,efficient_su2,150,fixed_budget,763656.3295014484,5,20,128,,,0.85
0.85,108.48396440000215,0.03146255539886062,787682.9090740783,0.85,alns_grid,0.85,R150_K15_tw0.85_cap0.85,,15,hybrid_alns,150,fixed_budget,763656.3295014484,5,20,128,,,0.85
0.85,,,,0.85,alns_grid,0.85,R150_K15_tw0.85_cap0.85,79,15,regret_k,150,time_to_target,,5,20,128,0.01,77.09262370000943,0.85
0.85,,,,0.85,alns_grid,0.85,R150_K15_tw0.85_cap0.85,inf,15,standard_alns,150,time_to_target,,5,20,128,0.01,inf,0.85
0.85,,,,0.85,alns_grid,0.85,R150_K15_tw0.85_cap0.85,inf,15,qaoa,150,time_to_target,,5,20,128,0.01,inf,0.85
0.85,,,,0.85,alns_grid,0.85,R150_K15_tw0.85_cap0.85,inf,15,efficient_su2,150,time_to_target,,5,20,128,0.01,inf,0.85
0.85,,,,0.85,alns_grid,0.85,R150_K15_tw0.85_cap0.85,inf,15,hybrid_alns,150,time_to_target,,5,20,128,0.01,inf,0.85
0.85,101.07468900000094,0.021951047631631276,801763.737671035,0.85,alns_grid,0.85,R150_K15_tw0.85_cap0.85,,15,regret_k,150,fixed_budget,784542.2141590052,5,30,128,,,0.85
0.85,97.73011550000228,0.034580987027668264,811672.4582894959,0.85,alns_grid,0.85,R150_K15_tw0.85_cap0.85,,15,standard_alns,150,fixed_budget,784542.2141590052,5,30,128,,,0.85
0.85,126.23204110001097,0.0255584149707149,804593.8696305245,0.85,alns_grid,0.85,R150_K15_tw0.85_cap0.85,,15,qaoa,150,fixed_budget,784542.2141590052,5,30,128,,,0.85
0.85,101.63322800000606,0.0,784542.2141590052,0.85,alns_grid,0.85,R150_K15_tw0.85_cap0.85,,15,efficient_su2,150,fixed_budget,784542.2141590052,5,30,128,,,0.85
0.85,65.09502999999677,0.01261725960942828,794440.986949605,0.85,alns_grid,0.85,R150_K15_tw0.85_cap0.85,,15,hybrid_alns,150,fixed_budget,784542.2141590052,5,30,128,,,0.85
0.85,,,,0.85,alns_grid,0.85,R150_K15_tw0.85_cap0.85,inf,15,regret_k,150,time_to_target,,5,30,128,0.01,inf,0.85
0.85,,,,0.85,alns_grid,0.85,R150_K15_tw0.85_cap0.85,inf,15,standard_alns,150,time_to_target,,5,30,128,0.01,inf,0.85
0.85,,,,0.85,alns_grid,0.85,R150_K15_tw0.85_cap0.85,inf,15,qaoa,150,time_to_target,,5,30,128,0.01,inf,0.85
0.85,,,,0.85,alns_grid,0.85,R150_K15_tw0.85_cap0.85,93,15,efficient_su2,150,time_to_target,,5,30,128,0.01,96.57616759999655,0.85
0.85,,,,0.85,alns_grid,0.85,R150_K15_tw0.85_cap0.85,inf,15,hybrid_alns,150,time_to_target,,5,30,128,0.01,inf,0.85
0.85,59.64684970000235,0.01861724367914453,806794.2682698449,0.85,alns_grid,0.85,R150_K15_tw0.85_cap0.85,,15,regret_k,150,fixed_budget,792048.5081872205,5,40,128,,,0.85
0.85,62.84019450000778,0.018087263316083502,806374.4981139139,0.85,alns_grid,0.85,R150_K15_tw0.85_cap0.85,,15,standard_alns,150,fixed_budget,792048.5081872205,5,40,128,,,0.85
0.85,84.31661330000497,0.0018563026088407907,793518.789899297,0.85,alns_grid,0.85,R150_K15_tw0.85_cap0.85,,15,qaoa,150,fixed_budget,792048.5081872205,5,40,128,,,0.85
0.85,81.55003100000613,0.012517430669879346,801962.9204756354,0.85,alns_grid,0.85,R150_K15_tw0.85_cap0.85,,15,efficient_su2,150,fixed_budget,792048.5081872205,5,40,128,,,0.85
0.85,67.60269689999404,0.0,792048.5081872205,0.85,alns_grid,0.85,R150_K15_tw0.85_cap0.85,,15,hybrid_alns,150,fixed_budget,792048.5081872205,5,40,128,,,0.85
0.85,,,,0.85,alns_grid,0.85,R150_K15_tw0.85_cap0.85,inf,15,regret_k,150,time_to_target,,5,40,128,0.01,inf,0.85
0.85,,,,0.85,alns_grid,0.85,R150_K15_tw0.85_cap0.85,inf,15,standard_alns,150,time_to_target,,5,40,128,0.01,inf,0.85
0.85,,,,0.85,alns_grid,0.85,R150_K15_tw0.85_cap0.85,63,15,qaoa,150,time_to_target,,5,40,128,0.01,52.56696789999842,0.85
0.85,,,,0.85,alns_grid,0.85,R150_K15_tw0.85_cap0.85,inf,15,efficient_su2,150,time_to_target,,5,40,128,0.01,inf,0.85
0.85,,,,0.85,alns_grid,0.85,R150_K15_tw0.85_cap0.85,72,15,hybrid_alns,150,time_to_target,,5,40,128,0.01,49.427063199997065,0.85
0.85,59.99737309999182,0.0014052336844071467,826075.1580610379,0.85,alns_grid,0.85,R150_K15_tw0.85_cap0.85,,15,regret_k,150,fixed_budget,824915.958369532,5,50,128,,,0.85
0.85,65.32070159999421,0.015803119263424748,837952.203641948,0.85,alns_grid,0.85,R150_K15_tw0.85_cap0.85,,15,standard_alns,150,fixed_budget,824915.958369532,5,50,128,,,0.85
0.85,86.13322190000326,0.02971126217393626,849425.2526801131,0.85,alns_grid,0.85,R150_K15_tw0.85_cap0.85,,15,qaoa,150,fixed_budget,824915.958369532,5,50,128,,,0.85
0.85,83.10067879999406,0.013960920759491005,836432.5446975686,0.85,alns_grid,0.85,R150_K15_tw0.85_cap0.85,,15,efficient_su2,150,fixed_budget,824915.958369532,5,50,128,,,0.85
0.85,67.0658204999927,0.0,824915.958369532,0.85,alns_grid,0.85,R150_K15_tw0.85_cap0.85,,15,hybrid_alns,150,fixed_budget,824915.958369532,5,50,128,,,0.85
0.85,,,,0.85,alns_grid,0.85,R150_K15_tw0.85_cap0.85,92,15,regret_k,150,time_to_target,,5,50,128,0.01,55.800875899993116,0.85
0.85,,,,0.85,alns_grid,0.85,R150_K15_tw0.85_cap0.85,inf,15,standard_alns,150,time_to_target,,5,50,128,0.01,inf,0.85
0.85,,,,0.85,alns_grid,0.85,R150_K15_tw0.85_cap0.85,inf,15,qaoa,150,time_to_target,,5,50,128,0.01,inf,0.85
0.85,,,,0.85,alns_grid,0.85,R150_K15_tw0.85_cap0.85,inf,15,efficient_su2,150,time_to_target,,5,50,128,0.01,inf,0.85
0.85,,,,0.85,alns_grid,0.85,R150_K15_tw0.85_cap0.85,81,15,hybrid_alns,150,time_to_target,,5,50,128,0.01,54.73788749999949,0.85
0.85,83.78686809999635,0.0031129436801562754,1026257.7646706585,0.85,alns_grid,0.85,R200_K20_tw0.85_cap0.85,,20,regret_k,200,fixed_budget,1023072.996053256,5,10,128,,,0.85
0.85,82.60583620000398,0.0,1023072.996053256,0.85,alns_grid,0.85,R200_K20_tw0.85_cap0.85,,20,standard_alns,200,fixed_budget,1023072.996053256,5,10,128,,,0.85
0.85,102.20967890000611,0.001873512576741058,1024989.7361782859,0.85,alns_grid,0.85,R200_K20_tw0.85_cap0.85,,20,qaoa,200,fixed_budget,1023072.996053256,5,10,128,,,0.85
0.85,103.2565992000018,0.005480658052665393,1028680.1093075398,0.85,alns_grid,0.85,R200_K20_tw0.85_cap0.85,,20,efficient_su2,200,fixed_budget,1023072.996053256,5,10,128,,,0.85
0.85,90.00070459999552,0.0010629963943077005,1024160.5189591742,0.85,alns_grid,0.85,R200_K20_tw0.85_cap0.85,,20,hybrid_alns,200,fixed_budget,1023072.996053256,5,10,128,,,0.85
0.85,,,,0.85,alns_grid,0.85,R200_K20_tw0.85_cap0.85,60,20,regret_k,200,time_to_target,,5,10,128,0.01,50.51569250000466,0.85
0.85,,,,0.85,alns_grid,0.85,R200_K20_tw0.85_cap0.85,87,20,standard_alns,200,time_to_target,,5,10,128,0.01,72.39113770000404,0.85
0.85,,,,0.85,alns_grid,0.85,R200_K20_tw0.85_cap0.85,65,20,qaoa,200,time_to_target,,5,10,128,0.01,67.16590279999946,0.85
0.85,,,,0.85,alns_grid,0.85,R200_K20_tw0.85_cap0.85,74,20,efficient_su2,200,time_to_target,,5,10,128,0.01,77.90272650000406,0.85
0.85,,,,0.85,alns_grid,0.85,R200_K20_tw0.85_cap0.85,96,20,hybrid_alns,200,time_to_target,,5,10,128,0.01,86.95831679999537,0.85
0.85,81.56595950000337,0.00030324628601634626,970460.642517363,0.85,alns_grid,0.85,R200_K20_tw0.85_cap0.85,,20,regret_k,200,fixed_budget,970166.443146661,5,20,128,,,0.85
0.85,82.51843209999788,0.01236560252107766,982163.1357619003,0.85,alns_grid,0.85,R200_K20_tw0.85_cap0.85,,20,standard_alns,200,fixed_budget,970166.443146661,5,20,128,,,0.85
0.85,102.95368170000438,0.013992914943752734,983741.8996668954,0.85,alns_grid,0.85,R200_K20_tw0.85_cap0.85,,20,qaoa,200,fixed_budget,970166.443146661,5,20,128,,,0.85
0.85,101.83848690000013,0.024946403703237734,994368.6068967319,0.85,alns_grid,0.85,R200_K20_tw0.85_cap0.85,,20,efficient_su2,200,fixed_budget,970166.443146661,5,20,128,,,0.85
0.85,92.32782289999886,0.0,970166.443146661,0.85,alns_grid,0.85,R200_K20_tw0.85_cap0.85,,20,hybrid_alns,200,fixed_budget,970166.443146661,5,20,128,,,0.85
0.85,,,,0.85,alns_grid,0.85,R200_K20_tw0.85_cap0.85,57,20,regret_k,200,time_to_target,,5,20,128,0.01,47.733953600007226,0.85
0.85,,,,0.85,alns_grid,0.85,R200_K20_tw0.85_cap0.85,inf,20,standard_alns,200,time_to_target,,5,20,128,0.01,inf,0.85
0.85,,,,0.85,alns_grid,0.85,R200_K20_tw0.85_cap0.85,inf,20,qaoa,200,time_to_target,,5,20,128,0.01,inf,0.85
0.85,,,,0.85,alns_grid,0.85,R200_K20_tw0.85_cap0.85,inf,20,efficient_su2,200,time_to_target,,5,20,128,0.01,inf,0.85
0.85,,,,0.85,alns_grid,0.85,R200_K20_tw0.85_cap0.85,86,20,hybrid_alns,200,time_to_target,,5,20,128,0.01,79.87549590000708,0.85
0.85,84.83928190000006,0.023821719591089797,998639.080896105,0.85,alns_grid,0.85,R200_K20_tw0.85_cap0.85,,20,regret_k,200,fixed_budget,975403.2970651935,5,30,128,,,0.85
0.85,85.47100999999384,0.04502755161681537,1019323.3193710084,0.85,alns_grid,0.85,R200_K20_tw0.85_cap0.85,,20,standard_alns,200,fixed_budget,975403.2970651935,5,30,128,,,0.85
0.85,101.87588300000061,0.01609989874632289,991107.1913847727,0.85,alns_grid,0.85,R200_K20_tw0.85_cap0.85,,20,qaoa,200,fixed_budget,975403.2970651935,5,30,128,,,0.85
0.85,102.07153929999913,0.04695449229450024,1021202.8636612713,0.85,alns_grid,0.85,R200_K20_tw0.85_cap0.85,,20,efficient_su2,200,fixed_budget,975403.2970651935,5,30,128,,,0.85
0.85,89.81803100000252,0.0,975403.2970651935,0.85,alns_grid,0.85,R200_K20_tw0.85_cap0.85,,20,hybrid_alns,200,fixed_budget,975403.2970651935,5,30,128,,,0.85
0.85,,,,0.85,alns_grid,0.85,R200_K20_tw0.85_cap0.85,inf,20,regret_k,200,time_to_target,,5,30,128,0.01,inf,0.85
0.85,,,,0.85,alns_grid,0.85,R200_K20_tw0.85_cap0.85,inf,20,standard_alns,200,time_to_target,,5,30,128,0.01,inf,0.85
0.85,,,,0.85,alns_grid,0.85,R200_K20_tw0.85_cap0.85,inf,20,qaoa,200,time_to_target,,5,30,128,0.01,inf,0.85
0.85,,,,0.85,alns_grid,0.85,R200_K20_tw0.85_cap0.85,inf,20,efficient_su2,200,time_to_target,,5,30,128,0.01,inf,0.85
0.85,,,,0.85,alns_grid,0.85,R200_K20_tw0.85_cap0.85,82,20,hybrid_alns,200,time_to_target,,5,30,128,0.01,74.96897109999554,0.85
0.85,84.12930539999797,0.003533459210275875,1015246.5525895779,0.85,alns_grid,0.85,R200_K20_tw0.85_cap0.85,,20,regret_k,200,fixed_budget,1011671.8513685827,5,40,128,,,0.85
0.85,82.9216424000042,0.011571246964043205,1023378.1562073394,0.85,alns_grid,0.85,R200_K20_tw0.85_cap0.85,,20,standard_alns,200,fixed_budget,1011671.8513685827,5,40,128,,,0.85
0.85,103.45292919999338,0.014538486160341741,1026380.0285785121,0.85,alns_grid,0.85,R200_K20_tw0.85_cap0.85,,20,qaoa,200,fixed_budget,1011671.8513685827,5,40,128,,,0.85
0.85,99.3312711000035,0.014525817155028186,1026367.2117024516,0.85,alns_grid,0.85,R200_K20_tw0.85_cap0.85,,20,efficient_su2,200,fixed_budget,1011671.8513685827,5,40,128,,,0.85
0.85,91.53640939999605,0.0,1011671.8513685827,0.85,alns_grid,0.85,R200_K20_tw0.85_cap0.85,,20,hybrid_alns,200,fixed_budget,1011671.8513685827,5,40,128,,,0.85
0.85,,,,0.85,alns_grid,0.85,R200_K20_tw0.85_cap0.85,91,20,regret_k,200,time_to_target,,5,40,128,0.01,77.0762190999958,0.85
0.85,,,,0.85,alns_grid,0.85,R200_K20_tw0.85_cap0.85,inf,20,standard_alns,200,time_to_target,,5,40,128,0.01,inf,0.85
0.85,,,,0.85,alns_grid,0.85,R200_K20_tw0.85_cap0.85,inf,20,qaoa,200,time_to_target,,5,40,128,0.01,inf,0.85
0.85,,,,0.85,alns_grid,0.85,R200_K20_tw0.85_cap0.85,inf,20,efficient_su2,200,time_to_target,,5,40,128,0.01,inf,0.85
0.85,,,,0.85,alns_grid,0.85,R200_K20_tw0.85_cap0.85,93,20,hybrid_alns,200,time_to_target,,5,40,128,0.01,85.70355310000014,0.85
0.85,85.29128820000915,0.024105155841070952,1001225.1193749004,0.85,alns_grid,0.85,R200_K20_tw0.85_cap0.85,,20,regret_k,200,fixed_budget,977658.5086642008,5,50,128,,,0.85
0.85,81.66616480000084,0.023194427983513326,1000334.7385358816,0.85,alns_grid,0.85,R200_K20_tw0.85_cap0.85,,20,standard_alns,200,fixed_budget,977658.5086642008,5,50,128,,,0.85
0.85,103.5964507000026,0.04816286813463188,1024745.3464976955,0.85,alns_grid,0.85,R200_K20_tw0.85_cap0.85,,20,qaoa,200,fixed_budget,977658.5086642008,5,50,128,,,0.85
0.85,103.56663379998645,0.01580188635664221,993107.3573137168,0.85,alns_grid,0.85,R200_K20_tw0.85_cap0.85,,20,efficient_su2,200,fixed_budget,977658.5086642008,5,50,128,,,0.85
0.85,91.85171069999342,0.0,977658.5086642008,0.85,alns_grid,0.85,R200_K20_tw0.85_cap0.85,,20,hybrid_alns,200,fixed_budget,977658.5086642008,5,50,128,,,0.85
0.85,,,,0.85,alns_grid,0.85,R200_K20_tw0.85_cap0.85,inf,20,regret_k,200,time_to_target,,5,50,128,0.01,inf,0.85
0.85,,,,0.85,alns_grid,0.85,R200_K20_tw0.85_cap0.85,inf,20,standard_alns,200,time_to_target,,5,50,128,0.01,inf,0.85
0.85,,,,0.85,alns_grid,0.85,R200_K20_tw0.85_cap0.85,inf,20,qaoa,200,time_to_target,,5,50,128,0.01,inf,0.85
0.85,,,,0.85,alns_grid,0.85,R200_K20_tw0.85_cap0.85,inf,20,efficient_su2,200,time_to_target,,5,50,128,0.01,inf,0.85
0.85,,,,0.85,alns_grid,0.85,R200_K20_tw0.85_cap0.85,74,20,hybrid_alns,200,time_to_target,,5,50,128,0.01,69.40032469999278,0.85
0.85,43.40436929999851,0.041373800952933304,634615.1149217921,0.85,alns_grid,0.85,R100_K10_tw0.85_cap0.85,,10,regret_k,100,fixed_budget,609401.8443147626,5,10,1024,,,0.85
0.85,41.46134300000267,0.011821398977802567,616605.8266542162,0.85,alns_grid,0.85,R100_K10_tw0.85_cap0.85,,10,standard_alns,100,fixed_budget,609401.8443147626,5,10,1024,,,0.85
0.85,59.81056000001263,0.0690405688130468,651475.2942819736,0.85,alns_grid,0.85,R100_K10_tw0.85_cap0.85,,10,qaoa,100,fixed_budget,609401.8443147626,5,10,1024,,,0.85
0.85,58.06550100000459,0.04235255781263128,635211.5711572277,0.85,alns_grid,0.85,R100_K10_tw0.85_cap0.85,,10,efficient_su2,100,fixed_budget,609401.8443147626,5,10,1024,,,0.85
0.85,44.727414599998156,0.0,609401.8443147626,0.85,alns_grid,0.85,R100_K10_tw0.85_cap0.85,,10,hybrid_alns,100,fixed_budget,609401.8443147626,5,10,1024,,,0.85
0.85,,,,0.85,alns_grid,0.85,R100_K10_tw0.85_cap0.85,inf,10,regret_k,100,time_to_target,,5,10,1024,0.01,inf,0.85
0.85,,,,0.85,alns_grid,0.85,R100_K10_tw0.85_cap0.85,inf,10,standard_alns,100,time_to_target,,5,10,1024,0.01,inf,0.85
0.85,,,,0.85,alns_grid,0.85,R100_K10_tw0.85_cap0.85,inf,10,qaoa,100,time_to_target,,5,10,1024,0.01,inf,0.85
0.85,,,,0.85,alns_grid,0.85,R100_K10_tw0.85_cap0.85,inf,10,efficient_su2,100,time_to_target,,5,10,1024,0.01,inf,0.85
0.85,,,,0.85,alns_grid,0.85,R100_K10_tw0.85_cap0.85,74,10,hybrid_alns,100,time_to_target,,5,10,1024,0.01,33.26073199999519,0.85
0.85,43.98999039999035,0.022798638566985666,580448.8009626251,0.85,alns_grid,0.85,R100_K10_tw0.85_cap0.85,,10,regret_k,100,fixed_budget,567510.3378861313,5,20,1024,,,0.85
0.85,41.961310700004105,0.04896873899504665,595300.603499068,0.85,alns_grid,0.85,R100_K10_tw0.85_cap0.85,,10,standard_alns,100,fixed_budget,567510.3378861313,5,20,1024,,,0.85
0.85,59.027012799997465,0.07408691703824337,609555.4292074465,0.85,alns_grid,0.85,R100_K10_tw0.85_cap0.85,,10,qaoa,100,fixed_budget,567510.3378861313,5,20,1024,,,0.85
0.85,58.29980110000179,0.055402197288205855,598951.6575887951,0.85,alns_grid,0.85,R100_K10_tw0.85_cap0.85,,10,efficient_su2,100,fixed_budget,567510.3378861313,5,20,1024,,,0.85
0.85,43.50547160000133,0.0,567510.3378861313,0.85,alns_grid,0.85,R100_K10_tw0.85_cap0.85,,10,hybrid_alns,100,fixed_budget,567510.3378861313,5,20,1024,,,0.85
0.85,,,,0.85,alns_grid,0.85,R100_K10_tw0.85_cap0.85,inf,10,regret_k,100,time_to_target,,5,20,1024,0.01,inf,0.85
0.85,,,,0.85,alns_grid,0.85,R100_K10_tw0.85_cap0.85,inf,10,standard_alns,100,time_to_target,,5,20,1024,0.01,inf,0.85
0.85,,,,0.85,alns_grid,0.85,R100_K10_tw0.85_cap0.85,inf,10,qaoa,100,time_to_target,,5,20,1024,0.01,inf,0.85
0.85,,,,0.85,alns_grid,0.85,R100_K10_tw0.85_cap0.85,inf,10,efficient_su2,100,time_to_target,,5,20,1024,0.01,inf,0.85
0.85,,,,0.85,alns_grid,0.85,R100_K10_tw0.85_cap0.85,76,10,hybrid_alns,100,time_to_target,,5,20,1024,0.01,34.56138299999293,0.85
0.85,43.72461289999774,0.0,605354.0240866356,0.85,alns_grid,0.85,R100_K10_tw0.85_cap0.85,,10,regret_k,100,fixed_budget,605354.0240866356,5,30,1024,,,0.85
0.85,43.58488809999835,0.040834247492860624,630073.2001269883,0.85,alns_grid,0.85,R100_K10_tw0.85_cap0.85,,10,standard_alns,100,fixed_budget,605354.0240866356,5,30,1024,,,0.85
0.85,59.72803150000982,0.09108162088325697,660490.6498086485,0.85,alns_grid,0.85,R100_K10_tw0.85_cap0.85,,10,qaoa,100,fixed_budget,605354.0240866356,5,30,1024,,,0.85
0.85,58.10241349998978,0.04925202879693177,635168.9379132891,0.85,alns_grid,0.85,R100_K10_tw0.85_cap0.85,,10,efficient_su2,100,fixed_budget,605354.0240866356,5,30,1024,,,0.85
0.85,46.54518580000149,0.05224130674487825,636978.5093481919,0.85,alns_grid,0.85,R100_K10_tw0.85_cap0.85,,10,hybrid_alns,100,fixed_budget,605354.0240866356,5,30,1024,,,0.85
0.85,,,,0.85,alns_grid,0.85,R100_K10_tw0.85_cap0.85,86,10,regret_k,100,time_to_target,,5,30,1024,0.01,37.90205309999874,0.85
0.85,,,,0.85,alns_grid,0.85,R100_K10_tw0.85_cap0.85,inf,10,standard_alns,100,time_to_target,,5,30,1024,0.01,inf,0.85
0.85,,,,0.85,alns_grid,0.85,R100_K10_tw0.85_cap0.85,inf,10,qaoa,100,time_to_target,,5,30,1024,0.01,inf,0.85
0.85,,,,0.85,alns_grid,0.85,R100_K10_tw0.85_cap0.85,inf,10,efficient_su2,100,time_to_target,,5,30,1024,0.01,inf,0.85
0.85,,,,0.85,alns_grid,0.85,R100_K10_tw0.85_cap0.85,inf,10,hybrid_alns,100,time_to_target,,5,30,1024,0.01,inf,0.85
0.85,42.147221599996556,0.016449818119849798,629719.0640695957,0.85,alns_grid,0.85,R100_K10_tw0.85_cap0.85,,10,regret_k,100,fixed_budget,619527.9421018553,5,40,1024,,,0.85
0.85,42.93065500000375,0.00980287463876482,625601.0968534917,0.85,alns_grid,0.85,R100_K10_tw0.85_cap0.85,,10,standard_alns,100,fixed_budget,619527.9421018553,5,40,1024,,,0.85
0.85,59.44948690000456,0.06394119403922416,659141.2984605113,0.85,alns_grid,0.85,R100_K10_tw0.85_cap0.85,,10,qaoa,100,fixed_budget,619527.9421018553,5,40,1024,,,0.85
0.85,58.430585300011444,0.03819494323499402,643190.7766829283,0.85,alns_grid,0.85,R100_K10_tw0.85_cap0.85,,10,efficient_su2,100,fixed_budget,619527.9421018553,5,40,1024,,,0.85
0.85,44.0139632000064,0.0,619527.9421018553,0.85,alns_grid,0.85,R100_K10_tw0.85_cap0.85,,10,hybrid_alns,100,fixed_budget,619527.9421018553,5,40,1024,,,0.85
0.85,,,,0.85,alns_grid,0.85,R100_K10_tw0.85_cap0.85,inf,10,regret_k,100,time_to_target,,5,40,1024,0.01,inf,0.85
0.85,,,,0.85,alns_grid,0.85,R100_K10_tw0.85_cap0.85,74,10,standard_alns,100,time_to_target,,5,40,1024,0.01,32.40745899999456,0.85
0.85,,,,0.85,alns_grid,0.85,R100_K10_tw0.85_cap0.85,inf,10,qaoa,100,time_to_target,,5,40,1024,0.01,inf,0.85
0.85,,,,0.85,alns_grid,0.85,R100_K10_tw0.85_cap0.85,inf,10,efficient_su2,100,time_to_target,,5,40,1024,0.01,inf,0.85
0.85,,,,0.85,alns_grid,0.85,R100_K10_tw0.85_cap0.85,58,10,hybrid_alns,100,time_to_target,,5,40,1024,0.01,26.95756630001415,0.85
0.85,43.513970999993035,0.0,603912.3955290833,0.85,alns_grid,0.85,R100_K10_tw0.85_cap0.85,,10,regret_k,100,fixed_budget,603912.3955290833,5,50,1024,,,0.85
0.85,43.61901550000766,0.0052254053271053365,607068.082577786,0.85,alns_grid,0.85,R100_K10_tw0.85_cap0.85,,10,standard_alns,100,fixed_budget,603912.3955290833,5,50,1024,,,0.85
0.85,59.505765599998995,0.04309608806194683,629938.657308506,0.85,alns_grid,0.85,R100_K10_tw0.85_cap0.85,,10,qaoa,100,fixed_budget,603912.3955290833,5,50,1024,,,0.85
0.85,57.66454550001072,0.04433640648932189,630687.7009812009,0.85,alns_grid,0.85,R100_K10_tw0.85_cap0.85,,10,efficient_su2,100,fixed_budget,603912.3955290833,5,50,1024,,,0.85
0.85,44.88006269998732,0.0061246294729423644,607611.135185816,0.85,alns_grid,0.85,R100_K10_tw0.85_cap0.85,,10,hybrid_alns,100,fixed_budget,603912.3955290833,5,50,1024,,,0.85
0.85,,,,0.85,alns_grid,0.85,R100_K10_tw0.85_cap0.85,72,10,regret_k,100,time_to_target,,5,50,1024,0.01,31.256512299994938,0.85
0.85,,,,0.85,alns_grid,0.85,R100_K10_tw0.85_cap0.85,98,10,standard_alns,100,time_to_target,,5,50,1024,0.01,43.216350200003944,0.85
0.85,,,,0.85,alns_grid,0.85,R100_K10_tw0.85_cap0.85,inf,10,qaoa,100,time_to_target,,5,50,1024,0.01,inf,0.85
0.85,,,,0.85,alns_grid,0.85,R100_K10_tw0.85_cap0.85,inf,10,efficient_su2,100,time_to_target,,5,50,1024,0.01,inf,0.85
0.85,,,,0.85,alns_grid,0.85,R100_K10_tw0.85_cap0.85,84,10,hybrid_alns,100,time_to_target,,5,50,1024,0.01,38.31729890000133,0.85
0.85,58.29396700000507,0.01855113820156386,806056.9246288898,0.85,alns_grid,0.85,R150_K15_tw0.85_cap0.85,,15,regret_k,150,fixed_budget,791375.9991001816,5,10,1024,,,0.85
0.85,63.767676200004644,0.022538804191814026,809212.6677860018,0.85,alns_grid,0.85,R150_K15_tw0.85_cap0.85,,15,standard_alns,150,fixed_budget,791375.9991001816,5,10,1024,,,0.85
0.85,84.34412650000013,0.024811723846449137,811011.4018485631,0.85,alns_grid,0.85,R150_K15_tw0.85_cap0.85,,15,qaoa,150,fixed_budget,791375.9991001816,5,10,1024,,,0.85
0.85,81.2178644999949,0.01905556993940864,806456.1197994045,0.85,alns_grid,0.85,R150_K15_tw0.85_cap0.85,,15,efficient_su2,150,fixed_budget,791375.9991001816,5,10,1024,,,0.85
0.85,64.7885998999991,0.0,791375.9991001816,0.85,alns_grid,0.85,R150_K15_tw0.85_cap0.85,,15,hybrid_alns,150,fixed_budget,791375.9991001816,5,10,1024,,,0.85
0.85,,,,0.85,alns_grid,0.85,R150_K15_tw0.85_cap0.85,inf,15,regret_k,150,time_to_target,,5,10,1024,0.01,inf,0.85
0.85,,,,0.85,alns_grid,0.85,R150_K15_tw0.85_cap0.85,inf,15,standard_alns,150,time_to_target,,5,10,1024,0.01,inf,0.85
0.85,,,,0.85,alns_grid,0.85,R150_K15_tw0.85_cap0.85,inf,15,qaoa,150,time_to_target,,5,10,1024,0.01,inf,0.85
0.85,,,,0.85,alns_grid,0.85,R150_K15_tw0.85_cap0.85,inf,15,efficient_su2,150,time_to_target,,5,10,1024,0.01,inf,0.85
0.85,,,,0.85,alns_grid,0.85,R150_K15_tw0.85_cap0.85,46,15,hybrid_alns,150,time_to_target,,5,10,1024,0.01,30.797595100011677,0.85
0.85,59.63388449999911,0.0,763656.3295014484,0.85,alns_grid,0.85,R150_K15_tw0.85_cap0.85,,15,regret_k,150,fixed_budget,763656.3295014484,5,20,1024,,,0.85
0.85,64.9289104000054,0.04103713889160244,794994.6003606507,0.85,alns_grid,0.85,R150_K15_tw0.85_cap0.85,,15,standard_alns,150,fixed_budget,763656.3295014484,5,20,1024,,,0.85
0.85,86.31146450000233,0.07782792222915551,823090.1149236895,0.85,alns_grid,0.85,R150_K15_tw0.85_cap0.85,,15,qaoa,150,fixed_budget,763656.3295014484,5,20,1024,,,0.85
0.85,82.14999789999274,0.021125799070073295,779789.1796770857,0.85,alns_grid,0.85,R150_K15_tw0.85_cap0.85,,15,efficient_su2,150,fixed_budget,763656.3295014484,5,20,1024,,,0.85
0.85,67.6519372999901,0.04230357039760613,795961.7187960905,0.85,alns_grid,0.85,R150_K15_tw0.85_cap0.85,,15,hybrid_alns,150,fixed_budget,763656.3295014484,5,20,1024,,,0.85
0.85,,,,0.85,alns_grid,0.85,R150_K15_tw0.85_cap0.85,79,15,regret_k,150,time_to_target,,5,20,1024,0.01,47.68502639999497,0.85
0.85,,,,0.85,alns_grid,0.85,R150_K15_tw0.85_cap0.85,inf,15,standard_alns,150,time_to_target,,5,20,1024,0.01,inf,0.85
0.85,,,,0.85,alns_grid,0.85,R150_K15_tw0.85_cap0.85,inf,15,qaoa,150,time_to_target,,5,20,1024,0.01,inf,0.85
0.85,,,,0.85,alns_grid,0.85,R150_K15_tw0.85_cap0.85,inf,15,efficient_su2,150,time_to_target,,5,20,1024,0.01,inf,0.85
0.85,,,,0.85,alns_grid,0.85,R150_K15_tw0.85_cap0.85,inf,15,hybrid_alns,150,time_to_target,,5,20,1024,0.01,inf,0.85
0.85,60.48759470001096,0.006783546781841474,801763.737671035,0.85,alns_grid,0.85,R150_K15_tw0.85_cap0.85,,15,regret_k,150,fixed_budget,796361.5816268083,5,30,1024,,,0.85
0.85,65.01923469999747,0.019226036282928863,811672.4582894959,0.85,alns_grid,0.85,R150_K15_tw0.85_cap0.85,,15,standard_alns,150,fixed_budget,796361.5816268083,5,30,1024,,,0.85
0.85,85.79981290000433,0.027340113064118033,818134.1973084051,0.85,alns_grid,0.85,R150_K15_tw0.85_cap0.85,,15,qaoa,150,fixed_budget,796361.5816268083,5,30,1024,,,0.85
0.85,82.95091179999872,0.0008674132567145735,797052.3562198495,0.85,alns_grid,0.85,R150_K15_tw0.85_cap0.85,,15,efficient_su2,150,fixed_budget,796361.5816268083,5,30,1024,,,0.85
0.85,73.38195710000582,0.0,796361.5816268083,0.85,alns_grid,0.85,R150_K15_tw0.85_cap0.85,,15,hybrid_alns,150,fixed_budget,796361.5816268083,5,30,1024,,,0.85
0.85,,,,0.85,alns_grid,0.85,R150_K15_tw0.85_cap0.85,85,15,regret_k,150,time_to_target,,5,30,1024,0.01,52.02182890000404,0.85
0.85,,,,0.85,alns_grid,0.85,R150_K15_tw0.85_cap0.85,inf,15,standard_alns,150,time_to_target,,5,30,1024,0.01,inf,0.85
0.85,,,,0.85,alns_grid,0.85,R150_K15_tw0.85_cap0.85,inf,15,qaoa,150,time_to_target,,5,30,1024,0.01,inf,0.85
0.85,,,,0.85,alns_grid,0.85,R150_K15_tw0.85_cap0.85,99,15,efficient_su2,150,time_to_target,,5,30,1024,0.01,82.95091179999872,0.85
0.85,,,,0.85,alns_grid,0.85,R150_K15_tw0.85_cap0.85,88,15,hybrid_alns,150,time_to_target,,5,30,1024,0.01,65.22821159999876,0.85
0.85,60.07018300000345,0.011105069145780785,806794.2682698449,0.85,alns_grid,0.85,R150_K15_tw0.85_cap0.85,,15,regret_k,150,fixed_budget,797933.1652955264,5,40,1024,,,0.85
0.85,65.89872509999259,0.010578997321487657,806374.4981139139,0.85,alns_grid,0.85,R150_K15_tw0.85_cap0.85,,15,standard_alns,150,fixed_budget,797933.1652955264,5,40,1024,,,0.85
0.85,86.11537169999792,0.020122552069301067,813989.6169620078,0.85,alns_grid,0.85,R150_K15_tw0.85_cap0.85,,15,qaoa,150,fixed_budget,797933.1652955264,5,40,1024,,,0.85
0.85,82.98660740000196,0.0029424331231362047,800281.0302711409,0.85,alns_grid,0.85,R150_K15_tw0.85_cap0.85,,15,efficient_su2,150,fixed_budget,797933.1652955264,5,40,1024,,,0.85
0.85,66.85315169999376,0.0,797933.1652955264,0.85,alns_grid,0.85,R150_K15_tw0.85_cap0.85,,15,hybrid_alns,150,fixed_budget,797933.1652955264,5,40,1024,,,0.85
0.85,,,,0.85,alns_grid,0.85,R150_K15_tw0.85_cap0.85,inf,15,regret_k,150,time_to_target,,5,40,1024,0.01,inf,0.85
0.85,,,,0.85,alns_grid,0.85,R150_K15_tw0.85_cap0.85,inf,15,standard_alns,150,time_to_target,,5,40,1024,0.01,inf,0.85
0.85,,,,0.85,alns_grid,0.85,R150_K15_tw0.85_cap0.85,inf,15,qaoa,150,time_to_target,,5,40,1024,0.01,inf,0.85
0.85,,,,0.85,alns_grid,0.85,R150_K15_tw0.85_cap0.85,81,15,efficient_su2,150,time_to_target,,5,40,1024,0.01,67.8621972999972,0.85
0.85,,,,0.85,alns_grid,0.85,R150_K15_tw0.85_cap0.85,96,15,hybrid_alns,150,time_to_target,,5,40,1024,0.01,65.18697189999511,0.85
0.85,60.86669479998818,0.0,826075.1580610379,0.85,alns_grid,0.85,R150_K15_tw0.85_cap0.85,,15,regret_k,150,fixed_budget,826075.1580610379,5,50,1024,,,0.85
0.85,68.5396427000087,0.014377681576562535,837952.203641948,0.85,alns_grid,0.85,R150_K15_tw0.85_cap0.85,,15,standard_alns,150,fixed_budget,826075.1580610379,5,50,1024,,,0.85
0.85,89.03761810000287,0.09450615392521458,904144.3441025503,0.85,alns_grid,0.85,R150_K15_tw0.85_cap0.85,,15,qaoa,150,fixed_budget,826075.1580610379,5,50,1024,,,0.85
0.85,86.92671320000954,0.02585333320164189,847431.9543719889,0.85,alns_grid,0.85,R150_K15_tw0.85_cap0.85,,15,efficient_su2,150,fixed_budget,826075.1580610379,5,50,1024,,,0.85
0.85,68.42072650000046,0.06736523832384786,881723.90795723,0.85,alns_grid,0.85,R150_K15_tw0.85_cap0.85,,15,hybrid_alns,150,fixed_budget,826075.1580610379,5,50,1024,,,0.85
0.85,,,,0.85,alns_grid,0.85,R150_K15_tw0.85_cap0.85,92,15,regret_k,150,time_to_target,,5,50,1024,0.01,56.68848189999699,0.85
0.85,,,,0.85,alns_grid,0.85,R150_K15_tw0.85_cap0.85,inf,15,standard_alns,150,time_to_target,,5,50,1024,0.01,inf,0.85
0.85,,,,0.85,alns_grid,0.85,R150_K15_tw0.85_cap0.85,inf,15,qaoa,150,time_to_target,,5,50,1024,0.01,inf,0.85
0.85,,,,0.85,alns_grid,0.85,R150_K15_tw0.85_cap0.85,inf,15,efficient_su2,150,time_to_target,,5,50,1024,0.01,inf,0.85
0.85,,,,0.85,alns_grid,0.85,R150_K15_tw0.85_cap0.85,inf,15,hybrid_alns,150,time_to_target,,5,50,1024,0.01,inf,0.85
0.85,86.22576100000879,0.005697323305014112,1026257.7646706585,0.85,alns_grid,0.85,R200_K20_tw0.85_cap0.85,,20,regret_k,200,fixed_budget,1020443.9654846418,5,10,1024,,,0.85
0.85,80.38491320000321,0.0025763595626395073,1023072.996053256,0.85,alns_grid,0.85,R200_K20_tw0.85_cap0.85,,20,standard_alns,200,fixed_budget,1020443.9654846418,5,10,1024,,,0.85
0.85,102.36293070000829,0.04540539674591581,1066777.6285944476,0.85,alns_grid,0.85,R200_K20_tw0.85_cap0.85,,20,qaoa,200,fixed_budget,1020443.9654846418,5,10,1024,,,0.85
0.85,102.25797970000713,0.008071137761088443,1028680.1093075398,0.85,alns_grid,0.85,R200_K20_tw0.85_cap0.85,,20,efficient_su2,200,fixed_budget,1020443.9654846418,5,10,1024,,,0.85
0.85,88.87479539998458,0.0,1020443.9654846418,0.85,alns_grid,0.85,R200_K20_tw0.85_cap0.85,,20,hybrid_alns,200,fixed_budget,1020443.9654846418,5,10,1024,,,0.85
0.85,,,,0.85,alns_grid,0.85,R200_K20_tw0.85_cap0.85,70,20,regret_k,200,time_to_target,,5,10,1024,0.01,61.27852320000238,0.85
0.85,,,,0.85,alns_grid,0.85,R200_K20_tw0.85_cap0.85,88,20,standard_alns,200,time_to_target,,5,10,1024,0.01,71.3241366000002,0.85
0.85,,,,0.85,alns_grid,0.85,R200_K20_tw0.85_cap0.85,inf,20,qaoa,200,time_to_target,,5,10,1024,0.01,inf,0.85
0.85,,,,0.85,alns_grid,0.85,R200_K20_tw0.85_cap0.85,81,20,efficient_su2,200,time_to_target,,5,10,1024,0.01,83.52284750000399,0.85
0.85,,,,0.85,alns_grid,0.85,R200_K20_tw0.85_cap0.85,66,20,hybrid_alns,200,time_to_target,,5,10,1024,0.01,59.829035200004,0.85
0.85,81.34147240000311,0.017422528700186436,970460.642517363,0.85,alns_grid,0.85,R200_K20_tw0.85_cap0.85,,20,regret_k,200,fixed_budget,953842.2977100577,5,20,1024,,,0.85
0.85,81.15697539999383,0.029691321217180298,982163.1357619003,0.85,alns_grid,0.85,R200_K20_tw0.85_cap0.85,,20,standard_alns,200,fixed_budget,953842.2977100577,5,20,1024,,,0.85
0.85,99.63140460001887,0.07072024066376728,1021298.2545593937,0.85,alns_grid,0.85,R200_K20_tw0.85_cap0.85,,20,qaoa,200,fixed_budget,953842.2977100577,5,20,1024,,,0.85
0.85,99.45828930000425,0.03953256213545423,991550.127611705,0.85,alns_grid,0.85,R200_K20_tw0.85_cap0.85,,20,efficient_su2,200,fixed_budget,953842.2977100577,5,20,1024,,,0.85
0.85,86.65702709998004,0.0,953842.2977100577,0.85,alns_grid,0.85,R200_K20_tw0.85_cap0.85,,20,hybrid_alns,200,fixed_budget,953842.2977100577,5,20,1024,,,0.85
0.85,,,,0.85,alns_grid,0.85,R200_K20_tw0.85_cap0.85,inf,20,regret_k,200,time_to_target,,5,20,1024,0.01,inf,0.85
0.85,,,,0.85,alns_grid,0.85,R200_K20_tw0.85_cap0.85,inf,20,standard_alns,200,time_to_target,,5,20,1024,0.01,inf,0.85
0.85,,,,0.85,alns_grid,0.85,R200_K20_tw0.85_cap0.85,inf,20,qaoa,200,time_to_target,,5,20,1024,0.01,inf,0.85
0.85,,,,0.85,alns_grid,0.85,R200_K20_tw0.85_cap0.85,inf,20,efficient_su2,200,time_to_target,,5,20,1024,0.01,inf,0.85
0.85,,,,0.85,alns_grid,0.85,R200_K20_tw0.85_cap0.85,74,20,hybrid_alns,200,time_to_target,,5,20,1024,0.01,64.03299429998151,0.85
0.85,84.08259679999901,0.015768310532710057,998639.080896105,0.85,alns_grid,0.85,R200_K20_tw0.85_cap0.85,,20,regret_k,200,fixed_budget,983136.67648519,5,30,1024,,,0.85
0.85,82.20679509997717,0.036807336915950666,1019323.3193710084,0.85,alns_grid,0.85,R200_K20_tw0.85_cap0.85,,20,standard_alns,200,fixed_budget,983136.67648519,5,30,1024,,,0.85
0.85,99.52568400002201,0.03370481985799848,1016273.1210619147,0.85,alns_grid,0.85,R200_K20_tw0.85_cap0.85,,20,qaoa,200,fixed_budget,983136.67648519,5,30,1024,,,0.85
0.85,101.15765389997978,0.038719120226672434,1021202.8636612713,0.85,alns_grid,0.85,R200_K20_tw0.85_cap0.85,,20,efficient_su2,200,fixed_budget,983136.67648519,5,30,1024,,,0.85
0.85,88.40302329999395,0.0,983136.67648519,0.85,alns_grid,0.85,R200_K20_tw0.85_cap0.85,,20,hybrid_alns,200,fixed_budget,983136.67648519,5,30,1024,,,0.85
0.85,,,,0.85,alns_grid,0.85,R200_K20_tw0.85_cap0.85,inf,20,regret_k,200,time_to_target,,5,30,1024,0.01,inf,0.85
0.85,,,,0.85,alns_grid,0.85,R200_K20_tw0.85_cap0.85,inf,20,standard_alns,200,time_to_target,,5,30,1024,0.01,inf,0.85
0.85,,,,0.85,alns_grid,0.85,R200_K20_tw0.85_cap0.85,inf,20,qaoa,200,time_to_target,,5,30,1024,0.01,inf,0.85
0.85,,,,0.85,alns_grid,0.85,R200_K20_tw0.85_cap0.85,inf,20,efficient_su2,200,time_to_target,,5,30,1024,0.01,inf,0.85
0.85,,,,0.85,alns_grid,0.85,R200_K20_tw0.85_cap0.85,68,20,hybrid_alns,200,time_to_target,,5,30,1024,0.01,62.22250589999021,0.85
0.85,82.06215359998168,0.011382643780504844,1015246.5525895779,0.85,alns_grid,0.85,R200_K20_tw0.85_cap0.85,,20,regret_k,200,fixed_budget,1003820.4223029079,5,40,1024,,,0.85
0.85,80.937185399991,0.01948329947259213,1023378.1562073394,0.85,alns_grid,0.85,R200_K20_tw0.85_cap0.85,,20,standard_alns,200,fixed_budget,1003820.4223029079,5,40,1024,,,0.85
0.85,102.10333349998109,0.04786513990314506,1051868.4272540708,0.85,alns_grid,0.85,R200_K20_tw0.85_cap0.85,,20,qaoa,200,fixed_budget,1003820.4223029079,5,40,1024,,,0.85
0.85,100.3023516999965,0.022460978974524242,1026367.2117024516,0.85,alns_grid,0.85,R200_K20_tw0.85_cap0.85,,20,efficient_su2,200,fixed_budget,1003820.4223029079,5,40,1024,,,0.85
0.85,89.11547650001012,0.0,1003820.4223029079,0.85,alns_grid,0.85,R200_K20_tw0.85_cap0.85,,20,hybrid_alns,200,fixed_budget,1003820.4223029079,5,40,1024,,,0.85
0.85,,,,0.85,alns_grid,0.85,R200_K20_tw0.85_cap0.85,inf,20,regret_k,200,time_to_target,,5,40,1024,0.01,inf,0.85
0.85,,,,0.85,alns_grid,0.85,R200_K20_tw0.85_cap0.85,inf,20,standard_alns,200,time_to_target,,5,40,1024,0.01,inf,0.85
0.85,,,,0.85,alns_grid,0.85,R200_K20_tw0.85_cap0.85,inf,20,qaoa,200,time_to_target,,5,40,1024,0.01,inf,0.85
0.85,,,,0.85,alns_grid,0.85,R200_K20_tw0.85_cap0.85,inf,20,efficient_su2,200,time_to_target,,5,40,1024,0.01,inf,0.85
0.85,,,,0.85,alns_grid,0.85,R200_K20_tw0.85_cap0.85,91,20,hybrid_alns,200,time_to_target,,5,40,1024,0.01,81.64783970001736,0.85
0.85,82.906809099979,0.008174103234056719,1001225.1193749004,0.85,alns_grid,0.85,R200_K20_tw0.85_cap0.85,,20,regret_k,200,fixed_budget,993107.3573137168,5,50,1024,,,0.85
0.85,80.46306819998426,0.007277542723794114,1000334.7385358816,0.85,alns_grid,0.85,R200_K20_tw0.85_cap0.85,,20,standard_alns,200,fixed_budget,993107.3573137168,5,50,1024,,,0.85
0.85,101.47328250002465,0.03579331436557622,1028653.9611528133,0.85,alns_grid,0.85,R200_K20_tw0.85_cap0.85,,20,qaoa,200,fixed_budget,993107.3573137168,5,50,1024,,,0.85
0.85,102.335581500025,0.0,993107.3573137168,0.85,alns_grid,0.85,R200_K20_tw0.85_cap0.85,,20,efficient_su2,200,fixed_budget,993107.3573137168,5,50,1024,,,0.85
0.85,83.15485019999323,0.023615300036698195,1016559.8855253326,0.85,alns_grid,0.85,R200_K20_tw0.85_cap0.85,,20,hybrid_alns,200,fixed_budget,993107.3573137168,5,50,1024,,,0.85
0.85,,,,0.85,alns_grid,0.85,R200_K20_tw0.85_cap0.85,89,20,regret_k,200,time_to_target,,5,50,1024,0.01,74.90379929999472,0.85
0.85,,,,0.85,alns_grid,0.85,R200_K20_tw0.85_cap0.85,85,20,standard_alns,200,time_to_target,,5,50,1024,0.01,69.17274969999562,0.85
0.85,,,,0.85,alns_grid,0.85,R200_K20_tw0.85_cap0.85,inf,20,qaoa,200,time_to_target,,5,50,1024,0.01,inf,0.85
0.85,,,,0.85,alns_grid,0.85,R200_K20_tw0.85_cap0.85,90,20,efficient_su2,200,time_to_target,,5,50,1024,0.01,93.37867720000213,0.85
0.85,,,,0.85,alns_grid,0.85,R200_K20_tw0.85_cap0.85,inf,20,hybrid_alns,200,time_to_target,,5,50,1024,0.01,inf,0.85
